mall,type,shop_id,shop_name_en,shop_name_tc,shop_number,shop_floor,phone,opening_hours,loyalty_offer,voucher_acceptance,shop_category_id,shop_category_name,tag,update_date
Landmark,Shopping,rare-skinfuel,RARE SkinFuel,RARE SkinFuel,309,3F,28668689,10:30am-7:30pm DailyNo treatment Service,Accept Bespoke Dollar;Accept Point Registration,1,beauty_wellness,Beauty&Wellness,beauty_wellness_skin_personalcare;beauty_wellness_beauty_wellnessconc,2022-01-16
Landmark,Shopping,anya-hindmarch,Anya Hindmarch,Anya Hindmarch,214B,2F,,Mon-Sat: 10:30am-7:30pmSun & Public Holidays: 10:30am-7pm,Not accept Bespoke Dollar;Accept Point Registration,0,forher;home,ForHer;Home,forher_bags;forher_fashion;forher_gifts_accessories;home_decor_7c10e35;home_gifts;home_tech_accessories,2022-01-16
Landmark,Shopping,thom-browne,Thom Browne,Thom Browne,213,2F,25397008,Daily 10:30am-7:30pm,Accept Bespoke Dollar;Accept Point Registration,1,forhim;forher,ForHim;ForHer,forhim_fashion;forhim_bags;forhim_shoes;forhim_sneakers;forhim_casualwear;forhim_gifts_accessories;forhim_activewear;forher_activewear;forher_bags;forher_casualwear;forher_fashion;forher_gifts_accessories;forhim_suits;forher_shoes;forher_sneakers;forhim_streetwear;forher_streetwear;forher_tailoring;forhim_tailoring,2022-01-16
Landmark,Shopping,beauty-botanica,beauty botanica,beauty botanica,312-314,3F,,11am - 8pm Daily,Accept Bespoke Dollar;Accept Point Registration,1,forher;beauty_wellness;popup;forhim,ForHer;Beauty&Wellness;PopUp;ForHim,beauty_wellness_mensgrooming;forhim_mensgrooming;beauty_wellness_cosmetics;beauty_wellness_skin_personalcare;beauty_wellness_personalisation;forhim_gifts_accessories;beauty_wellness_beautygadgets;sustainabilty_skin_personalcare;beauty_wellness_exclusive;forher_gifts_accessories;beauty_wellness_fragrance,2022-01-16
Landmark,Shopping,buccellati,Buccellati,布契拉提,119,1F,25100805,Mon to Sat 11am-7pmSun & Public Holidays 11am-6pm,Accept Bespoke Dollar;Accept Point Registration,1,jewellery_watches;home,Jewellery&Watches;Home,jewellery_watches_finejewellery;home_decor_7c10e35,2022-01-16
Landmark,Shopping,belowground,BELOWGROUND,BELOWGROUND,B49-52,BF,,11am-8pm daily,Not accept Bespoke Dollar;Accept Point Registration,0,forher;forhim;jewellery_watches;home;travel_lifestyle;popup,ForHer;ForHim;Jewellery&Watches;Home;Travel&Lifestyle;PopUp,home_books_stationery;home_gifts;forher_activewear;home_exclusive;forhim_streetwear;popup_exclusive;forhim_fashion;forhim_casualwear;forher_eyewear;forher_fashion;forhim_eyewear;forhim_activewear;forher_exclusive;forher_casualwear;home_decor_7c10e35;home_audio_visual_569a443;forhim_shoes;forher_shoes;home_tech_accessories;travel_lifestyle_audio_visual;home_art_antiques;home_furniture;forher_streetwear;forhim_bags;forhim_gifts_accessories;jewellery_watches_watches;travel_lifestyle_tech_accessories;travel_lifestyle_gadgets;jewellery_watches_exclusive;forher_bags;forhim_exclusive;travel_lifestyle_exclusive;forher_gifts_accessories;forher_sneakers;forhim_sneakers,2022-01-16
Landmark,Shopping,charbonnel-et-walker-landmark-alexandra,Charbonnel et Walker,Charbonnel et Walker,104,1F,93036782,11am - 8pm daily,Accept Bespoke Dollar;Accept Point Registration,1,gourmet_groceries;popup,Gourmet&Groceries;PopUp,gourmet_groceries_chocolatiers;popup_aftersalesservice;popup_deliveryservices;popup_personalisation;popup_hampers;popup_exclusive;popup_sustainability;gourmet_groceries_aftersalesservice;gourmet_groceries_personalisation;gourmet_groceries_hampers;gourmet_groceries_exclusive;gourmet_groceries_delivery__copy_,2022-01-16
Landmark,Shopping,royal-caviar-club,Royal Caviar Club,Royal Caviar Club,216A,2F,94478565,10:30am - 7:30pm Daily,Not accept Bespoke Dollar;Accept Point Registration,0,gourmet_groceries,Gourmet&Groceries,gourmet_groceries_hampers,2022-01-16
Landmark,Shopping,crust-italian,Crust Italian,Crust Italian,350,3F,92183540,9am-7pm Daily,Not accept Bespoke Dollar;Not accept Point Registration,0,gourmet_groceries;popup,Gourmet&Groceries;PopUp,gourmet_groceries_patisseries;gourmet_groceries_sustainability__c;gourmet_groceries_gluten_free,2022-01-16
Landmark,Shopping,dior-homme-b66-67,Dior Men,Dior Men (改建中),B66-67,BF,800969886,Mon to Sat 10:30am-7:30pmSun & Public Holidays 11am-7pm,,0,forhim,ForHim,forhim_fashion;forhim_bags;forhim_shoes;forhim_eyewear;forhim_gifts_accessories;forhim_casualwear;forhim_sneakers;forhim_tailoring;forhim_viproom;forhim_landmarkmen;jewellery_watches_finejewellery;jewellery_watches_watches,2022-01-16
Landmark,Shopping,farrington-interiors,Farrington Interiors,富樂庭,216-218,2F,28080831,"Mon-Fri 10:30am-7pmSat, Sun & Public Holidays 11am-6:30pm",Accept Bespoke Dollar;Accept Point Registration,1,home,Home,home_decor_7c10e35;home_bed_bath;home_furniture,2022-01-16
Landmark,Shopping,frette,Frette,Frette,239,2F,25221231,10:30am-7:30pm daily,Accept Bespoke Dollar;Accept Point Registration,1,home,Home,home_hampers;home_gifts;home_exclusive;home_deliveryservices;home_personalisation;home_bed_bath;home_decor_7c10e35;home_viproom;home_aftersalesservice,2022-01-16
Landmark,Shopping,gucci-pb,GUCCI,GUCCI,G24-26,GF,23762466,10am-7:30pm daily,Not accept Bespoke Dollar;Accept Point Registration,0,forher;forhim;jewellery_watches,ForHer;ForHim;Jewellery&Watches,forher_eyewear;forhim_eyewear;forhim_suits;forher_streetwear;forhim_streetwear;forher_bags;forhim_bags;forher_fashion;forhim_fashion;forhim_shoes;forher_shoes;forher_casualwear;forhim_casualwear;forher_gifts_accessories;forhim_gifts_accessories;forhim_sneakers;forher_sneakers;forher_occasions;jewellery_watches_watches;jewellery_watches_finejewellery;jewellery_watches_timepieces;forhim_aftersalesservice;forher_aftersalesservice;forhim_deliveryservices;forher_deliveryservices;forher_personalisation;forhim_personalisation;forher_exclusive;forhim_exclusive;gourmet_groceries_delivery__copy_;forher_tailoring;forhim_tailoring,2022-01-16
Landmark,Shopping,gucci-pb-m,GUCCI,GUCCI,M9-11,MF,23762466,10am-7:30pm daily,Not accept Bespoke Dollar;Accept Point Registration,0,forher;forhim;jewellery_watches,ForHer;ForHim;Jewellery&Watches,forher_eyewear;forhim_eyewear;forhim_suits;forher_streetwear;forhim_streetwear;forher_bags;forhim_bags;forher_fashion;forhim_fashion;forhim_shoes;forher_shoes;forher_casualwear;forhim_casualwear;forher_gifts_accessories;forhim_gifts_accessories;forhim_sneakers;forher_sneakers;forher_occasions;jewellery_watches_watches;jewellery_watches_finejewellery;jewellery_watches_timepieces;forhim_aftersalesservice;forher_aftersalesservice;forhim_deliveryservices;forher_deliveryservices;forher_personalisation;forhim_personalisation;forher_exclusive;forhim_exclusive;gourmet_groceries_delivery__copy_;forher_tailoring;forhim_tailoring,2022-01-16
Landmark,Shopping,hsbc-express-banking-204-205,HSBC Express Banking,匯豐理財易中心,204-205,2F,22333000,Mon-Fri: 9am-4pmSat: 9am-12noonSun & Public Holidays: Closed,Not accept Bespoke Dollar;Not accept Point Registration,0,banking_services,Banking&Services,banking_services_banking,2022-01-16
Landmark,Shopping,barbour,Barbour,Barbour,B11-12,BF,34283830,11am-7:30pm daily,Not accept Bespoke Dollar;Accept Point Registration,0,forhim;forher;kids;travel_lifestyle;banking_services;popup,ForHim;ForHer;Kids;Travel&Lifestyle;Banking&Services;PopUp,forhim_activewear;forhim_casualwear;forhim_fashion;forhim_gifts_accessories;forhim_shoes;forher_bags;forher_casualwear;forher_fashion;forher_gifts_accessories;forher_shoes;kids_clothing_946fb86;travel_lifestyle_gadgets;banking_services_clothingcare;popup_sustainability,2022-01-16
Landmark,Shopping,jacadi-paris,Jacadi,Jacadi,302,3F,23918812,10am-7:30pm daily,Accept Bespoke Dollar;Accept Point Registration,1,kids,Kids,kids_clothing_946fb86,2022-01-16
Landmark,Shopping,jps-art-gallery,JPS Art Gallery,JPS Art Gallery,218-219,2F,26826216,Mon - Sat :11am - 7pmSun & PH : 11am - 5pm,Not accept Bespoke Dollar;Accept Point Registration,0,home,Home,home_art_antiques,2022-01-16
Landmark,Shopping,parfumerie-tresor-olfactory-gallery,Parfumerie Trésor - Olfactory Gallery,Parfumerie Trésor - 香氣藝廊,318,3F,65100922,Mon-Sat 11:00am-7:30pmSun & Public Holidays 12pm-7pm,Accept Bespoke Dollar;Accept Point Registration,1,forhim;beauty_wellness;forher,ForHim;Beauty&Wellness;ForHer,forher_gifts_accessories;forhim_gifts_accessories;beauty_wellness_fragrance;beauty_wellness_cosmetics;beauty_wellness_mensgrooming;beauty_wellness_skin_personalcare;forhim_deliveryservices;forher_deliveryservices;beauty_wellness_deliveryservices;forher_personalisation;forhim_personalisation;beauty_wellness_personalisation;forher_exclusive;forhim_exclusive;beauty_wellness_exclusive;beauty_wellness_beauty_wellnessconc,2022-01-16
Landmark,Shopping,l-atelier-martell,L’Atelier Martell,L’Atelier Martell,B10,BF,60148893,11am-9pm daily,Not accept Bespoke Dollar;Not accept Point Registration,1,forhim;forher;gourmet_groceries;popup,ForHim;ForHer;Gourmet&Groceries;PopUp,forhim_gifts_accessories;gourmet_groceries_wines_spirits;popup_personalisation;popup_hampers;popup_viproom;popup_exclusive,2022-01-16
Landmark,Shopping,l-objet,L’OBJET,L’OBJET,106,1F,66603106,10am-7:30pm daily,Not accept Bespoke Dollar;Not accept Point Registration,1,home,Home,home_art_antiques;home_books_stationery;home_furniture;popup_decor;home_gifts;home_bed_bath;home_kitchen_tableware,2022-01-16
Landmark,Shopping,le-couvent-maison-de-parfum,Le Couvent Maison de Parfum,Le Couvent Maison de Parfum,308,3F,98884182,11am-7pm daily,Accept Bespoke Dollar;Accept Point Registration,1,forhim;forher;beauty_wellness,ForHim;ForHer;Beauty&Wellness,forhim_gifts_accessories;forher_gifts_accessories;beauty_wellness_fragrance;beauty_wellness_mensgrooming;beauty_wellness_skin_personalcare,2022-01-16
Landmark,Shopping,inuf,I Never Use Foundation Breakfast Club,I Never Use Foundation Breakfast Club,306-307,3F,,Mon-Sat: 10am-8pmSun & Public Holidays: 10am-6:30pm,,1,beauty_wellness,Beauty&Wellness,home_gifts;kids_gifts_accessories;home_bed_bath;beauty_wellness_mensgrooming;forhim_mensgrooming;beauty_wellness_cosmetics;beauty_wellness_skin_personalcare;forhim_gifts_accessories;beauty_wellness_beautygadgets;sustainabilty_skin_personalcare;forher_gifts_accessories;beauty_wellness_gym_spa;beauty_wellness_fragrance,2022-01-16
Landmark,Shopping,louis-vuitton-115,Louis Vuitton,路易威登,115,1F,81001182,Mon-Sun 11am-8pm,Not accept Bespoke Dollar;Accept Point Registration,0,forher;forhim;jewellery_watches;home;travel_lifestyle,ForHer;ForHim;Jewellery&Watches;Home;Travel&Lifestyle,forher_activewear;forher_bags;forher_eyewear;forher_fashion;forher_gifts_accessories;forher_shoes;forhim_activewear;forhim_bags;forhim_eyewear;forhim_fashion;forhim_gifts_accessories;forhim_shoes;jewellery_watches_finejewellery;jewellery_watches_watches;home_books_stationery;home_furniture;home_kitchen_tableware;home_tech_accessories;travel_lifestyle_luggage;travel_lifestyle_tech_accessories;forhim_viproom;forher_viproom,2022-01-16
Landmark,Shopping,mo-fitness,Mandarin Oriental Fitness Centre,香港文華東方健身中心,,24F,28254888,6am – 10pm daily,Not accept Bespoke Dollar;Not accept Point Registration,0,beauty_wellness,Beauty&Wellness,beauty_wellness_gym_spa;beauty_wellness_sports,2022-01-16
Landmark,Shopping,moschino,MOSCHINO,MOSCHINO,201-202,2F,25254706,Mon to Sat : 10:30am-7:30pmSun & public holidays: 10:30am-7pm,Accept Bespoke Dollar;Accept Point Registration,1,forher;travel_lifestyle,ForHer;Travel&Lifestyle,forher_bags;forher_fashion;forher_gifts_accessories;forher_shoes;travel_lifestyle_gadgets;travel_lifestyle_tech_accessories,2022-01-16
Landmark,Shopping,ons-clothing,O.N.S.,O.N.S.,B6-B7,BF,21229730,Mon - Sat 10:30am-7:30pmSun & Public Holiday 11am - 7pm,Accept Bespoke Dollar;Accept Point Registration,1,forhim,ForHim,forhim_landmarkmen;forhim_sneakers;forhim_suits;forhim_bags;forhim_shoes;forhim_activewear;forhim_casualwear;forhim_fashion,2022-01-16
Landmark,Shopping,moynat-g12,MOYNAT,MOYNAT,G12,GF,25960555,Mon-Sat 10:30am-7:30pmSun & Public holidays 11am-7pm,Not accept Bespoke Dollar;Accept Point Registration,0,forher,ForHer,forher_bags;forher_fashion,2022-01-16
Landmark,Shopping,oookie-cookie,Oookie Cookie,Oookie Cookie,PB_adjacent_137-138,1F,92208112,10:30am-7:30pm Daily,Accept Bespoke Dollar;Accept Point Registration,1,gourmet_groceries,Gourmet&Groceries,gourmet_groceries_hampers;gourmet_groceries_delivery__copy__763df51;gourmet_groceries_confectionery;gourmet_groceries_exclusive;gourmet_groceries_personalisation;gourmet_groceries_aftersalesservice;gourmet_groceries_patisseries,2022-01-16
Landmark,Shopping,paidi-kidsworld,PAIDI KIDSWORLD,PAIDI KIDSWORLD,324,3F,25533288,10:30am-7pm Daily,Accept Bespoke Dollar;Accept Point Registration,1,kids;home,Kids;Home,home_landmarkhome_kids;home_furniture;kids_landmarkhome_kids;home_decor_7c10e35;kids_gifts_accessories,2022-01-16
Landmark,Shopping,christian-louboutin,Christian Louboutin,Christian Louboutin,137-138,1F,25492022,10am-7pm daily,Accept Bespoke Dollar;Accept Point Registration,1,forhim;forher,ForHim;ForHer,forhim_bags;forhim_deliveryservices;forhim_fashion;forhim_gifts_accessories;forhim_shoes;forhim_sneakers;forhim_streetwear;forher_bags;forher_deliveryservices;forher_fashion;forher_gifts_accessories;forher_occasions;forher_shoes;forher_sneakers;forher_streetwear,2022-01-16
Landmark,Shopping,sauvereign,SAUVEREIGN,SAUVEREIGN,203B,2F,25303391,Mon-Sat 11am-8pmSun & Public Holidays 11am-7pm,Accept Bespoke Dollar;Accept Point Registration,1,forher,ForHer,forher_shoes;forher_gifts_accessories;forher_fashion;forher_bags;forher_tailoring,2022-01-16
Landmark,Shopping,kapok,kapok,kapok,B4-B5,BF,21229730,Mon-Sat 10:30am-7:30pmSun & Public Holidays 11am-7pm,Accept Bespoke Dollar;Accept Point Registration,1,forhim;beauty_wellness;home;jewellery_watches,ForHim;Beauty&Wellness;Home;Jewellery&Watches,home_books_stationery;home_gifts;forhim_streetwear;beauty_wellness_mensgrooming;forhim_casualwear;forhim_mensgrooming;forhim_eyewear;beauty_wellness_skin_personalcare;forhim_shoes;home_tech_accessories;forhim_bags;forhim_gifts_accessories;jewellery_watches_watches;forhim_sneakers;beauty_wellness_fragrance,2022-01-16
Landmark,Shopping,paidi-babyworld,PAIDI BABYWORLD,PAIDI BABYWORLD,343,3F,25533208,10:30am-7pm,Accept Bespoke Dollar;Accept Point Registration,1,home;kids,Home;Kids,home_furniture;kids_gifts_accessories;kids_toys_23c7beb,2022-01-16
Landmark,Shopping,caviar-house-prunier,CAVIAR HOUSE & PRUNIER,CAVIAR HOUSE & PRUNIER,122,1F,,Mon-Sat: 10am-7pmSun: 11am - 6pm,Accept Bespoke Dollar;Accept Point Registration,1,gourmet_groceries,Gourmet&Groceries,gourmet_groceries_finefoods,2022-01-16
Landmark,Shopping,wristcheck,Wristcheck,Wristcheck,116A,1F,23181777,11am-8pm daily,Not accept Bespoke Dollar;Accept Point Registration,0,forhim;forher;jewellery_watches,ForHim;ForHer;Jewellery&Watches,forher_gifts_accessories;forhim_gifts_accessories;jewellery_watches_timepieces;forher_timepieces;forhim_timepieces;jewellery_watches_watches;forhim_watches;forher_watches;popup_personalisation;popup_aftersalesservice;popup_viproom;popup_exclusive,2022-01-16
Landmark,Shopping,yellowkorner-and-carre-d-artistes,YellowKorner & Carre d'Artistes,YellowKorner & Carre d'Artistes,245,2F,35202120,10am-7pm daily,Accept Bespoke Dollar;Accept Point Registration,1,home,Home,home_art_antiques;home_decor_7c10e35;home_gifts,2022-01-16
Landmark,Shopping,zns-jewellery,ZNS Jewellery,ZNS Jewellery,108,1F,25242833,Mon-Fri: 11am-7pmSat: 12noon-6pmSun & Public Holidays: Closed,Not accept Bespoke Dollar;Accept Point Registration,1,forher;forhim;jewellery_watches,ForHer;ForHim;Jewellery&Watches,forher_fashion;forher_gifts_accessories;forher_occasions,2022-01-16
Landmark,Shopping,a-lange-sohne,A. Lange & Söhne,朗格,G28-29,GF,24622538,Mon-Sat: 10am-7pmSun & Public Holidays: 11am-6pm,Accept Bespoke Dollar;Accept Point Registration,1,jewellery_watches,Jewellery&Watches,jewellery_watches_timepieces;jewellery_watches_watches,2022-01-16
Landmark,Shopping,airplay-blow-dry-bar,airplay blow dry bar,airplay 髮型化妝概念店,317,3F,23888179,Closed until further notice,Not accept Bespoke Dollar;Accept Point Registration,0,beauty_wellness,Beauty&Wellness,beauty_wellness_skin_personalcare;beauty_wellness_cosmetics;beauty_wellness_beauty_wellnessconc,2022-01-16
Landmark,Shopping,town-house-too,Town House Too,Town House Too,247,2F,28696377,Mon-Sat 10:00am-7:00pmSun & Public Holidays 11am-6pm,Accept Bespoke Dollar;Accept Point Registration,1,home;kids,Home;Kids,home_art_antiques;home_decor_7c10e35;home_gifts;home_kitchen_tableware;home_florists_adc4dcf;kids_gifts_accessories;home_deliveryservices;home_personalisation;home_exclusive,2022-01-16
Landmark,Shopping,alexander-mcqueen,Alexander McQueen,亞歷山大•麥昆,211-212,2F,27650220,10:30am-6:30pm daily,Accept Bespoke Dollar;Accept Point Registration,1,forher;forhim,ForHer;ForHim,forher_shoes;forher_bags;forher_fashion;forher_eyewear;forher_casualwear;forher_occasions;forher_gifts_accessories;forhim_bags;forhim_fashion;forhim_eyewear;forhim_gifts_accessories;forhim_shoes;forhim_casualwear,2022-01-16
Landmark,Shopping,altfield-gallery,Altfield Gallery,傲斐藝苑,249,2F,25376370,Mon-Sat 10am-7pmSun & Public Holidays 11am-5pm,Accept Bespoke Dollar;Accept Point Registration,1,home;jewellery_watches;forher;forhim,Home;Jewellery&Watches;ForHer;ForHim,home_decor_7c10e35;home_art_antiques;home_gifts;jewellery_watches_timepieces;jewellery_watches_watches;forher_gifts_accessories;forhim_gifts_accessories;home_landmarkhome_kids,2022-01-16
Landmark,Shopping,amos,AMO'S,意服,342,3F,21552823,Mon-Sat 9am-6:45pmSun & Public Holidays 12pm-5pm,Not accept Bespoke Dollar;Accept Point Registration,0,forhim,ForHim,forhim_shoes,2022-01-16
Landmark,Shopping,argento,Argento,銀兜,244,2F,28696233,Mon-Sat 11am-5pmSun & public holidays closed,Not accept Bespoke Dollar;Accept Point Registration,0,home,Home,home_art_antiques;home_decor_7c10e35;home_gifts;home_landmarkhome_kids,2022-01-16
Landmark,Shopping,armani-fiori-hk,ARMANI FIORI HK,ARMANI FIORI HK,110-111,1F,24917866,10am-7:30pm Daily,Accept Bespoke Dollar;Accept Point Registration,1,home,Home,home_florists_adc4dcf,2022-01-16
Landmark,Shopping,ascot-chang,Ascot Chang,詩閣,131-132,1F,25233663,Mon to Sat 9am-7pmSun 9am-5pmPublic Holidays 9am-7pm,Accept Bespoke Dollar;Accept Point Registration,1,forhim,ForHim,forhim_fashion;forhim_suits;forhim_tailoring,2022-01-16
Landmark,Shopping,av-life,AV Life,AV Life,303-304,3F,23463398,10am–7:30pm Daily,Accept Bespoke Dollar;Accept Point Registration,1,home;travel_lifestyle,Home;Travel&Lifestyle,home_audio_visual_569a443;travel_lifestyle_audio_visual;travel_lifestyle_gadgets;travel_lifestyle_tech_accessories,2022-01-16
Landmark,Shopping,baccarat,Baccarat,巴卡拉水晶,121,1F,25372303,Mon-Sat 10am-7:00pmSun & Public Holidays 11am-6pm,Accept Bespoke Dollar;Accept Point Registration,1,home;forher;forhim,Home;ForHer;ForHim,home_kitchen_tableware;forher_gifts_accessories;forhim_gifts_accessories;home_landmarkhome_kids,2022-01-16
Landmark,Shopping,balenciaga,BALENCIAGA,巴黎世家,209-210,2F,27988892,Mon-Sat: 10:30am-7:30pmSun & Public Holidays: 11am-7:30pm,Accept Bespoke Dollar;Accept Point Registration,1,forher;forhim,ForHer;ForHim,forher_fashion;forher_bags;forher_shoes;forher_sneakers;forher_casualwear;forher_gifts_accessories;forhim_fashion;forhim_bags;forhim_shoes;forhim_sneakers;forhim_casualwear;forhim_gifts_accessories,2022-01-16
Landmark,Shopping,balmain-paris,Balmain Paris,Balmain Paris,116,1F,23336059,Mon-Sun 10:30am-8pm,Accept Bespoke Dollar;Accept Point Registration,1,forher,ForHer,forher_fashion;forher_eyewear;jewellery_watches_watches,2022-01-16
Landmark,Shopping,bed-bath,Bed & Bath,Bed & Bath,206-209,2F,25225151,Mon-Sun & Public Holidays: 10:30am-7:30pm,Accept Bespoke Dollar;Accept Point Registration,1,home,Home,home_bed_bath;home_gifts;home_landmarkhome_kids,2022-01-16
Landmark,Shopping,bed-bath-shop238,Bed & Bath,Bed & Bath,238,2F,25225151,Mon-Sun & Public Holidays: 10:30am-7:30pm,Accept Bespoke Dollar;Accept Point Registration,1,home,Home,home_bed_bath;home_gifts;home_landmarkhome_kids,2022-01-16
Landmark,Shopping,berluti,Berluti,伯爾魯帝,G21-22,GF,23430855,Mon-Sat 11am-8pmSun & Public Holidays 11am-7pm,Accept Bespoke Dollar;Accept Point Registration,1,forhim,ForHim,forhim_fashion;forhim_bags;forhim_shoes;forhim_sneakers;forhim_tailoring;forhim_activewear;forhim_casualwear,2022-01-16
Landmark,Shopping,berluti-m,Berluti,伯爾魯帝,M7-8,MF,23430855,Mon-Sat 11am-8pmSun & Public Holidays 11am-7pm,Accept Bespoke Dollar;Accept Point Registration,1,forhim,ForHim,forhim_fashion;forhim_bags;forhim_shoes;forhim_sneakers;forhim_tailoring;forhim_activewear;forhim_casualwear,2022-01-16
Landmark,Shopping,beyorg-n8-organic-spa,BEYORG Nº8 Organic Spa,BEYORG Nº8 Organic Spa,301A,3F,27233812,Mon-Fri 11am-8pmSat-Sun & Public Holidays 10:30am-7:30pmNo treatment Service,Accept Bespoke Dollar;Accept Point Registration,1,beauty_wellness,Beauty&Wellness,beauty_wellness_cosmetics;beauty_wellness_fragrance;beauty_wellness_skin_personalcare;beauty_wellness_beautygadgets;beauty_wellness_beauty_wellnessconc,2022-01-16
Landmark,Shopping,boghossian,Boghossian,寶嘉詩仁,124-125,1F,28055805,Mon to Sat 10:30am-7pmPublic Holidays 11am-6pm Sun closed,Accept Bespoke Dollar;Accept Point Registration,1,jewellery_watches,Jewellery&Watches,jewellery_watches_highjewellery;jewellery_watches_finejewellery,2022-01-16
Landmark,Shopping,bonpoint,Bonpoint,Bonpoint,329-330,3F,25269969,Mon-Sat 10am-7:30pmSun 10:30am-6:30pmPublic Holiday 10am-7:30pm,Accept Bespoke Dollar;Accept Point Registration,1,kids,Kids,kids_clothing_946fb86;kids_gifts_accessories,2022-01-16
Landmark,Shopping,bookazine-landmark-princes,Bookazine (LANDMARK PRINCE'S),Bookazine (LANDMARK PRINCE'S),326-328,3F,25221785,Mon-Sat: 9am-8pmSun & Public Holidays: 10am-7pm,Accept Bespoke Dollar;Accept Point Registration,1,home;kids,Home;Kids,home_books_stationery;kids_books_stationery;kids_gifts_accessories;kids_toys_23c7beb;home_landmarkhome_kids;kids_landmarkhome_kids,2022-01-16
Landmark,Shopping,bottega-veneta,BOTTEGA VENETA,BOTTEGA VENETA,G6-7,GF,29730882,Mon-Sat 10am-7:30pmSun & Public Holidays 11am-7:30pm,Accept Bespoke Dollar;Accept Point Registration,1,forher;forhim;jewellery_watches;home;travel_lifestyle,ForHer;ForHim;Jewellery&Watches;Home;Travel&Lifestyle,forher_fashion;forher_bags;forher_shoes;forher_sneakers;forher_casualwear;forher_gifts_accessories;forher_activewear;forher_eyewear;forhim_fashion;forhim_bags;forhim_shoes;forhim_sneakers;forhim_casualwear;forhim_gifts_accessories;forhim_activewear;forhim_eyewear;jewellery_watches_finejewellery;jewellery_watches_watches;home_kitchen_tableware;home_gifts;travel_lifestyle_gadgets,2022-01-16
Landmark,Shopping,burberry,BURBERRY,BURBERRY,G1,GF,28683511,Mon-Sat 10:30am-8pmSun 11am-7pm,Accept Bespoke Dollar;Accept Point Registration,1,forher;forhim;jewellery_watches,ForHer;ForHim;Jewellery&Watches,forher_fashion;forher_bags;forher_shoes;forher_casualwear;forher_gifts_accessories;forhim_fashion;forhim_bags;forhim_shoes;forhim_casualwear;forhim_gifts_accessories;jewellery_watches_finejewellery;jewellery_watches_watches,2022-01-16
Landmark,Shopping,bvlgari,BVLGARI,BVLGARI,G3,GF,25238057,Mon – Sat - 11am-8pmSun & Public Holidays - 11am-7pm,Accept Bespoke Dollar;Accept Point Registration,1,jewellery_watches,Jewellery&Watches,jewellery_watches_highjewellery;jewellery_watches_watches;jewellery_watches_timepieces,2022-01-16
Landmark,Shopping,caelum-greene,Caelum Greene,Caelum Greene,304-305,3F,55302524,10:30am – 7:30pm daily,Accept Bespoke Dollar;Accept Point Registration,1,beauty_wellness;forher;forhim,Beauty&Wellness;ForHer;ForHim,beauty_wellness_gym_spa;beauty_wellness_sports;beauty_wellness_beauty_wellnessconc;forher_fashion;forher_activewear;forher_gifts_accessories;forhim_fashion;forhim_gifts_accessories;forhim_activewear,2022-01-16
Landmark,Shopping,careyou-beauty,Careyou Beauty,Careyou Beauty,311A,3F,28576966,Closed until further notice,Accept Bespoke Dollar;Accept Point Registration,1,beauty_wellness,Beauty&Wellness,beauty_wellness_skin_personalcare;beauty_wellness_cosmetics;beauty_wellness_beauty_wellnessconc,2022-01-16
Landmark,Shopping,cartier,Cartier,卡地亞,G9-15,GF,81055008,Mon-Sat 10am-7pmSun & Public Holidays 11am-6pm,Accept Bespoke Dollar;Accept Point Registration,1,forher;forhim;jewellery_watches;home,ForHer;ForHim;Jewellery&Watches;Home,jewellery_watches_highjewellery;jewellery_watches_finejewellery;jewellery_watches_timepieces;jewellery_watches_watches;forher_gifts_accessories;forher_eyewear;forher_bags;forhim_gifts_accessories;forhim_eyewear;forhim_bags;home_art_antiques;home_gifts;forher_viproom;forhim_viproom;jewellery_watches_viproom,2022-01-16
Landmark,Shopping,cartier-m,Cartier,卡地亞,M25-28,MF,81055008,Mon-Sat 10am-7pmSun & Public Holidays 11am-6pm,Accept Bespoke Dollar;Accept Point Registration,1,forher;forhim;jewellery_watches;home,ForHer;ForHim;Jewellery&Watches;Home,jewellery_watches_highjewellery;jewellery_watches_finejewellery;jewellery_watches_timepieces;jewellery_watches_watches;forher_gifts_accessories;forher_eyewear;forher_bags;forhim_gifts_accessories;forhim_eyewear;forhim_bags;home_art_antiques;home_gifts;forhim_viproom;forher_viproom;jewellery_watches_viproom,2022-01-16
Landmark,Shopping,casetify,CASETiFY,CASETiFY,B26-28,BF,,11:30am- 8pm daily,Not accept Bespoke Dollar;Accept Point Registration,0,travel_lifestyle;forher;forhim,Travel&Lifestyle;ForHer;ForHim,travel_lifestyle_tech_accessories;travel_lifestyle_gadgets;forher_gifts_accessories;forhim_gifts_accessories;forhim_landmarkmen,2022-01-16
Landmark,Shopping,celine,CELINE,CELINE,G3-5,GF,25251281,Mon-Sat & Public Holiday 10:30am-7:30pmSun 11am-7pm,Accept Bespoke Dollar;Accept Point Registration,0,forher;jewellery_watches,ForHer;Jewellery&Watches,forher_fashion;forher_bags;forher_shoes;forher_eyewear;forher_occasions;forher_gifts_accessories;jewellery_watches_finejewellery;jewellery_watches_watches,2022-01-16
Landmark,Shopping,celine-shopb18,CELINE (Men),思琳,B18,BF,29529372,Mon-Sat 10am-7:30pmSun & Public Holiday 11am-7pm,Accept Bespoke Dollar;Accept Point Registration,0,forhim,ForHim,forhim_fashion;forhim_bags;forhim_shoes;forhim_eyewear;forhim_gifts_accessories;forhim_landmarkmen,2022-01-16
Landmark,Shopping,chanel,CHANEL,CHANEL,G18-20,GF,28100978,Mon-Sat 11am-7pmSun & Public Holidays 11am-6pm,Not accept Bespoke Dollar;Accept Point Registration,0,forher;jewellery_watches;beauty_wellness,ForHer;Jewellery&Watches;Beauty&Wellness,forher_fashion;forher_bags;forher_shoes;forher_eyewear;forher_gifts_accessories;forher_viproom;jewellery_watches_highjewellery;jewellery_watches_finejewellery;jewellery_watches_timepieces;jewellery_watches_watches,2022-01-16
Landmark,Shopping,chanel-1f,CHANEL,CHANEL,101-102 & 126-130,1F,28100978,Mon-Sat 11am-7pmSun & Public Holidays 11am-6pm,Not accept Bespoke Dollar;Accept Point Registration,0,forher;jewellery_watches;beauty_wellness,ForHer;Jewellery&Watches;Beauty&Wellness,forher_fashion;forher_bags;forher_shoes;forher_eyewear;forher_gifts_accessories;forher_viproom;jewellery_watches_highjewellery;jewellery_watches_finejewellery;jewellery_watches_timepieces;jewellery_watches_watches,2022-01-16
Landmark,Shopping,chanel-beaute,CHANEL BEAUTÉ,CHANEL 香水及美容專門店,M30,MF,29736566,Mon-Sat 11am-8pmSun & Public Holidays 11am-7:30pm,Not accept Bespoke Dollar;Accept Point Registration,0,beauty_wellness;forher,Beauty&Wellness;ForHer,beauty_wellness_skin_personalcare;beauty_wellness_cosmetics;beauty_wellness_fragrance;forher_gifts_accessories,2022-01-16
Landmark,Shopping,chanel-fine-jewellery-boutique,CHANEL (Fine Jewellery Boutique),CHANEL (高級珠寶精品店),G18-20,GF,28694898,Mon-Sat 11am-7pmSun & Public Holidays 11am-6pm,Not accept Bespoke Dollar;Accept Point Registration,0,jewellery_watches;forher,Jewellery&Watches;ForHer,jewellery_watches_highjewellery;jewellery_watches_finejewellery;jewellery_watches_timepieces;jewellery_watches_watches;forher_gifts_accessories,2022-01-16
Landmark,Shopping,chanel-m,CHANEL,CHANEL,M3-6,MF,28100978,Mon-Sat 11am-7pmSun & Public Holidays 11am-6pm,Not accept Bespoke Dollar;Accept Point Registration,0,forher;jewellery_watches;beauty_wellness,ForHer;Jewellery&Watches;Beauty&Wellness,forher_fashion;forher_bags;forher_shoes;forher_eyewear;forher_gifts_accessories;forher_viproom;jewellery_watches_highjewellery;jewellery_watches_finejewellery;jewellery_watches_timepieces;jewellery_watches_watches,2022-01-16
Landmark,Shopping,chanel-salon-haute-joaillerie,CHANEL Salon Haute Joaillerie,CHANEL Salon Haute Joaillerie,M29-29A,MF,28109318,Mon-Sat 12pm-6pmSun & Public Holidays By Appointment Only,Not accept Bespoke Dollar;Accept Point Registration,0,jewellery_watches;forher;forhim,Jewellery&Watches;ForHer;ForHim,forher_gifts_accessories;forhim_gifts_accessories;jewellery_watches_highjewellery;jewellery_watches_finejewellery;jewellery_watches_timepieces;jewellery_watches_watches,2022-01-16
Landmark,Shopping,chopard,Chopard,蕭邦專賣店,G6&27,GF,29730611,Mon-Sat 11am-7pmSun & Public Holidays 11am-6pm,Accept Bespoke Dollar;Accept Point Registration,1,jewellery_watches;forher;forhim,Jewellery&Watches;ForHer;ForHim,jewellery_watches_highjewellery;jewellery_watches_finejewellery;jewellery_watches_timepieces;jewellery_watches_watches;forher_gifts_accessories;forher_eyewear;forhim_gifts_accessories;forhim_eyewear,2022-01-16
Landmark,Shopping,christofle,Christofle,昆庭銀器,117,1F,28697311,Mon-Sat 10am-7pmSun & Public Holidays 10:30am-7pm,Accept Bespoke Dollar;Accept Point Registration,1,home;forher;forhim;jewellery_watches,Home;ForHer;ForHim;Jewellery&Watches,home_art_antiques;home_bed_bath;home_decor_7c10e35;home_florists_adc4dcf;home_kitchen_tableware;home_gifts;jewellery_watches_timepieces;jewellery_watches_finejewellery;forher_gifts_accessories;forhim_gifts_accessories,2022-01-16
Landmark,Shopping,chrome-hearts,CHROME HEARTS,CHROME HEARTS,G31-33,GF,28106932,Mon-Sat 11am-7pmSun & Public Holiday 12noon-6pm,Accept Bespoke Dollar;Accept Point Registration,1,forher;forhim;jewellery_watches;home,ForHer;ForHim;Jewellery&Watches;Home,forher_fashion;forher_bags;forher_shoes;forher_eyewear;forher_gifts_accessories;forhim_fashion;forhim_bags;forhim_shoes;forhim_eyewear;forhim_gifts_accessories;jewellery_watches_finejewellery;jewellery_watches_timepieces;jewellery_watches_watches;home_gifts;home_books_stationery;home_kitchen_tableware;home_decor_7c10e35,2022-01-16
Landmark,Shopping,common-room,Common Room,Common Room,230,2F,23881565,Mon-Sat 10:30am-6:30pmSun & Public Holiday Closed,Accept Bespoke Dollar;Accept Point Registration,1,home,Home,home_art_antiques;home_decor_7c10e35;home_furniture;home_gifts,2022-01-16
Landmark,Shopping,corthay,Corthay,Corthay,B63,BF,25238877,Mon - Sat 11am-7pmSun & Public Holidays 12nn-6pm,Accept Bespoke Dollar;Accept Point Registration,1,forhim,ForHim,forhim_bags;forhim_shoes;forhim_gifts_accessories;forhim_tailoring;forhim_landmarkmen,2022-01-16
Landmark,Shopping,cova-pasticceriaconfetteria,COVA Pasticceria-Confetteria,COVA Pasticceria-Confetteria,134-135,1F,28698777,Mon-Fri: 7:30am-7:30pmSat: 9am-7:30pmSun & Public Holidays: 10:30am-7:30pm,Accept Bespoke Dollar;Accept Point Registration,1,gourmet_groceries,Gourmet&Groceries,gourmet_groceries_chocolatiers;gourmet_groceries_confectionery;gourmet_groceries_patisseries;gourmet_groceries_wines_spirits,2022-01-16
Landmark,Shopping,cy-tse-antiques-collectibles,C.Y. Tse Antiques & Collectibles,子揚行,229,2F,25256557,Mon-Sun 10am-6pmPublic Holidays Closed,Accept Bespoke Dollar;Accept Point Registration,1,home,Home,home_art_antiques,2022-01-16
Landmark,Shopping,damiani,Damiani,Damiani,118,1F,25981488,Mon - Sat 11am - 7pmSun & Public Holidays 11am - 6pm,Accept Bespoke Dollar;Accept Point Registration,1,jewellery_watches,Jewellery&Watches,jewellery_watches_highjewellery,2022-01-16
Landmark,Shopping,davidoff,D of Geneva since 1911,日內瓦·大衛杜夫,B25,BF,25255428,Mon-Sat 10am-8pmSun & Public Holidays 11am-6pm,Accept Bespoke Dollar;Accept Point Registration,1,forhim;forher;gourmet_groceries;home;travel_lifestyle,ForHim;ForHer;Gourmet&Groceries;Home;Travel&Lifestyle,forhim_gifts_accessories;forhim_landmarkmen;gourmet_groceries_wines_spirits;home_gifts;forhim_exclusive;forhim_deliveryservices;forhim_aftersalesservice,2022-01-16
Landmark,Shopping,de-beers-jewellers,De Beers Jewellers,De Beers Jewellers,G1-2,GF,21182321,Mon-Sat 11am-7:30pmSun & Public Holidays 11am-7pm,Accept Bespoke Dollar;Accept Point Registration,1,jewellery_watches,Jewellery&Watches,jewellery_watches_highjewellery,2022-01-16
Landmark,Shopping,delvaux,Delvaux,Delvaux,203A,2F,21579829,11am - 7:30pm daily,Accept Bespoke Dollar;Accept Point Registration,1,forher;forhim,ForHer;ForHim,forher_bags;forher_gifts_accessories;forhim_bags;forhim_gifts_accessories,2022-01-16
Landmark,Shopping,dickson-watch-jewellery,Dickson Watch & Jewellery,廸生鐘錶珠寶,12B & DVRC,GF,25214245,10am - 7pm daily,Not accept Bespoke Dollar;Accept Point Registration,0,jewellery_watches,Jewellery&Watches,jewellery_watches_highjewellery;jewellery_watches_finejewellery;jewellery_watches_timepieces;jewellery_watches_watches,2022-01-16
Landmark,Shopping,dior-couture,Dior (Couture) (Temporarily closed until further notice),迪奧 (改建中),G40-45,GF,800969886,Mon-Sat 11am-7pmSun & Public Holidays 11am-7pm,Not accept Bespoke Dollar;Accept Point Registration,0,forher,ForHer,forher_fashion;forher_bags;forher_shoes;forher_eyewear;forher_occasions;forher_activewear;forher_sneakers;forher_gifts_accessories;forher_viproom;jewellery_watches_finejewellery;jewellery_watches_watches,2022-01-16
Landmark,Shopping,dior-homme,Dior Men (Temporarily closed until further notice),Dior Men (改建中),B57-58,BF,800969886,Mon to Sat 11am-7pmSun & Public Holidays 11am-7pm,Not accept Bespoke Dollar;Accept Point Registration,0,forhim,ForHim,forhim_fashion;forhim_bags;forhim_shoes;forhim_eyewear;forhim_gifts_accessories;forhim_casualwear;forhim_sneakers;forhim_tailoring;forhim_viproom;forhim_landmarkmen;jewellery_watches_finejewellery;jewellery_watches_watches,2022-01-16
Landmark,Shopping,dolce-gabbana,DOLCE&GABBANA,杜嘉班納,G2,GF,28775558,Mon-Sat 11am-8pmSun & Public holidays 11am-7pm,Accept Bespoke Dollar;Accept Point Registration,1,forher;forhim;beauty_wellness,ForHer;ForHim;Beauty&Wellness,forher_fashion;forher_bags;forher_shoes;forher_gifts_accessories;forher_occasions;forhim_fashion;forhim_bags;forhim_shoes;forhim_gifts_accessories;beauty_wellness_fragrance,2022-01-16
Landmark,Shopping,dolce-gabbana-1f,DOLCE&GABBANA,杜嘉班納,101B,1F,28775558,Mon-Sat 11am - 8pmSun & Public holidays 11am - 7pm,Accept Bespoke Dollar;Accept Point Registration,1,forher;forhim;beauty_wellness,ForHer;ForHim;Beauty&Wellness,forher_fashion;forher_bags;forher_shoes;forher_gifts_accessories;forher_occasions;forhim_fashion;forhim_bags;forhim_shoes;forhim_gifts_accessories;beauty_wellness_fragrance,2022-01-16
Landmark,Shopping,dries-van-noten,Dries Van Noten,Dries Van Noten,215,2F,28454606,10:30am-7:30pm daily,Accept Bespoke Dollar;Accept Point Registration,1,forher;beauty_wellness,ForHer;Beauty&Wellness,forher_fashion;forher_bags;forher_shoes;forher_occasions;beauty_wellness_fragrance,2022-01-16
Landmark,Shopping,drivepro,Drivepro,Drivepro,B3,BF,27088848,10am-7:30pm daily,Accept Bespoke Dollar;Accept Point Registration,1,home;forhim;travel_lifestyle,Home;ForHim;Travel&Lifestyle,travel_lifestyle_audio_visual;home_tech_accessories;forhim_gifts_accessories;travel_lifestyle_gadgets;travel_lifestyle_tech_accessories,2022-01-16
Landmark,Shopping,ea7,EA7,EA7,112-113,1F,23227707,Mon-Sat 10:30am-7:30pmSun & Public Holidays 11am-7:30pm,Accept Bespoke Dollar;Accept Point Registration,1,forher;forhim,ForHer;ForHim,forher_fashion;forhim_fashion,2022-01-16
Landmark,Shopping,eightyeight,Eightyeight,Eightyeight,309A,3F,36195350,Closed until further notice,Accept Bespoke Dollar;Accept Point Registration,1,beauty_wellness,Beauty&Wellness,beauty_wellness_gym_spa;beauty_wellness_skin_personalcare;beauty_wellness_beauty_wellnessconc,2022-01-16
Landmark,Shopping,ellermann-flower-boutique,Ellermann Flower Boutique,Ellermann Flower Boutique,109,1F,26180910,Mon - Sat 10am-7pmSun & Public Holidays 10am-6pm,Accept Bespoke Dollar;Accept Point Registration,1,home,Home,home_florists_adc4dcf,2022-01-16
Landmark,Shopping,emporio-armani,EMPORIO ARMANI,EMPORIO ARMANI,101-102,1F,24110177,Mon-Sat 10:30am-7:30pmSun & Public holidays 11am-7:30pm,Accept Bespoke Dollar;Accept Point Registration,1,forher;jewellery_watches;beauty_wellness,ForHer;Jewellery&Watches;Beauty&Wellness,forher_fashion;forher_bags;forher_shoes;forher_eyewear;forher_occasions;forher_gifts_accessories;jewellery_watches_finejewellery;jewellery_watches_watches;beauty_wellness_fragrance,2022-01-16
Landmark,Shopping,emporio-armani-shop105,EMPORIO ARMANI (Men),EMPORIO ARMANI (Men),105,1F,25927233,Mon-Sat 10:30am-7:30pmSun & Public holidays 11am-7:30pm,Accept Bespoke Dollar;Accept Point Registration,1,forhim;beauty_wellness,ForHim;Beauty&Wellness,forhim_fashion;forhim_bags;forhim_shoes;forhim_eyewear;forhim_gifts_accessories;jewellery_watches_finejewellery;jewellery_watches_watches;beauty_wellness_fragrance,2022-01-16
Landmark,Shopping,fendi,FENDI,FENDI,G17-18,GF,25241339,10:30am-7:30pm daily,Accept Bespoke Dollar;Accept Point Registration,0,forher;forhim;jewellery_watches,ForHer;ForHim;Jewellery&Watches,forher_fashion;forher_bags;forher_shoes;forher_eyewear;forher_occasions;forher_activewear;forher_gifts_accessories;forher_viproom;forhim_fashion;forhim_bags;forhim_shoes;forhim_eyewear;forhim_gifts_accessories;jewellery_watches_finejewellery;jewellery_watches_watches,2022-01-16
Landmark,Shopping,fendi-1f,FENDI,FENDI,112-113A,1F,25241339,10:30am-7:30pm daily,Accept Bespoke Dollar;Accept Point Registration,1,forher;forhim;jewellery_watches,ForHer;ForHim;Jewellery&Watches,forher_fashion;forher_bags;forher_shoes;forher_eyewear;forher_occasions;forher_activewear;forher_gifts_accessories;forher_viproom;forhim_fashion;forhim_bags;forhim_shoes;forhim_eyewear;forhim_gifts_accessories;jewellery_watches_finejewellery;jewellery_watches_watches,2022-01-16
Landmark,Shopping,fendi-men,FENDI MEN,FENDI MEN,B23-24,BF,25241339,10:30am-7:30pm daily,Accept Bespoke Dollar;Accept Point Registration,0,forhim,ForHim,forhim_fashion;forhim_bags;forhim_shoes;forhim_eyewear;forhim_casualwear;forhim_sneakers;forhim_gifts_accessories;forhim_landmarkmen,2022-01-16
Landmark,Shopping,fitness-first-platinum,Fitness First Platinum,Fitness First Platinum,,37F,25252900,Closed until further notice,Not accept Bespoke Dollar;Not accept Point Registration,0,beauty_wellness,Beauty&Wellness,beauty_wellness_gym_spa;beauty_wellness_sports,2022-01-16
Landmark,Shopping,fotomax,FOTOMAX,快圖美,308,3F,25267857,Mon – Sat: 9am-7pmSun & Public Holidays: 10am-6pm,Accept Bespoke Dollar;Accept Point Registration,1,home;banking_services,Home;Banking&Services,home_books_stationery;home_tech_accessories;banking_services_printing_photoserv,2022-01-16
Landmark,Shopping,fp-journe,F.P. Journe,F.P. 尊納,G35,GF,25221868,Mon - Sat 10am-7pmSun & Public Holiday Closed,Accept Bespoke Dollar;Accept Point Registration,1,jewellery_watches,Jewellery&Watches,jewellery_watches_timepieces;jewellery_watches_watches,2022-01-16
Landmark,Shopping,giorgio-armani,GIORGIO ARMANI,喬治阿瑪尼,G1-2,GF,28050068,Mon - Sat 10:30am-7:30pmSun & Public Holidays 11am-7:30pm,Accept Bespoke Dollar;Accept Point Registration,1,forher;forhim;beauty_wellness,ForHer;ForHim;Beauty&Wellness,forher_fashion;forher_bags;forher_shoes;forher_gifts_accessories;forher_occasions;forhim_fashion;forhim_bags;forhim_shoes;forhim_suits;forhim_tailoring;forhim_gifts_accessories;beauty_wellness_fragrance,2022-01-16
Landmark,Shopping,giorgio-armani-1f,GIORGIO ARMANI,喬治阿瑪尼,103-104,1F,28050068,Mon - Sat 10:30am-7:30pmSun & Public Holidays 11am-7:30pm,Accept Bespoke Dollar;Accept Point Registration,1,forher;forhim;beauty_wellness,ForHer;ForHim;Beauty&Wellness,forher_fashion;forher_bags;forher_shoes;forher_gifts_accessories;forher_occasions;forhim_fashion;forhim_bags;forhim_shoes;forhim_suits;forhim_tailoring;forhim_gifts_accessories;beauty_wellness_fragrance,2022-01-16
Landmark,Shopping,armani-beauty,ARMANI BEAUTY,ARMANI BEAUTY,109,1F,23857838,Mon-Sun & Public holidays 11am-8pm,Accept Bespoke Dollar;Accept Point Registration,1,beauty_wellness,Beauty&Wellness,beauty_wellness_cosmetics;beauty_wellness_skin_personalcare;beauty_wellness_fragrance,2022-01-16
Landmark,Shopping,gucci,Gucci (Temporarily closed for renovation),古馳 (改建中),G23-30,GF,25244492,10am-7:30pm daily,Not accept Bespoke Dollar;Accept Point Registration,0,forher;forhim;beauty_wellness,ForHer;ForHim;Beauty&Wellness,forher_fashion;forher_bags;forher_shoes;forher_eyewear;forher_gifts_accessories;forher_occasions;forher_casualwear;forher_viproom;forhim_fashion;forhim_bags;forhim_shoes;forhim_casualwear;forhim_suits;forhim_tailoring;forhim_eyewear;forhim_gifts_accessories;forhim_viproom;beauty_wellness_fragrance,2022-01-16
Landmark,Shopping,gucci-b,Gucci (Temporarily closed for renovation),古馳 (改建中),B35-39,BF,25244492,10am-7:30pm daily,Not accept Bespoke Dollar;Accept Point Registration,0,forher;forhim;beauty_wellness,ForHer;ForHim;Beauty&Wellness,forher_fashion;forher_bags;forher_shoes;forher_eyewear;forher_gifts_accessories;forher_occasions;forher_casualwear;forher_viproom;forhim_fashion;forhim_bags;forhim_shoes;forhim_casualwear;forhim_suits;forhim_tailoring;forhim_eyewear;forhim_gifts_accessories;forhim_viproom;beauty_wellness_fragrance,2022-01-16
Landmark,Shopping,gucci-men,Gucci Men,Gucci Men,B22A,BF,22469331,10am-7:30pm daily,Not accept Bespoke Dollar;Accept Point Registration,0,forhim;jewellery_watches,ForHim;Jewellery&Watches,forhim_fashion;forhim_bags;forhim_shoes;forhim_casualwear;forhim_activewear;forhim_eyewear;forhim_sneakers;forhim_gifts_accessories;jewellery_watches_finejewellery;jewellery_watches_watches,2022-01-16
Landmark,Shopping,harvey-nichols,Harvey Nichols,夏菲尼高,G48,GF,36953388,Mon-Sat 11am-8pmSun & Public Holidays 11am-7:30pm,Accept Bespoke Dollar;Accept Point Registration,1,forher;forhim;beauty_wellness,ForHer;ForHim;Beauty&Wellness,forher_fashion;forher_bags;forher_shoes;forher_eyewear;forher_gifts_accessories;forher_occasions;forher_casualwear;forher_viproom;forhim_fashion;forhim_bags;forhim_shoes;forhim_casualwear;forhim_suits;forhim_eyewear;forhim_gifts_accessories;forhim_viproom;beauty_wellness_cosmetics;beauty_wellness_fragrance;beauty_wellness_skin_personalcare,2022-01-16
Landmark,Shopping,harvey-nichols-1f,Harvey Nichols,夏菲尼高,127-135,1F,36953388,Mon-Sat 11am-8pmSun & Public Holidays 11am-7:30pm,Accept Bespoke Dollar;Accept Point Registration,1,forher;forhim;beauty_wellness,ForHer;ForHim;Beauty&Wellness,forher_fashion;forher_bags;forher_shoes;forher_eyewear;forher_gifts_accessories;forher_occasions;forher_casualwear;forher_viproom;forhim_fashion;forhim_bags;forhim_shoes;forhim_casualwear;forhim_suits;forhim_eyewear;forhim_gifts_accessories;forhim_viproom;beauty_wellness_cosmetics;beauty_wellness_fragrance;beauty_wellness_skin_personalcare,2022-01-16
Landmark,Shopping,harvey-nichols-2f,Harvey Nichols,夏菲尼高,222-230,2F,36953388,Mon-Sat 11am-8pmSun & Public Holidays 11am-7:30pm,Accept Bespoke Dollar;Accept Point Registration,1,forher;forhim;beauty_wellness,ForHer;ForHim;Beauty&Wellness,forher_fashion;forher_bags;forher_shoes;forher_eyewear;forher_gifts_accessories;forher_occasions;forher_casualwear;forher_viproom;forhim_fashion;forhim_bags;forhim_shoes;forhim_casualwear;forhim_suits;forhim_eyewear;forhim_gifts_accessories;forhim_viproom;beauty_wellness_cosmetics;beauty_wellness_fragrance;beauty_wellness_skin_personalcare,2022-01-16
Landmark,Shopping,harvey-nichols-3f,Harvey Nichols,夏菲尼高,319-320&323-326,3F,36953388,Mon-Sat 11am-8pmSun & Public Holidays 11am-7:30pm,Accept Bespoke Dollar;Accept Point Registration,1,forher;forhim;beauty_wellness,ForHer;ForHim;Beauty&Wellness,forher_fashion;forher_bags;forher_shoes;forher_eyewear;forher_gifts_accessories;forher_occasions;forher_casualwear;forher_viproom;forhim_fashion;forhim_bags;forhim_shoes;forhim_casualwear;forhim_suits;forhim_eyewear;forhim_gifts_accessories;forhim_viproom;beauty_wellness_cosmetics;beauty_wellness_fragrance;beauty_wellness_skin_personalcare,2022-01-16
Landmark,Shopping,harvey-nichols-4f,Harvey Nichols,夏菲尼高,402-410,4F,36953388,Mon-Sat 11am-8pmSun & Public Holidays 11am-7:30pm,Accept Bespoke Dollar;Accept Point Registration,1,forher;forhim;beauty_wellness,ForHer;ForHim;Beauty&Wellness,forher_fashion;forher_bags;forher_shoes;forher_eyewear;forher_gifts_accessories;forher_occasions;forher_casualwear;forher_viproom;forhim_fashion;forhim_bags;forhim_shoes;forhim_casualwear;forhim_suits;forhim_eyewear;forhim_gifts_accessories;forhim_viproom;beauty_wellness_cosmetics;beauty_wellness_fragrance;beauty_wellness_skin_personalcare,2022-01-16
Landmark,Shopping,hbx,HBX,HBX,B29,BF,,11am-8pm daily,Not accept Bespoke Dollar;Accept Point Registration,0,forhim,ForHim,forhim_fashion;forhim_casualwear;forhim_activewear;forhim_shoes;forhim_sneakers;forhim_streetwear;forhim_landmarkmen,2022-01-16
Landmark,Shopping,hermes,Hermès,Hermès,G4-5,GF,29195000,Mon - Sat 11am-7:30pmSun & Public Holiday: 11:30am-6:30pm,Not accept Bespoke Dollar;Accept Point Registration,0,forher;forhim;jewellery_watches;home;beauty_wellness;travel_lifestyle,ForHer;ForHim;Jewellery&Watches;Home;Beauty&Wellness;Travel&Lifestyle,forher_fashion;forher_bags;forher_shoes;forher_eyewear;forher_gifts_accessories;forher_occasions;forher_casualwear;forher_tailoring;forhim_fashion;forhim_bags;forhim_shoes;forhim_casualwear;forhim_suits;forhim_tailoring;forhim_eyewear;forhim_gifts_accessories;jewellery_watches_finejewellery;jewellery_watches_watches;beauty_wellness_fragrance;beauty_wellness_skin_personalcare;home_books_stationery;home_decor_7c10e35;home_gifts;travel_lifestyle_gadgets;travel_lifestyle_sports,2022-01-16
Landmark,Shopping,hermes-1f,Hermès,Hermès,115-116,1F,29195000,Mon - Sat 11am-7:30pmSun & Public Holiday 11:30am-6:30pm,Not accept Bespoke Dollar;Accept Point Registration,0,forher;forhim;jewellery_watches;home;beauty_wellness;travel_lifestyle,ForHer;ForHim;Jewellery&Watches;Home;Beauty&Wellness;Travel&Lifestyle,forher_fashion;forher_bags;forher_shoes;forher_eyewear;forher_gifts_accessories;forher_occasions;forher_casualwear;forher_tailoring;forhim_fashion;forhim_bags;forhim_shoes;forhim_casualwear;forhim_suits;forhim_tailoring;forhim_eyewear;forhim_gifts_accessories;jewellery_watches_finejewellery;jewellery_watches_watches;beauty_wellness_fragrance;beauty_wellness_skin_personalcare;home_books_stationery;home_decor_7c10e35;home_gifts;travel_lifestyle_gadgets;travel_lifestyle_sports,2022-01-16
Landmark,Shopping,hermes-m,Hermès,Hermès,M17-19,MF,29195000,Mon - Sat 11am-7:30pmSun & Public Holiday 11:30am-6:30pm,Not accept Bespoke Dollar;Accept Point Registration,0,forher;forhim;jewellery_watches;home;beauty_wellness;travel_lifestyle,ForHer;ForHim;Jewellery&Watches;Home;Beauty&Wellness;Travel&Lifestyle,forher_fashion;forher_bags;forher_shoes;forher_eyewear;forher_gifts_accessories;forher_occasions;forher_casualwear;forher_tailoring;forhim_fashion;forhim_bags;forhim_shoes;forhim_casualwear;forhim_suits;forhim_tailoring;forhim_eyewear;forhim_gifts_accessories;jewellery_watches_finejewellery;jewellery_watches_watches;beauty_wellness_fragrance;beauty_wellness_skin_personalcare;home_books_stationery;home_decor_7c10e35;home_gifts;travel_lifestyle_gadgets;travel_lifestyle_sports,2022-01-16
Landmark,Shopping,hsbc,HSBC,匯豐銀行,101-102,1F,22333000,Mon-Fri: 9am-4pmSat: 9am-12noonSun & Public Holidays: Closed,Not accept Bespoke Dollar;Not accept Point Registration,0,banking_services,Banking&Services,banking_services_banking,2022-01-16
Landmark,Shopping,hsbc-express-banking,HSBC Express Banking,匯豐理財易中心,201-202,2F,22333000,Mon-Fri: 9am-4pmSat: 9am-12noonSun & Public Holidays: Closed,Not accept Bespoke Dollar;Not accept Point Registration,0,banking_services,Banking&Services,banking_services_banking,2022-01-16
Landmark,Shopping,ideal-tailor,IDEAL TAILOR,國華洋服,320,3F,25224861,Mon-Sat: 9am-7pmSun: ClosedPublic Holidays: 12pm-5pm,Accept Bespoke Dollar;Accept Point Registration,1,forhim,ForHim,forhim_fashion;forhim_suits;forhim_tailoring,2022-01-16
Landmark,Shopping,ii-alchemy-hair-nail,ii ALCHEMY HAIR & NAIL,ii ALCHEMY HAIR & NAIL,LG1-3,LGF,31060128,Mon - Fri 8:30am-9pmSat 8:30am-10:30pmPublic Holidays 9am-8pmSun Closed,Accept Bespoke Dollar;Accept Point Registration,1,beauty_wellness,Beauty&Wellness,beauty_wellness_skin_personalcare,2022-01-16
Landmark,Shopping,ii-hair-nail,ii HAIR & NAIL,ii HAIR & NAIL,113-114,1F,21555151,Mon-Sat 9am-8pmSun & Public Holidays 10am-7pmNo nail treatment service,Accept Bespoke Dollar;Accept Point Registration,1,beauty_wellness,Beauty&Wellness,beauty_wellness_skin_personalcare,2022-01-16
Landmark,Shopping,indigo-living,Indigo Living,Indigo Living,221-224,2F,28015512,"Mon-Fri 10am-7pmSat, Sun & Public Holidays 10am-7pm",Accept Bespoke Dollar;Accept Point Registration,1,home,Home,home_decor_7c10e35;home_furniture,2022-01-16
Landmark,Shopping,jaegerlecoultre,Jaeger-LeCoultre,積家,G23,GF,28992284,Mon - Sat 11am–7pmSun & Public Holidays 11am–6pm,Accept Bespoke Dollar;Accept Point Registration,1,forher;forhim;jewellery_watches,ForHer;ForHim;Jewellery&Watches,forher_gifts_accessories;forhim_gifts_accessories;jewellery_watches_timepieces;jewellery_watches_watches,2022-01-16
Landmark,Shopping,jimmy-choo,Jimmy Choo,Jimmy Choo,G8,GF,25256068,Mon-Sat 10:30am-7:30pmSun & Public Holidays 11am-7pm,Accept Bespoke Dollar;Accept Point Registration,1,forher;beauty_wellness,ForHer;Beauty&Wellness,forher_bags;forher_eyewear;forher_fashion;forher_gifts_accessories;forher_occasions;forher_shoes;beauty_wellness_fragrance,2022-01-16
Landmark,Shopping,jlindeberg,J.Lindeberg,J.Lindeberg,B8,BF,28016428,10:30am-7:30pm daily,Accept Bespoke Dollar;Accept Point Registration,1,forher;forhim,ForHer;ForHim,forher_activewear;forher_fashion;forhim_activewear;forhim_bags;forhim_casualwear;forhim_fashion,2022-01-16
Landmark,Shopping,john-lobb,John Lobb,John Lobb,G3A,GF,25372229,Mon - Sat 11am-7:30pmSun & Public Holiday 11:30am-6:30pm,Not accept Bespoke Dollar;Accept Point Registration,0,forher;forhim,ForHer;ForHim,forher_gifts_accessories;forher_shoes;forher_tailoring;forhim_gifts_accessories;forhim_shoes;forhim_tailoring,2022-01-16
Landmark,Shopping,kent-curwen,Kent & Curwen,肯迪文,B62,BF,25218141,11am-8pm daily,Accept Bespoke Dollar;Accept Point Registration,1,forhim,ForHim,forhim_activewear;forhim_bags;forhim_fashion;forhim_gifts_accessories;forhim_shoes;forhim_suits,2022-01-16
Landmark,Shopping,kenzo,KENZO,KENZO,B17,BF,25300160,10:30am-7:30pm daily,Accept Bespoke Dollar;Accept Point Registration,1,forhim;beauty_wellness,ForHim;Beauty&Wellness,forhim_bags;forhim_fashion;forhim_gifts_accessories;forhim_shoes;beauty_wellness_fragrance,2022-01-16
Landmark,Shopping,kikki-k,kikki.K,kikki.K,220,2F,21160870,"Mon-Fri: 10am-7:30pmSat, Sun & Public Holidays: 10am-6:30pm",Accept Bespoke Dollar;Accept Point Registration,1,home;travel_lifestyle,Home;Travel&Lifestyle,home_books_stationery;travel_lifestyle_tech_accessories,2022-01-16
Landmark,Shopping,kimrobinson,kimrobinson,kimrobinson,106-107,1F,21218484,Mon-Sat 10am-7pmSun & Public Holidays closed,Accept Bespoke Dollar;Accept Point Registration,1,beauty_wellness;forher,Beauty&Wellness;ForHer,forher_occasions;beauty_wellness_cosmetics;beauty_wellness_mensgrooming;beauty_wellness_skin_personalcare,2022-01-16
Landmark,Shopping,kow-hoo-shoe-co,Kow Hoo Shoe Co.,高和皮鞋公司,341,3F,25230489,Mon- Sat : 10am-7pmSun: ClosedPublic Holidays: 1pm-7pm,Accept Bespoke Dollar;Accept Point Registration,1,forhim,ForHim,forhim_fashion;forhim_shoes;forhim_tailoring,2022-01-16
Landmark,Shopping,la-maison-du-chocolat,LA MAISON DU CHOCOLAT,LA MAISON DU CHOCOLAT,114,1F,28014122,Mon - Sat: 11am - 7pmSun & Public Holidays: 11am - 6pm,Accept Bespoke Dollar;Accept Point Registration,1,gourmet_groceries,Gourmet&Groceries,gourmet_groceries_chocolatiers;gourmet_groceries_delivery__copy__763df51,2022-01-16
Landmark,Shopping,lane-joaillier-fine-jewellery,Lane Joaillier Fine Jewellery,名家珠寶,106,1F,28698819,Mon-Sat 10:30am-7pmSun closedPublic Holidays 11am-5pm,Accept Bespoke Dollar;Accept Point Registration,1,jewellery_watches,Jewellery&Watches,jewellery_watches_highjewellery;jewellery_watches_finejewellery,2022-01-16
Landmark,Shopping,lenscrafters,LENSCRAFTERS,LensCrafters 亮視點,133,1F,25238385,10am-7:30pm daily,Accept Bespoke Dollar;Accept Point Registration,1,forher;forhim,ForHer;ForHim,forher_eyewear;forhim_eyewear,2022-01-16
Landmark,Shopping,leonard-paris,Leonard Paris,莉安納,107,1F,25217733,Mon-Sat 10:30am-7pmSun & Public Holidays 12pm-6pm,Accept Bespoke Dollar;Accept Point Registration,1,forher,ForHer,forher_fashion;forher_bags;forher_gifts_accessories;forher_occasions,2022-01-16
Landmark,Shopping,loewe,LOEWE,羅意威,G14-16,GF,25220996,Mon - Sat 10am-8pmSun 11am-7pm,Accept Bespoke Dollar;Accept Point Registration,1,forher;forhim;home;beauty_wellness,ForHer;ForHim;Home;Beauty&Wellness,forher_bags;forher_eyewear;forher_fashion;forher_gifts_accessories;forher_shoes;forhim_bags;forhim_eyewear;forhim_fashion;forhim_gifts_accessories;forhim_shoes;home_tech_accessories;beauty_wellness_fragrance,2022-01-16
Landmark,Shopping,loro-piana,Loro Piana,諾悠翩雅,103-104,1F,28689623,10:30am-7:30pm daily,Accept Bespoke Dollar;Accept Point Registration,1,forher;forhim;travel_lifestyle,ForHer;ForHim;Travel&Lifestyle,forher_activewear;forher_bags;forher_casualwear;forher_eyewear;forher_fashion;forher_gifts_accessories;forher_occasions;forher_shoes;forher_sneakers;forhim_activewear;forhim_bags;forhim_casualwear;forhim_eyewear;forhim_fashion;forhim_gifts_accessories;forhim_shoes;forhim_sneakers,2022-01-16
Landmark,Shopping,louis-vuitton,Louis Vuitton,路易威登,7-17PS,GF,81001182,Mon-Sun 11am-8pm,Not accept Bespoke Dollar;Accept Point Registration,0,forher;forhim;jewellery_watches;home;travel_lifestyle,ForHer;ForHim;Jewellery&Watches;Home;Travel&Lifestyle,forher_activewear;forher_bags;forher_eyewear;forher_fashion;forher_gifts_accessories;forher_shoes;forhim_activewear;forhim_bags;forhim_eyewear;forhim_fashion;forhim_gifts_accessories;forhim_shoes;jewellery_watches_finejewellery;jewellery_watches_watches;home_books_stationery;home_furniture;home_kitchen_tableware;home_tech_accessories;travel_lifestyle_luggage;travel_lifestyle_tech_accessories;forher_viproom;forhim_viproom,2022-01-16
Landmark,Shopping,louis-vuitton-b,Louis Vuitton,路易威登,B1-2,BF,81001182,Mon-Sun 11am-8pm,Not accept Bespoke Dollar;Accept Point Registration,0,forher;forhim;jewellery_watches;home;travel_lifestyle,ForHer;ForHim;Jewellery&Watches;Home;Travel&Lifestyle,forher_activewear;forher_bags;forher_eyewear;forher_fashion;forher_gifts_accessories;forher_shoes;forhim_activewear;forhim_bags;forhim_eyewear;forhim_fashion;forhim_gifts_accessories;forhim_shoes;jewellery_watches_finejewellery;jewellery_watches_watches;home_books_stationery;home_furniture;home_kitchen_tableware;home_tech_accessories;travel_lifestyle_luggage;travel_lifestyle_tech_accessories;forhim_viproom;forher_viproom,2022-01-16
Landmark,Shopping,mandarin-barber,The Mandarin Barber,文華理髮店,,2F,28254088,8am – 8pm (Mon – Sat) ;9am – 6pm (Sun),Accept Bespoke Dollar;Not accept Point Registration,1,beauty_wellness,Beauty&Wellness,beauty_wellness_gym_spa;beauty_wellness_mensgrooming;beauty_wellness_skin_personalcare,2022-01-16
Landmark,Shopping,mandarin-salon,The Mandarin Salon,文華髮廊,,24F,28254800,Mon- Sat - 8am - 8pmSun - 9am - 6pm,Accept Bespoke Dollar;Accept Point Registration,1,beauty_wellness,Beauty&Wellness,beauty_wellness_gym_spa;beauty_wellness_mensgrooming,2022-01-16
Landmark,Shopping,mandarin-spa,Mandarin Spa,文華水療中心,,24F,28254888,10am – 11pm (Mon – Fri);9am – 11pm (Sat & Sun),Accept Bespoke Dollar;Accept Point Registration,1,beauty_wellness,Beauty&Wellness,beauty_wellness_gym_spa;beauty_wellness_mensgrooming,2022-01-16
Landmark,Shopping,mannings,Mannings,萬寧,321-322,3F,25253732,Mon-Fri 9am-8pmSat 10am-7pmSun & Public Holidays 11am-7pm,Not accept Bespoke Dollar;Accept Point Registration,0,beauty_wellness,Beauty&Wellness,beauty_wellness_cosmetics;beauty_wellness_skin_personalcare,2022-01-16
Landmark,Shopping,manolo-blahnik,Manolo Blahnik,Manolo Blahnik,203,2F,28451575,Mon-Sat 10:30am-7:30pmSun & Public Holidays 11am-7pm,Accept Bespoke Dollar;Accept Point Registration,1,forher;forhim,ForHer;ForHim,forher_bags;forher_gifts_accessories;forher_shoes;forhim_bags;forhim_gifts_accessories;forhim_shoes,2022-01-16
Landmark,Shopping,market-place-by-jasons,Market Place by Jasons,Market Place by Jasons,101,1F,35794564,Mon to Fri: 8am-9pmSat: 8:30am-8pmSun & Public Holidays: 8am-8pm,Accept Bespoke Dollar;Accept Point Registration,1,gourmet_groceries,Gourmet&Groceries,gourmet_groceries_groceries;gourmet_groceries_confectionery,2022-01-16
Landmark,Shopping,marni,Marni,Marni,216,2F,28457632,10:30am-7:30pm daily,Accept Bespoke Dollar;Accept Point Registration,1,forher,ForHer,forher_activewear;forher_bags;forher_eyewear;forher_fashion;forher_gifts_accessories;forher_occasions;forher_shoes,2022-01-16
Landmark,Shopping,mi-salon,M.i SALON,M.i SALON,317-319,3F,28683088,Mon-Sat: 10am - 8pmSun & Public Holidays: 10am - 7pm,Accept Bespoke Dollar;Accept Point Registration,1,beauty_wellness,Beauty&Wellness,beauty_wellness_mensgrooming;beauty_wellness_skin_personalcare,2022-01-16
Landmark,Shopping,miu-miu,Miu Miu,Miu Miu,G31-32,GF,25237833,Mon-Sat 10:30am-7:30pmSun & Public Holidays 11am-7pm,Accept Bespoke Dollar;Accept Point Registration,1,forher,ForHer,forher_bags;forher_fashion;forher_gifts_accessories;forher_shoes,2022-01-16
Landmark,Shopping,mothercare,mothercare,mothercare,305-307,3F,25235704,10am-7:30pm daily,Accept Bespoke Dollar;Accept Point Registration,1,kids;home,Kids;Home,home_bed_bath;home_furniture;home_tech_accessories;kids_toys_23c7beb;home_landmarkhome_kids;kids_gifts_accessories;kids_clothing_946fb86,2022-01-16
Landmark,Shopping,moynat,MOYNAT,MOYNAT,G13,GF,25960555,Mon-Sat 10:30am-7:30pmSun & Public holidays 11am-7pm,Not accept Bespoke Dollar;Accept Point Registration,0,forher,ForHer,forher_bags;forher_fashion,2022-01-16
Landmark,Shopping,ms-bs-cakery,Ms B’s CAKERY,Ms B’s CAKERY,248,2F,25300203,Mon - Sat & Public Holiday 11:00am – 7:30pmSun closed,Accept Bespoke Dollar;Accept Point Registration,1,gourmet_groceries,Gourmet&Groceries,gourmet_groceries_patisseries;gourmet_groceries_confectionery,2022-01-16
Landmark,Shopping,mustela,Mustela,Mustela,344-345,3F,25253591,Mon-Fri 10am-7pmSat 10am-6pmSun & Public Holidays Closed,Accept Bespoke Dollar;Accept Point Registration,1,beauty_wellness,Beauty&Wellness,beauty_wellness_cosmetics;beauty_wellness_skin_personalcare,2022-01-16
Landmark,Shopping,never-second-company-sports-specialists,Never Second Company (Sports Specialists),Never Second Company (Sports Specialists),323,3F,25257881,Mon-Sat 10am-7:30pmSun & Public Holidays 11am-6pm,Not accept Bespoke Dollar;Accept Point Registration,0,beauty_wellness,Beauty&Wellness,beauty_wellness_gym_spa;beauty_wellness_skin_personalcare;beauty_wellness_sports,2022-01-16
Landmark,Shopping,nugget,Nugget,銀舍,242,2F,25235281,Mon-Sat 10am-6:30pmSun & Public Holidays 11am-6pm,Accept Bespoke Dollar;Accept Point Registration,1,forher;home,ForHer;Home,forher_gifts_accessories;home_decor_7c10e35;home_tech_accessories,2022-01-16
Landmark,Shopping,olivers-the-delicatessen,Oliver's The Delicatessen,Oliver's The Delicatessen,"201-205, 232A-232C, 233-237 & 250",2F,28107710,"Mon-Fri 8am-9pmSat,Sun & Public Holidays 8:30am-8pm",Accept Bespoke Dollar;Accept Point Registration,1,gourmet_groceries,Gourmet&Groceries,gourmet_groceries_chocolatiers;gourmet_groceries_confectionery;gourmet_groceries_groceries;gourmet_groceries_wines_spirits,2022-01-16
Landmark,Shopping,pan-handler,PAN-HANDLER,PAN-HANDLER,227-228,2F,25231672,Mon-Sat 10am-7pmSun & Public Holidays 10am-6pm,Accept Bespoke Dollar;Accept Point Registration,1,home,Home,home_kitchen_tableware,2022-01-16
Landmark,Shopping,panerai,PANERAI,沛納海,G30,GF,25229373,Mon-Sat 10am-7pmSun & Public Holidays 11am-6pm,Accept Bespoke Dollar;Accept Point Registration,1,jewellery_watches,Jewellery&Watches,jewellery_watches_timepieces;jewellery_watches_watches,2022-01-16
Landmark,Shopping,partytime,Partytime,Partytime,225-226,2F,21904032,Mon-Sat 10am - 7pmSun & Public Holidays 10am - 7pm,Accept Bespoke Dollar;Accept Point Registration,1,home,Home,home_books_stationery;home_decor_7c10e35;home_tech_accessories,2022-01-16
Landmark,Shopping,patek-philippe,Patek Philippe,百達翡麗,14 & DVRC,GF,25220262,10am-7:30pm daily,Not accept Bespoke Dollar;Accept Point Registration,0,jewellery_watches,Jewellery&Watches,jewellery_watches_timepieces;jewellery_watches_watches,2022-01-16
Landmark,Shopping,paul-smith,Paul Smith,Paul Smith,B9,BF,25235868,10:30am-7:30pm daily,Accept Bespoke Dollar;Accept Point Registration,1,forhim;jewellery_watches;home;travel_lifestyle;beauty_wellness,ForHim;Jewellery&Watches;Home;Travel&Lifestyle;Beauty&Wellness,forhim_bags;forhim_fashion;forhim_gifts_accessories;forhim_shoes;forhim_tailoring;jewellery_watches_timepieces;jewellery_watches_watches;home_art_antiques;home_books_stationery;home_decor_7c10e35;home_tech_accessories;travel_lifestyle_tech_accessories;beauty_wellness_fragrance,2022-01-16
Landmark,Shopping,paule-ka,PAULE KA,PAULE KA,108,1F,28682099,10:30am-7:30pm Daily,Accept Bespoke Dollar;Accept Point Registration,1,forher,ForHer,forher_bags;forher_eyewear;forher_fashion;forher_gifts_accessories;forher_occasions;forher_shoes,2022-01-16
Landmark,Shopping,petit-bateau,Petit Bateau,Petit Bateau,325,3F,23514566,Mon-Sat 10am-7pmSun & Public Holidays 10am-7pm,Accept Bespoke Dollar;Accept Point Registration,1,kids,Kids,kids_clothing_946fb86,2022-01-16
Landmark,Shopping,prada,PRADA,普拉達,G4,GF,25222989,Mon-Sat: 10am-8pmSun: 11am-7pmPublic Holidays: 11am-7:30pm,Accept Bespoke Dollar;Accept Point Registration,1,forher;forhim,ForHer;ForHim,forher_bags;forher_fashion;forher_gifts_accessories;forher_shoes;forhim_bags;forhim_fashion;forhim_gifts_accessories;forhim_shoes,2022-01-16
Landmark,Shopping,prada-1f,PRADA,普拉達,102,1F,25222989,Mon-Sat: 10am-8pmSun: 11am-7pmPublic Holidays: 11am-7:30pm,Accept Bespoke Dollar;Accept Point Registration,1,forher;forhim,ForHer;ForHim,forher_bags;forher_fashion;forher_gifts_accessories;forher_shoes;forhim_bags;forhim_fashion;forhim_gifts_accessories;forhim_shoes,2022-01-16
Landmark,Shopping,qeelin-princes,Qeelin,Qeelin,120,1F,,10:30am-7:30pm daily,Accept Bespoke Dollar;Accept Point Registration,1,jewellery_watches,Jewellery&Watches,jewellery_watches_highjewellery;jewellery_watches_finejewellery,2022-01-16
Landmark,Shopping,ralph-lauren,RALPH LAUREN,RALPH LAUREN,G1-3,GF,28719338,Mon-Sat 10:30am-7:30pmSun & Public Holidays 11am-7pm,Accept Bespoke Dollar;Accept Point Registration,1,forhim;home,ForHim;Home,forhim_activewear;forhim_bags;forhim_fashion;forhim_gifts_accessories;forhim_shoes;forhim_suits;forhim_tailoring;home_art_antiques;home_tech_accessories,2022-01-16
Landmark,Shopping,ralph-lauren-1f,RALPH LAUREN,RALPH LAUREN,110-113,1F,28719338,Mon-Sat 10:30am-7:30pmSun & Public Holidays 11am-7pm,Accept Bespoke Dollar;Accept Point Registration,1,forhim;home,ForHim;Home,forhim_activewear;forhim_bags;forhim_fashion;forhim_gifts_accessories;forhim_shoes;forhim_suits;forhim_tailoring;home_art_antiques;home_tech_accessories,2022-01-16
Landmark,Shopping,ralph-lauren-childrenswear,RALPH LAUREN CHILDRENSWEAR,RALPH LAUREN CHILDRENSWEAR,301,3F,29736822,Mon-Sat 10am-7:30pmSun & Public Holidays 10:30am-6:30pm,Accept Bespoke Dollar;Accept Point Registration,1,kids,Kids,kids_clothing_946fb86;kids_gifts_accessories,2022-01-16
Landmark,Shopping,ralph-lauren-m,RALPH LAUREN,RALPH LAUREN,M12-16,MF,28719338,Mon-Sat 10:30am-7:30pmSun & Public Holidays 11am-7pm,Accept Bespoke Dollar;Accept Point Registration,1,forhim;home,ForHim;Home,forhim_activewear;forhim_bags;forhim_fashion;forhim_gifts_accessories;forhim_shoes;forhim_suits;forhim_tailoring;home_art_antiques;home_tech_accessories,2022-01-16
Landmark,Shopping,ralph-lauren-timepieces,RALPH LAUREN timepieces,RALPH LAUREN timepieces,G36,GF,25220701,10am-7pm daily,Not accept Bespoke Dollar;Accept Point Registration,0,jewellery_watches,Jewellery&Watches,jewellery_watches_timepieces;jewellery_watches_watches,2022-01-16
Landmark,Shopping,reign-the-abalone-house,Reign The Abalone House,尚鮑,109,1F,28699788,10am - 8pm daily,Accept Bespoke Dollar;Accept Point Registration,1,gourmet_groceries,Gourmet&Groceries,gourmet_groceries_groceries,2022-01-16
Landmark,Shopping,rimowa,RIMOWA,RIMOWA,204-205,2F,25252780,10am-7:30pm daily,Accept Bespoke Dollar;Accept Point Registration,0,travel_lifestyle,Travel&Lifestyle,travel_lifestyle_luggage;travel_lifestyle_tech_accessories,2022-01-16
Landmark,Shopping,roger-vivier,Roger Vivier,羅杰• 維維亞,105,1F,28108690,10:30am-7:30pm daily,Accept Bespoke Dollar;Accept Point Registration,1,forher,ForHer,forher_bags;forher_eyewear;forher_fashion;forher_gifts_accessories;forher_shoes,2022-01-16
Landmark,Shopping,royal-selangor,Royal Selangor,皇家雪蘭莪,231,2F,29949688,"Mon-Fri 10am-7pmSat, Sun & Public Holidays 10am-5pm",Accept Bespoke Dollar;Accept Point Registration,1,home,Home,home_decor_7c10e35;home_kitchen_tableware;home_tech_accessories,2022-01-16
Landmark,Shopping,saint-laurent,SAINT LAURENT,SAINT LAURENT,G3,GF,28680092,Mon-Sat: 11am-8pmSun & Public Holidays: 11am-7:30pm,Accept Bespoke Dollar;Accept Point Registration,1,forher;forhim,ForHer;ForHim,forher_bags;forher_eyewear;forher_fashion;forher_gifts_accessories;forher_shoes;forhim_bags;forhim_eyewear;forhim_fashion;forhim_gifts_accessories;forhim_shoes,2022-01-16
Landmark,Shopping,sees-candies,See's Candies,時思糖果,110B,1F,25234977,Sun-Wed: 10:30am-7:30pmThu-Sat: 10am-8pm,Accept Bespoke Dollar;Accept Point Registration,1,gourmet_groceries,Gourmet&Groceries,gourmet_groceries_confectionery,2022-01-16
Landmark,Shopping,sheer,SHEER,SHEER,310,3F,23882876,Mon - Sat: 10:30am-7:30pmSun & Public Holidays: 11am-7pm,Accept Bespoke Dollar;Accept Point Registration,1,forher;beauty_wellness,ForHer;Beauty&Wellness,forher_fashion;beauty_wellness_beauty_wellnessconc,2022-01-16
Landmark,Shopping,st-john,St. John,St. John,220,2F,28686160,10am-7pm daily,Accept Bespoke Dollar;Accept Point Registration,1,forher,ForHer,forher_fashion;forher_gifts_accessories,2022-01-16
Landmark,Shopping,standard-chartered-wmc,Standard Chartered Wealth Management Centre,Standard Chartered Wealth Management Centre,101,1F,29158380,Branch BankingMon-Fri: 10am-5pmSat: 10am-1pmSun & Public Holidays: ClosedPrivate BankingMon-Fri: 10am-5pmSat: 10am-1pmSun & Public Holidays: Closed24-hour Express Banking: 12am-23:59pm daily,Not accept Bespoke Dollar;Not accept Point Registration,0,banking_services,Banking&Services,banking_services_banking,2022-01-16
Landmark,Shopping,stdupont,S.T. Dupont,法國都彭,206-207,2F,28774138,10am-7:30pm daily,Accept Bespoke Dollar;Accept Point Registration,1,forhim,ForHim,forhim_bags;forhim_casualwear;forhim_fashion;forhim_gifts_accessories;forhim_suits,2022-01-16
Landmark,Shopping,stella-mccartney,Stella McCartney,Stella McCartney,233-234,2F,28016793,10:30am - 7pm daily,Accept Bespoke Dollar;Accept Point Registration,1,forher;kids,ForHer;Kids,forher_activewear;forher_bags;forher_eyewear;forher_fashion;forher_gifts_accessories;forher_occasions;forher_shoes;kids_clothing_946fb86,2022-01-16
Landmark,Shopping,suavislash-couture,Suavislash Couture,Suavislash Couture,311,3F,27726228,Closed until further notice,Accept Bespoke Dollar;Accept Point Registration,1,beauty_wellness,Beauty&Wellness,beauty_wellness_cosmetics;beauty_wellness_skin_personalcare;beauty_wellness_beauty_wellnessconc,2022-01-16
Landmark,Shopping,supreme-jewellery-co,Supreme Jewellery Co.,金藝珠寶公司,103,1F,28450991,Mon-Sat 10am-7pmSun 10:30am-6:30pm,Accept Bespoke Dollar;Accept Point Registration,1,jewellery_watches,Jewellery&Watches,jewellery_watches_highjewellery;jewellery_watches_finejewellery,2022-01-16
Landmark,Shopping,tabla,Tabla,Tabla 泰倫娜,M31,MF,25255590,Mon-Sat 10:30am-7pmSun & Public Holidays 12noon-6pm,Accept Bespoke Dollar;Accept Point Registration,1,forher,ForHer,forher_bags;forher_fashion;forher_gifts_accessories;forher_shoes,2022-01-16
Landmark,Shopping,tai-ping,Tai Ping,太平,213-215,2F,25227138,Mon-Sat 10am-7pmSun & Public Holidays closed,Accept Bespoke Dollar;Accept Point Registration,1,home,Home,home_decor_7c10e35,2022-01-16
Landmark,Shopping,tassels,TASSELS,TASSELS,B64-65,BF,27899911,Mon-Sat: 10:30am - 7:30pmSun & Public Holidays: 11am - 8pm,Accept Bespoke Dollar;Accept Point Registration,1,forhim,ForHim,forhim_shoes,2022-01-16
Landmark,Shopping,tassels-shoeshine-service,TASSELS Shoeshine Service,TASSELS Shoeshine Service,B36,BF,27899911,"Mon-Fri: 11am-7pmSat, Sun & Public Holidays closed",Accept Bespoke Dollar;Accept Point Registration,0,forhim,ForHim,forhim_shoes,2022-01-16
Landmark,Shopping,the-armoury,The Armoury,The Armoury,B47,BF,28104990,Mon-Sat 11am-7:30pmSun & Public Holidays 12pm-6pm,Accept Bespoke Dollar;Accept Point Registration,1,forhim,ForHim,forhim_bags;forhim_casualwear;forhim_fashion;forhim_gifts_accessories;forhim_shoes,2022-01-16
Landmark,Shopping,thea-home-beauty,THEA Home Beauty,THEA Home Beauty,302,3F,21912607,Mon-Sat 10:30am-7:30pmSun & Public Holidays 11am-7pm,Accept Bespoke Dollar;Accept Point Registration,1,beauty_wellness;travel_lifestyle,Beauty&Wellness;Travel&Lifestyle,beauty_wellness_beautygadgets;beauty_wellness_skin_personalcare;beauty_wellness_deliveryservices;beauty_wellness_exclusive;beauty_wellness_gym_spa;beauty_wellness_mensgrooming;beauty_wellness_beauty_wellnessconc,2022-01-16
Landmark,Shopping,the-cakery,The Cakery,The Cakery,303,3F,66833833,Mon-Sat 10:30am-7:30pmSun & public holidays 11am-7pm,Accept Bespoke Dollar;Accept Point Registration,1,gourmet_groceries;beauty_wellness,Gourmet&Groceries;Beauty&Wellness,gourmet_groceries_patisseries;gourmet_groceries_delivery__copy__763df51;gourmet_groceries_confectionery;gourmet_groceries_personalisation;gourmet_groceries_delivery__copy_;beauty_wellness_beauty_wellnessconc,2022-01-16
Landmark,Shopping,the-mandarin-cake-shop,The Mandarin Cake Shop,文華餅店,,MF,28254008,Mon to Sat: 8am-8pmSun & Public Holidays: 8am-7pm,Not accept Bespoke Dollar;Not accept Point Registration,0,gourmet_groceries,Gourmet&Groceries,gourmet_groceries_patisseries;gourmet_groceries_confectionery,2022-01-16
Landmark,Shopping,the-mandarin-flower-shop,The Mandarin Flower Shop,文華花店,,GF,28254019,9am to 7pm daily,Accept Bespoke Dollar;Accept Point Registration,1,home,Home,home_florists_adc4dcf,2022-01-16
Landmark,Shopping,the-oriental-spa,The Oriental Spa,東方水療中心,,5F,21320011,Operations suspended until further notice,Accept Bespoke Dollar;Accept Point Registration,1,beauty_wellness,Beauty&Wellness,beauty_wellness_gym_spa;beauty_wellness_mensgrooming;beauty_wellness_skin_personalcare,2022-01-16
Landmark,Shopping,the-whisky-library,THE WHISKY LIBRARY,THE WHISKY LIBRARY,B48,BF,26962889,11am-8pm daily,Accept Bespoke Dollar;Accept Point Registration,1,gourmet_groceries,Gourmet&Groceries,gourmet_groceries_wines_spirits,2022-01-16
Landmark,Shopping,tiffany-co,Tiffany & Co.,蒂芙尼(Tiffany & Co.),G62-63,GF,28459853,Mon-Sat 11am-8pmSun & Public Holidays 11am-7pm,Accept Bespoke Dollar;Accept Point Registration,1,forher;forhim;jewellery_watches,ForHer;ForHim;Jewellery&Watches,forher_gifts_accessories;forhim_gifts_accessories,2022-01-16
Landmark,Shopping,tiffany-co-1f,Tiffany & Co.,蒂芙尼(Tiffany & Co.),101-102,1F,28459853,Mon-Sat 11am-8pmSun & Public Holidays 11am-7pm,Accept Bespoke Dollar;Accept Point Registration,1,forher;forhim;jewellery_watches,ForHer;ForHim;Jewellery&Watches,forher_gifts_accessories;forhim_gifts_accessories,2022-01-16
Landmark,Shopping,tods-men-boutique,TOD'S Men Boutique,TOD'S Men Boutique,B19,BF,27663288,10:30am-7:30pm daily,Accept Bespoke Dollar;Accept Point Registration,1,forhim,ForHim,forhim_bags;forhim_fashion;forhim_gifts_accessories;forhim_shoes;forhim_tailoring,2022-01-16
Landmark,Shopping,tods-women-boutique,TOD'S Women Boutique,TOD'S Women Boutique,G19-20,GF,28108692,10:30am-7:30pm daily,Accept Bespoke Dollar;Accept Point Registration,1,forher,ForHer,forher_bags;forher_fashion;forher_gifts_accessories;forher_shoes;forher_tailoring,2022-01-16
Landmark,Shopping,tods-women-boutique-1f,TOD'S Women Boutique,TOD'S Women Boutique,111,1F,28108692,10:30am-7:30pm daily,Accept Bespoke Dollar;Accept Point Registration,1,forher,ForHer,forher_bags;forher_fashion;forher_gifts_accessories;forher_shoes;forher_tailoring,2022-01-16
Landmark,Shopping,tory-burch,Tory Burch,Tory Burch 湯麗柏琦,G5,GF,31062138,11am to 7pm daily,Accept Bespoke Dollar;Accept Point Registration,1,forher;beauty_wellness,ForHer;Beauty&Wellness,forher_bags;forher_fashion;forher_gifts_accessories;forher_occasions;forher_shoes;beauty_wellness_fragrance,2022-01-16
Landmark,Shopping,tory-burch-1f,Tory Burch,Tory Burch 湯麗柏琦,101A,1F,31062138,11am to 7pm daily,Accept Bespoke Dollar;Accept Point Registration,1,forher;beauty_wellness,ForHer;Beauty&Wellness,forher_bags;forher_fashion;forher_gifts_accessories;forher_occasions;forher_shoes;beauty_wellness_fragrance,2022-01-16
Landmark,Shopping,town-house,Town House,寶屋,210-211,2F,28450633,Mon-Sat 10am-7pmSun & Public Holidays 11:30am-6pm,Accept Bespoke Dollar;Accept Point Registration,1,home,Home,home_decor_7c10e35;home_kitchen_tableware;home_tech_accessories,2022-01-16
Landmark,Shopping,universal-jewellery,Universal Jewellery,環球首飾,104,1F,25223038,Mon-Sat 11am-6:30pmSun & Public Holidays Closed,Accept Bespoke Dollar;Accept Point Registration,1,jewellery_watches,Jewellery&Watches,jewellery_watches_highjewellery;jewellery_watches_finejewellery,2022-01-16
Landmark,Shopping,vacheron-constantin,VACHERON CONSTANTIN,江詩丹頓,G7-8,GF,21043311,Mon - Sat & Public Holidays: 10am - 7pmSun: 11am - 6pm,Accept Bespoke Dollar;Accept Point Registration,1,jewellery_watches,Jewellery&Watches,jewellery_watches_timepieces;jewellery_watches_watches,2022-01-16
Landmark,Shopping,valentino,VALENTINO,華倫天奴,G11 & 46-47,GF,25238035,10:30am-7:30pm daily,Accept Bespoke Dollar;Accept Point Registration,1,forher,ForHer,forher_bags;forher_eyewear;forher_fashion;forher_gifts_accessories;forher_occasions;forher_shoes,2022-01-16
Landmark,Shopping,valentino-men,Valentino Men,Valentino Men,B20,BF,25302621,10:30am-7:30pm daily,Accept Bespoke Dollar;Accept Point Registration,1,forhim,ForHim,forhim_bags;forhim_eyewear;forhim_fashion;forhim_gifts_accessories;forhim_shoes,2022-01-16
Landmark,Shopping,van-cleef-arpels,Van Cleef & Arpels (Temporarily closed for renovation),梵克雅寶 (改建中),G16-17,GF,25229677,Mon-Sat 10am-7:30pmSun & Public holidays 10am-7pm,Accept Bespoke Dollar;Accept Point Registration,0,jewellery_watches,Jewellery&Watches,jewellery_watches_highjewellery;jewellery_watches_timepieces;jewellery_watches_finejewellery;jewellery_watches_watches;jewellery_watches_viproom,2022-01-16
Landmark,Shopping,van-cleef-arpels-m,Van Cleef & Arpels (Temporarily closed for renovation),梵克雅寶 (改建中),M1-2,MF,25229677,Mon-Sat 10am-7:30pmSun & Public holidays 10am-7pm,Accept Bespoke Dollar;Accept Point Registration,0,jewellery_watches,Jewellery&Watches,jewellery_watches_highjewellery;jewellery_watches_timepieces;jewellery_watches_finejewellery;jewellery_watches_watches;jewellery_watches_viproom,2022-01-16
Landmark,Shopping,vivienne-tam,VIVIENNE TAM,VIVIENNE TAM,221,2F,28682826,10:30am-7pm daily,Accept Bespoke Dollar;Accept Point Registration,1,forher,ForHer,forher_bags;forher_fashion;forher_gifts_accessories;forher_shoes,2022-01-16
Landmark,Shopping,wai-kee-jewellers-ltd,Wai Kee Jewellers Ltd.,惠記珠寶有限公司,105,1F,28130005,Mon-Sat 10am-6:45pmSun & Public Holiday closed,Accept Bespoke Dollar;Accept Point Registration,1,forher;forhim;jewellery_watches;home,ForHer;ForHim;Jewellery&Watches;Home,forher_gifts_accessories;forhim_gifts_accessories;jewellery_watches_highjewellery;jewellery_watches_finejewellery;home_decor_7c10e35;home_tech_accessories,2022-01-16
Landmark,Shopping,wedgwood,Wedgwood,Wedgwood,246,2F,34839231,Mon-Sat: 10am-7pmSun & Public Holidays: 10:30am-6:30pm,Accept Bespoke Dollar;Accept Point Registration,1,home,Home,home_decor_7c10e35;home_kitchen_tableware;home_tech_accessories,2022-01-16
Landmark,Shopping,wisekids-educational-toys,Wise-Kids Educational Toys,Wise-Kids Educational Toys,315-316,3F,23779888,10:30am-7:30pm daily,Accept Bespoke Dollar;Accept Point Registration,1,kids,Kids,kids_toys_23c7beb,2022-01-16
Landmark,Shopping,yewn,YEWN,淵,208,2F,31102298,Mon-Sun 10am-7pm,Accept Bespoke Dollar;Accept Point Registration,1,jewellery_watches,Jewellery&Watches,jewellery_watches_highjewellery;jewellery_watches_finejewellery,2022-01-16
Landmark,Shopping,yves-delorme-popup,Yves Delorme,Yves Delorme,212,2F,25225151,10:30am-7:30pm daily,Accept Bespoke Dollar;Accept Point Registration,1,home,Home,home_bed_bath;home_decor_7c10e35;home_tech_accessories,2022-01-16
Landmark,Dining,8-otto-e-mezzo-bombana,8½ Otto e Mezzo BOMBANA,8½ Otto e Mezzo BOMBANA,202,2F,25378859,Mon-Sat: 12pm – 6pmSun: ClosedPublic Holidays: 12pm – 6pm,Not accept Bespoke Dollar;Accept Point Registration,0,western,Western,businesslunch;cocktails;happyhour;michelinstar;setmenudining;finedining,2022-01-16
Landmark,Dining,ami-wood-ear,Ami / Wood Ear,Ami / Wood Ear,302,3F,31858396,"Mon - Fri: 12pm-6pmSat, Sun & Public Holidays: 11:30am-6pm",Accept Bespoke Dollar;Accept Point Registration,1,bars_juiceries;western,Bars&Juiceries;Western,familyfriendly;seafood;businesslunch;happyhour;setmenudining;casualdining;privatedining;socialdining;bistro;winepairingmenu;cocktails;alfrescodining;afternoontea,2022-01-16
Landmark,Dining,buttercakeshop,Butter,Butter,239,2F,28100660,10am - 8pm dailyStanding table block off from 6pm,Not accept Bespoke Dollar;Accept Point Registration,0,patisseries_cafes;western;international;foodhall,Patisseries&Cafés;Western;International;Food Hall (Old: basehall),afternoontea;bakery_cakes;chocolatiers;confectionery;deliveryser;exclusive;familyfriendly;grab_go,2022-01-16
Landmark,Dining,midway-beef-dogs,Midway Beef Dogs,Midway Beef Dogs,B53A,BF,,10am - Sold Out daily,Not accept Bespoke Dollar;Not accept Point Registration,0,pop_up;foodhall;western,Pop-up;Food Hall (Old: basehall);Western,exclusive;grab_go;familyfriendly,2022-01-16
Landmark,Dining,basehall,BaseHall.,BaseHall.,9,LGF,,Mon-Fri: 11am-10pm (Takeaway only after 6pm)Sun & Public Holidays: Closed,Not accept Bespoke Dollar;Accept Point Registration,0,foodhall,Food Hall (Old: basehall),casualdining;grab_go;socialdining,2022-01-16
Landmark,Dining,rise-by-classified,Rise by Classified,Rise by Classified,313,3F,21473454,Mon - Fri: 7:30am-6pmSat: 8am-5pmSun & Public Holidays: Closed,Accept Bespoke Dollar;Accept Point Registration,1,patisseries_cafes,Patisseries&Cafés,afternoontea;bakery_cakes;businesslunch;casualdining;coldpress;familyfriendly;grab_go;socialdining;specialtycoffee,2022-01-16
Landmark,Dining,the-aubrey,The Aubrey,The Aubrey,,25F,28254001,Lunch: 12pm - 2:30pm DailyCocktail:Sun-Wed: 12pm - 12amThu-Sat: 12pm - 2am Dinner: 6pm - 10pm Daily,Accept Bespoke Dollar;Accept Point Registration,1,japanese,Japanese,afternoontea;privatedining;socialdining;businesslunch;cocktails;seafood;casualdining,2022-01-16
Landmark,Dining,kiyoka,Kiyoka,Kiyoka,popup-inside-327-333,3F,55020228,Tue-Sat: 11:30am-8pm,,0,pop_up;patisseries_cafes,Pop-up;Patisseries&Cafés,afternoontea;chocolatiers;confectionery;bakery_cakes,2022-01-16
Landmark,Dining,latelier-de-joel-robuchon-le-salon-de-the-334,LE SALON DE THÉ de Joël Robuchon,LE SALON DE THÉ de Joël Robuchon,334,3F,21669088,"Mon - Fri: 8am - 6pmSat, Sun and Public Holidays: 9am-6pm",Accept Bespoke Dollar;Accept Point Registration,1,patisseries_cafes;western,Patisseries&Cafés;Western,afternoontea;bakery_cakes;casualdining;grab_go;chocolatiers;hampers;setmenudining,2022-01-16
Landmark,Dining,the-big-things-kitchen,The Big Things Kitchen,The Big Things Kitchen,LG7,LGF,,Mon-Sat: 9am-7pmSun & Public Holidays: Closed,Not accept Bespoke Dollar;Accept Point Registration,0,asian;japanese;western,Asian;Japanese;Western,happyhour;vegan;grab_go,2022-01-16
Landmark,Dining,catchic-restaurant-bar,Catchic Restaurant & Bar,Catchic Restaurant & Bar,203,2F,36193249,Mon-Fri: 7:30am-6pm (Takeaway only from 6pm - 9:30pm)Sat: 10:30am-6pmSun & Public Holidays: Closed,Not accept Bespoke Dollar;Not accept Point Registration,0,chinese;international;asian;western,Chinese;International;Asian;Western,grab_go;socialdining;businesslunch;cocktails;seafood;exclusive;alfrescodining,2022-01-16
Landmark,Dining,moxie,Moxie,Moxie,203,2F,27188211,Mon-Sun & Public Holidays:Breakfast: 8am-10am (Mon-Fri)Set Lunch: 11:30am-3pm (Mon-Fri)A La Carte Menu: 11:30am-6pm,Not accept Bespoke Dollar;Accept Point Registration,1,western,Western,familyfriendly;businesslunch;setmenudining;casualdining;specialtycoffee;vegan;grab_go;exclusive;glutenfree,2022-01-16
Landmark,Dining,ralphs-coffee,Ralph’s Coffee,Ralph’s Coffee,103,1F,60297956,"Mon to Fri  8am - 7pmSat, Sun & Public Holiday 10:30am-7pm",Not accept Bespoke Dollar;Accept Point Registration,0,patisseries_cafes,Patisseries&Cafés,bakery_cakes;vegan;specialtycoffee;hampers;grab_go,2022-01-16
Landmark,Dining,sift,Sift,Sift,240-241,2F,21472968,Mon-Sat: 10am-7:30pmSun: 11am-7pmPublic Holidays: 11am-7:30pm,Accept Bespoke Dollar;Accept Point Registration,1,western;patisseries_cafes,Western;Patisseries&Cafés,bakery_cakes;grab_go;confectionery,2022-01-16
Landmark,Dining,agehan-japanese-restaurant,Agehan Japanese Restaurant,Agehan Japanese Restaurant,208-210,2F,25234332,Mon-Sat:11:30am-2:30pmSun & Public Holidays: Closed,Accept Bespoke Dollar;Accept Point Registration,1,japanese,Japanese,businesslunch,2022-01-16
Landmark,Dining,amber,Amber,Amber,,7F,21320066,"Lunch: 12 – 3:30pm (last seating at 3:30pm; last order at 3:45pm; two hours of table returning time)Amber Discovery (a four-course menu with a glass of complimentary champagne at HKD1,398+10% service charge will also be available from 2:30pm on weekdays)Weekends: Amber Unlimited lunch menu & Full Amber Experience 6-course menuDinner: Suspended until further notice",Accept Bespoke Dollar;Accept Point Registration,1,western,Western,businesslunch;michelinstar;privatedining;setmenudining;finedining,2022-01-16
Landmark,Dining,cafe-causette,Café Causette,Café Causette,,MF,28254005,Breakfast: 6:30am-11:30amLunch: 11:30am-3:00pmAfternoon Tea: 3pm-6pmDinner: 6pm - 10pm,Accept Bespoke Dollar;Accept Point Registration,1,international;patisseries_cafes,International;Patisseries&Cafés,afternoontea;casualdining;afternoontea__copy_,2022-01-16
Landmark,Dining,cafe-landmark,CAFÉ LANDMARK,CAFÉ LANDMARK,107-108,1F,25264200,Mon to Sat: 8am-6pmSun & Public Holidays: 9am-6pm,Accept Bespoke Dollar;Accept Point Registration,1,international,International,afternoontea;bakery_cakes;casualdining;vegan;familyfriendly;grab_go,2022-01-16
Landmark,Dining,canteen,can.teen,can.teen,309-313A,3F,25906020,Mon-Fri: 7am-8pm (Takeaway only after 6pm)Sat: 7am-8pm (Takeaway only after 6pm)Sun & PH: 9am-7:30pm (Takeaway only after 6pm),Not accept Bespoke Dollar;Accept Point Registration,0,chinese;international,Chinese;International,casualdining;grab_go,2022-01-16
Landmark,Dining,captains-bar,Captain's Bar,船長吧,,GF,28254006,"Mon-Fri: 12pm - 11pmSat, Sun & PH: 2pm - 11pmLunch: Mon-Fri: 12pm - 2:30pm",Accept Bespoke Dollar;Accept Point Registration,1,bars_juiceries,Bars&Juiceries,cocktails;cocktails__copy_,2022-01-16
Landmark,Dining,china-tang,China Tang,唐人館,411-413,4F,25222148,12nn-6pm Daily(Takeaway only from 6pm-10pm),Accept Bespoke Dollar;Accept Point Registration,1,chinese;asian,Chinese;Asian,businesslunch;finedining,2022-01-16
Landmark,Dining,chiuchow-garden,Chiuchow Garden,潮江春,,BF,25258246,Mon-Sun & Public Holidays: 11:30am - 3pm; 6pm-10pm (Takeaway only after 6pm),Not accept Bespoke Dollar;Accept Point Registration,0,chinese,Chinese,casualdining;privatedining;vegan;familyfriendly;grab_go,2022-01-16
Landmark,Dining,ciak-in-the-kitchen,CIAK – In The Kitchen,CIAK – In The Kitchen,327-333,3F,25228869,11:30am - 6pm Daily(Takeaway only from 6pm-7:30pm),Accept Bespoke Dollar;Accept Point Registration,1,western,Western,businesslunch;casualdining;happyhour,2022-01-16
Landmark,Dining,clipper-lounge,Clipper Lounge,快船廊,,MF,28254007,Breakfast: 6:30am - 10:30amLunch - Mon-Sat - 12pm - 2pmBrunch - Sun: 12pm - 3pmAfternoon Tea - Mon-Fri: 2:30pm - 6pm; Sat & PH: 2:30pm - 4pm & 4:30pm - 6pm; Sun: 3:30pm - 6pmDinner - Sun-Wed - 6:30pm - 9pm; Thu-Sat - 6:30pm - 10pm,Accept Bespoke Dollar;Accept Point Registration,1,international,International,afternoontea;afternoontea__copy__ad767b9;casualdining;afternoontea__copy_,2022-01-16
Landmark,Dining,dot-cod-seafood-restaurant-oyster-bar,Dot Cod Seafood Restaurant & Oyster Bar,Dot Cod Seafood Restaurant & Oyster Bar,B4,BF,28106988/ReservationWhatsAppNumber+85255438643,Mon to Sat: 7:30am - 10pm  Sun & public holidays: closed,Accept Bespoke Dollar;Accept Point Registration,1,western;international,Western;International,businesslunch;casualdining;happyhour;seafood;privatedining;grab_go,2022-01-16
Landmark,Dining,dr-ferns-gin-parlour,Dr. Fern’s Gin Parlour,Dr. Fern’s Gin Parlour,B31A,BF,21119449,12nn-6pm daily,Accept Bespoke Dollar;Accept Point Registration,1,bars_juiceries,Bars&Juiceries,cocktails;happyhour,2022-01-16
Landmark,Dining,fuel-espresso,Fuel Espresso (LANDMARK MEN),Fuel Espresso (LANDMARK MEN),B47A,BF,,Mon-Fri: 7:30am-6pmSat & Sun & Public Holidays: 9am-6pm,Accept Bespoke Dollar;Accept Point Registration,1,patisseries_cafes,Patisseries&Cafés,grab_go;specialtycoffee,2022-01-16
Landmark,Dining,fuel-espresso-chater,Fuel Espresso (LANDMARK CHATER),Fuel Espresso (置地遮打),KIOSK,GF,,Mon to Fri 7:30am-6pmSat & Sun & Public Holidays Closed,Accept Bespoke Dollar;Accept Point Registration,1,patisseries_cafes,Patisseries&Cafés,grab_go;specialtycoffee,2022-01-16
Landmark,Dining,green-common,Green Common,Green Common,B2,BF,35824463,Mon - Fri: 8am-6pmSat: 9am-6pmSun & Public Holidays: 11am-6pm,Accept Bespoke Dollar;Accept Point Registration,1,international,International,casualdining;grab_go;supermarkets;vegan,2022-01-16
Landmark,Dining,hypebeans,HYPEBEANS,HYPEBEANS,B30,BF,,Mon-Sat: 8am-6pmSun & Public Holidays: 10am-6pm(Takeaway only from 6pm-7pm),Not accept Bespoke Dollar;Accept Point Registration,0,patisseries_cafes,Patisseries&Cafés,grab_go;specialtycoffee,2022-01-16
Landmark,Dining,kakure,Kakure Japanese Cuisine,隠日本料理,M20-24,MF,25229990,Lunch:11:30am - 2:30pm DailyDinner:6pm - 10pm Daily,Accept Bespoke Dollar;Accept Point Registration,1,japanese,Japanese,businesslunch;casualdining;cocktails;happyhour;privatedining;vegan;familyfriendly;grab_go;finedining,2022-01-16
Landmark,Dining,kappo-rin,Kappo Rin,割烹凛,,7F,26436811,Lunch: 12:30pm-2pmDinner: 2:15pm-4pm & 4:15pm-6pm,Accept Bespoke Dollar;Accept Point Registration,0,japanese,Japanese,seafood;setmenudining;finedining,2022-01-16
Landmark,Dining,kikusan,kikusan,kikusan,B13-16,BF,25213344,11:30am - 6pm daily,Not accept Bespoke Dollar;Accept Point Registration,0,japanese;chinese,Japanese;Chinese,casualdining;grab_go,2022-01-16
Landmark,Dining,latelier-de-joel-robuchon,L'ATELIER de Joël Robuchon,L'ATELIER de Joël Robuchon,401,4F,21669000,"Mon - Thu: 12nn-6pmFri, Sat, Sun and Public Holidays: 11:30am-6pm(Takeaway only from 6pm-7pm)",Accept Bespoke Dollar;Accept Point Registration,1,western,Western,businesslunch;michelinstar;cocktails;privatedining;winepairingmenu;setmenudining;finedining,2022-01-16
Landmark,Dining,latelier-de-joel-robuchon-le-salon-de-the-315-316,LE SALON DE THÉ de Joël Robuchon,LE SALON DE THÉ de Joël Robuchon,315-316,3F,21669088,"Mon - Fri: 8am-6pmSat, Sun and Public Holidays: 9am-6pm(Takeaway only from 6pm-7pm)",Accept Bespoke Dollar;Accept Point Registration,1,patisseries_cafes;western,Patisseries&Cafés;Western,afternoontea;bakery_cakes;casualdining;grab_go;chocolatiers;hampers;setmenudining,2022-01-16
Landmark,Dining,le-jus,le jus – Natural Smoothies,le jus – Natural Smoothies,114,1F,62570027,Mon-Fri: 8:30am-7pmSat: 11am-7pmSun & Public Holidays: Closed,Accept Bespoke Dollar;Accept Point Registration,1,bars_juiceries,Bars&Juiceries,coldpress;grab_go,2022-01-16
Landmark,Dining,liberty-exchange-kitchen-bar,LIBERTY EXCHANGE Kitchen & Bar,LIBERTY EXCHANGE Kitchen & Bar,103,1F,28108400,Mon-Sat: 12nn-10pmSun & Public Holidays: Closed,Accept Bespoke Dollar;Accept Point Registration,1,western;international,Western;International,casualdining;cocktails,2022-01-16
Landmark,Dining,liberty-exchange-kitchen-bar-2f,LIBERTY EXCHANGE Kitchen & Bar,LIBERTY EXCHANGE Kitchen & Bar,206-207,2F,28108400,Mon-Sat: 12nn-10pmSun & Public Holidays: Closed,Accept Bespoke Dollar;Accept Point Registration,1,western;international,Western;International,casualdining;cocktails,2022-01-16
Landmark,Dining,liberty-stone-oven-pizza,LIBERTY Stone Oven Pizza,LIBERTY Stone Oven Pizza,103.,1F,28108418,Mon-Sat: 12nn – 9pmSun & Public Holidays: Closed,Not accept Bespoke Dollar;Accept Point Registration,0,western,Western,casualdining;grab_go,2022-01-16
Landmark,Dining,eric-kayser,Eric Kayser,Eric Kayser,139,1F,,Mon to Fri: 6:30am-8:45pmSat: 8:30am-6:30pmSun & Public Holidays: Closed,Accept Bespoke Dollar;Accept Point Registration,1,patisseries_cafes;western,Patisseries&Cafés;Western,bakery_cakes;grab_go;confectionery;casualdining;glutenfree;specialtycoffee;deliveryser,2022-01-16
Landmark,Dining,mak-mak,Mak Mak,Mak Mak,217A,2F,29831003,10am - 8pm daily(Takeaway only from 6pm-9:30pm),Accept Bespoke Dollar;Accept Point Registration,1,asian,Asian,casualdining;grab_go,2022-01-16
Landmark,Dining,man-wah,Man Wah,文華廳,,25F,28254003,Lunch and Dim Sum:Mon-Fri: 12pm-2:30pmSat-Sun: 11:30am-3pmDinner: 6:30pm-10pm Daily,Accept Bespoke Dollar;Accept Point Registration,1,chinese,Chinese,businesslunch;businesslunch__copy_;michelinstar;privatedining;socialdining;winepairingmenu;familyfriendly;setmenudining;finedining,2022-01-16
Landmark,Dining,mandarin-cake-shop,Mandarin Cake Shop,文華餅店,,MF,28254008,Mon to Sat: 8am-8pmSun & public holidays: 8am-7pm,Not accept Bespoke Dollar;Not accept Point Registration,0,patisseries_cafes,Patisseries&Cafés,bakery_cakes,2022-01-16
Landmark,Dining,mandarin-grill-bar,Mandarin Grill + Bar,文華扒房及酒吧,,1F,28254004,Lunch - Mon-Fri: 12pm - 2:30pmDinner - 6pm - 9pmSunday Roast - 12pm - 2:30pm,Accept Bespoke Dollar;Accept Point Registration,1,western,Western,businesslunch;businesslunch__copy__7f01b3f;michelinstar;setmenudining;seafood,2022-01-16
Landmark,Dining,mo-bar,MO Bar,MO Bar,,GF,21320077,"Breakfast:Monday to Friday 8am-10:30amSaturday and Sunday 8am-11:30amDining:11am-5:30pm (last order for food & drinks at 5:30pm)Brunch:Saturday, Sunday & Public Holidays 11:30am-3:45pm",Accept Bespoke Dollar;Accept Point Registration,1,bars_juiceries,Bars&Juiceries,cocktails;happyhour,2022-01-16
Landmark,Dining,mortys-delicatessen,Morty's Delicatessen,Morty's Delicatessen,12-14,LGF,36650900,Mon – Fri: 8am – 9pm (Takeaway only after 6pm)Sat: 11am – 9pm (Takeaway only after 6pm)Sun and public holiday: Closed,Accept Bespoke Dollar;Accept Point Registration,1,western,Western,casualdining;happyhour,2022-01-16
Landmark,Dining,nodi,NODI,NODI,115,1F,28864168,Mon – Fri: 7am – 7pmSat: 10am – 7pmClosed on Sun & Public Holidays,Not accept Bespoke Dollar;Not accept Point Registration,0,patisseries_cafes,Patisseries&Cafés,grab_go;specialtycoffee,2022-01-16
Landmark,Dining,pdt-hong-kong,PDT Hong Kong,PDT Hong Kong,,GF,21320110,Operations suspended until further notice,Accept Bespoke Dollar;Accept Point Registration,1,bars_juiceries,Bars&Juiceries,cocktails;happyhour,2022-01-16
Landmark,Dining,peking-garden,Peking Garden,北京樓,B1,BF,25266456,11:30am-3pm Daily 6pm-9:30pm Daily (Takeaway only after 6pm),Not accept Bespoke Dollar;Accept Point Registration,0,chinese,Chinese,casualdining;privatedining;vegan;familyfriendly;grab_go,2022-01-16
Landmark,Dining,pret-a-manger,Pret A Manger,Pret A Manger,3217am-,3F,28400129,Mon-Fri 7:30am-6pmSat 9am-6pmSun & Public Holidays 9am-5pm,Accept Bespoke Dollar;Accept Point Registration,1,international,International,casualdining;grab_go,2022-01-16
Landmark,Dining,saladstop,SALADSTOP!,SALADSTOP!,311-312,3F,28771600,"Mon to Fri: 8am-8:30pmSat, Sun and Public Holidays: Closed",Accept Bespoke Dollar;Accept Point Registration,1,international,International,casualdining;grab_go,2022-01-16
Landmark,Dining,sevva,SEVVA,SEVVA,,25F,25371388,Mon-Wed: 12pm-10pmThur-Sat: 12pm-12am mid-nightSun: closed,Accept Bespoke Dollar;Accept Point Registration,1,western;international,Western;International,afternoontea;businesslunch;casualdining;cocktails;happyhour;privatedining;vegan;alfrescodining;finedining,2022-01-16
Landmark,Dining,shanghai-garden,Shanghai Garden,紫玉蘭,401,4F,21807288,Mon - Sun & Public Holidays: 11am-4pm,Not accept Bespoke Dollar;Accept Point Registration,0,chinese,Chinese,casualdining;privatedining;vegan;familyfriendly;grab_go,2022-01-16
Landmark,Dining,simplylife-cafe,simplylife Café,simplylife Café,B32,BF,29783929,"Mon - Fri 7:30am–6pmSat, Sun & Public Holiday 8:30am–6pm",Not accept Bespoke Dollar;Accept Point Registration,0,patisseries_cafes,Patisseries&Cafés,bakery_cakes;grab_go,2022-01-16
Landmark,Dining,somm,SOMM,SOMM,,7F,21320055,"Breakfast: Monday-Friday 7:30 – 10:30amSat, Sun and Public Holidays: 8 – 11amLunch: 12 – 4:30pmA la carte menu from 12 – 4:30pm (last seating at 4:15pm; last order at 4:30pm)SOMMearlydinner from 2:30-4:30pm (last seating at 4:15pm; last order at 4:30pm)Weekend Brunch: 11am – 4pm (last seating at 3:45pm; last order at 4pm; two hours of table returning time)Weekend SOMMearlydinner: 4pm-4:30pm (last seating 4:15pm and last order 4:30pm)Dinner: Suspended until further notice",Accept Bespoke Dollar;Accept Point Registration,1,bars_juiceries;international,Bars&Juiceries;International,casualdining;happyhour,2022-01-16
Landmark,Dining,starbucks-coffee,Starbucks Coffee (Three Exchange Square),星巴克咖啡 (交易廣場第三座),101,1F,25562335,Mon-Fri: 6:30am-8pm (Takeaway only after 6pm)Sat: 8am-4pmSun & Public Holidays: Closed,Not accept Bespoke Dollar;Accept Point Registration,0,patisseries_cafes,Patisseries&Cafés,grab_go,2022-01-16
Landmark,Dining,starbucks-coffee-jardine-house,Starbucks Coffee (Jardine House),星巴克咖啡 (怡和大廈),G1,GF,25215507,Mon-Fri: 6:30am-8pm (Takeaway only after 18:00)Sat: 8am-8pm (Takeaway only after 18:00)Sun & Public Holidays: 9am-6pm,Not accept Bespoke Dollar;Accept Point Registration,0,patisseries_cafes,Patisseries&Cafés,grab_go,2022-01-16
Landmark,Dining,starbucks-coffee-landmark-alexandra,Starbucks Coffee (Landmark Alexandra),星巴克咖啡 (置地歷山),201,2F,25261839,Mon-Sat: 7am-8pm (Takeaway only after 6pm)Sun & public holidays: 9am-7pm (Takeaway only after 6pm),Not accept Bespoke Dollar;Accept Point Registration,0,patisseries_cafes,Patisseries&Cafés,grab_go,2022-01-16
Landmark,Dining,starbucks-coffee-two-exchange-square,Starbucks Coffee (Two Exchange Square),星巴克咖啡 (交易廣場第二座),308-310,3F,21473739,Mon-Fri 6:30am-8pm  (Takeaway only after 6pm)Sat 8am-4pmSun & Public Holidays closed,Not accept Bespoke Dollar;Accept Point Registration,0,patisseries_cafes,Patisseries&Cafés,grab_go,2022-01-16
Landmark,Dining,sushi-shikon,Sushi Shikon,志魂,,7F,26436800,Lunch: 12:30pm-1:45pmDinner: 2pm-3:45pm & 4pm-5:45pm,Accept Bespoke Dollar;Accept Point Registration,0,japanese,Japanese,michelinstar;setmenudining;finedining;privatedining;seafood;exclusive,2022-01-16
Landmark,Dining,the-chinnery,The Chinnery,千日里,,1F,28254009,Lunch - Mon-Fri: 11:00am-2:30pmDinner - Mon-Sat: 6:30pm - 9:30pmSunday & Public Holidays: Closed,Accept Bespoke Dollar;Accept Point Registration,1,western,Western,casualdining;casualdining__copy__c7d76ee;casualdining__copy_;british,2022-01-16
Landmark,Dining,the-krug-room,The Krug Room,庫克廳,,1F,28254014,Individual Bookings - Thurs & Sat: 7pmPrivate Dining - Mon-Sat: 7pm,Accept Bespoke Dollar;Accept Point Registration,1,western;international,Western;International,privatedining,2022-01-16
Landmark,Dining,the-square,The Square,翠玉軒,402,4F,25251163,Mon - Sun & Public Holidays: 11am-3pm & 5:30pm-9pm,Not accept Bespoke Dollar;Accept Point Registration,0,chinese,Chinese,casualdining;privatedining;vegan;familyfriendly;grab_go,2022-01-16
Landmark,Dining,urban-bakery-works,URBAN BAKERY WORKS,URBAN BAKERY WORKS,322,3F,35654320,"Mon-Fri 7:30am-6pmSat, Sun & Public Holidays 8:30am-6pm",Not accept Bespoke Dollar;Accept Point Registration,0,international,International,casualdining;grab_go;happyhour,2022-01-16
Landmark,Dining,zuma-lounge-bar,ZUMA Lounge & Bar,ZUMA Lounge & Bar,601-603,6F,36576388,"Mon - Fri: 12nn-6pmSat, Sun & Public Holidays: 11am-6pm(Takeaway only from 6pm - 10pm)",Not accept Bespoke Dollar;Accept Point Registration,0,bars_juiceries,Bars&Juiceries,cocktails,2022-01-16
Landmark,Dining,zuma-restaurant,ZUMA Restaurant,ZUMA Restaurant,501-503,5F,36576388,"Mon - Fri: 12nn-6pmSat, Sun & Public Holidays: 11am-6pm(Takeaway only from 6pm - 10pm)",Accept Bespoke Dollar;Accept Point Registration,1,japanese,Japanese,businesslunch;casualdining;privatedining;vegan;alfrescodining;familyfriendly,2022-01-16
