mall,type,shop_id,shop_name_en,shop_name_tc,shop_number,shop_floor,phone,opening_hours,loyalty_offer,voucher_acceptance,shop_category_id,shop_category_name,tag,update_date
CityPlaza,Shopping,22-hair-and-nail,22 hair.nail,22 hair.nail,"L1, 119A",1F,31050888,Monday – Sunday 11:00 – 19:00,,,beauty-personal-care,Beauty & Personal Care,,2022-05-02
CityPlaza,Shopping,aape,AAPE BY *A BATHING APE®,AAPE BY *A BATHING APE®,"GF, 020",GF,23637385,Sunday – Thursday 11:00 – 21:00,,,fashion-apparel-shoes,"Fashion, Apparel & Shoes",,2022-05-02
CityPlaza,Shopping,abc-cooking-studio,ABC Cooking Studio,ABC Cooking Studio,"L1, 148",1F,25681722,Monday – Sunday 10:00 – 22:00,,,lifestyle;liveplus,Lifestyle & Entertainment;LIVE+ Offers,,2022-05-02
CityPlaza,Shopping,adidas,adidas,adidas,"GF, 018A",GF,29070158,Monday – Sunday 11:00 – 21:00,,,sportswear-and-equipment;fashion-apparel-shoes,"Sportswear & Equipment;Fashion, Apparel & Shoes",,2022-05-02
CityPlaza,Shopping,agnes-b,agnès b.,agnès b.,"L2, 280",2F,28859803,Monday – Sunday 11:30 – 21:00,,,fashion-apparel-shoes,"Fashion, Apparel & Shoes",,2022-05-02
CityPlaza,Shopping,agnes-b-fleuriste,Agnes.b Fleuriste,Agnès b. 花店,"L2, 280-282",2F,28080623,Monday – Sunday 08:30 – 19:30,,,lifestyle,Lifestyle & Entertainment,,2022-05-02
CityPlaza,Shopping,aigle,Aigle,Aigle,"GF, 067",GF,28732332,Monday – Sunday 11:00 – 20:30,,,fashion-apparel-shoes,"Fashion, Apparel & Shoes",,2022-05-02
CityPlaza,Shopping,alice-house,Alice House,Alice House,"L2, 249",2F,25682553,Monday – Sunday 11:30 – 20:00,,,fashion-apparel-shoes,"Fashion, Apparel & Shoes",,2022-05-02
CityPlaza,Shopping,apita,APITA ,APITA ,B1 & G/F,B1F;GF,28850331,Monday – Sunday 09:30-22:00(B1/F) & 10:00-21:00(G/F),,,lifestyle;fashion-apparel-shoes;major-stores,"Lifestyle & Entertainment;Fashion, Apparel & Shoes;Major Stores",,2022-05-02
CityPlaza,Shopping,apivita,APIVITA,APIVITA,"L2, 212",2F,64817060,Monday – Sunday 11:00 – 21:00,,,beauty-personal-care,Beauty & Personal Care,,2022-05-02
CityPlaza,Shopping,as-know-as-ponpoko,As Know As Ponpoko,As Know As Ponpoko,"L2, 264B",2F,26030404,Monday – Sunday 11:00 – 20:00,,,childrenwear-kids;liveplus,Children's Wear & Kids' Accessories;LIVE+ Offers,,2022-05-02
CityPlaza,Shopping,ashworth,ASHWORTH,雅獅威,"L1, 106",1F,28844987,Monday – Sunday 11:00 – 20:00,,,sportswear-and-equipment;liveplus,Sportswear & Equipment;LIVE+ Offers,,2022-05-02
CityPlaza,Shopping,asics,ASICS,ASICS,"GF, 018B",GF,26909228,Monday – Sunday 11:00 – 21:00,,,fashion-apparel-shoes;sportswear-and-equipment,"Fashion, Apparel & Shoes;Sportswear & Equipment",,2022-05-02
CityPlaza,Shopping,aveda,Aveda,Aveda,"L2, 231",2F,23965435,Monday-Sunday 11:00 -20:00,,,beauty-personal-care,Beauty & Personal Care,,2022-05-02
CityPlaza,Shopping,b-ab,b+ab,b+ab,"L1, 104",1F,25763579,Monday – Sunday 11:30 – 22:00,,,fashion-apparel-shoes;liveplus,"Fashion, Apparel & Shoes;LIVE+ Offers",,2022-05-02
CityPlaza,Shopping,bank-of-communications-co-ltd,Bank of Communications,交通銀行,"GF, 038",GF,39893290,Monday – Friday 09:00 – 16:00,,,banks-otherservices,Banks & Services,,2022-05-02
CityPlaza,Shopping,bobbi-brown,BOBBI BROWN,BOBBI BROWN,"L2, 235",2F,35802760,Monday – Sunday 11:00 – 21:00,,,beauty-personal-care,Beauty & Personal Care,,2022-05-02
CityPlaza,Shopping,brand-off,BRAND OFF,BRAND OFF,"L1, 120",1F,29676137,Monday – Sunday 11:00 – 20:00,,,accessories-jewellery-optical,"Accessories, Jewellery & Optical",,2022-05-02
CityPlaza,Shopping,bread-n-butter,bread n butter,bread n butter,"L2, 270",2F,25687677,Monday – Sunday 11:30 – 21:00,,,fashion-apparel-shoes,"Fashion, Apparel & Shoes",,2022-05-02
CityPlaza,Shopping,broadway,BROADWAY,百老滙,"L4, 410",4F,28840324,Monday – Sunday 11:00 – 21:00,,,electronic-appliances-gadgets,Electronic Appliances & Gadgets,,2022-05-02
CityPlaza,Shopping,brooks-brothers,Brooks Brothers,Brooks Brothers,"L2, 287",2F,23452821,Monday – Sunday 11:00 – 21:00,,,fashion-apparel-shoes,"Fashion, Apparel & Shoes",,2022-05-02
CityPlaza,Shopping,ckp-cku,CALVIN KLEIN UNDERWEAR + CALVIN KLEIN PERFORMANCE,CALVIN KLEIN UNDERWEAR + CALVIN KLEIN PERFORMANCE,"GF, 031",GF,25919763/66570666,Monday – Sunday 11:00 – 21:00,,,fashion-apparel-shoes;sportswear-and-equipment,"Fashion, Apparel & Shoes;Sportswear & Equipment",,2022-05-02
CityPlaza,Shopping,calzedonia-and-intimissimi,CALZEDONIA & Intimissimi,CALZEDONIA & Intimissimi,"L2, 257",2F,25373302,Sun - Thu 11:00 - 20:30,,,fashion-apparel-shoes;liveplus,"Fashion, Apparel & Shoes;LIVE+ Offers",,2022-05-02
CityPlaza,Shopping,catalog,Catalog,Catalog ,"L4, 404",4F,29070186,Monday – Sunday 11:00 – 22:00,,,fashion-apparel-shoes;sportswear-and-equipment,"Fashion, Apparel & Shoes;Sportswear & Equipment",,2022-05-02
CityPlaza,Shopping,cath-kidston,Cath Kidston,Cath Kidston,"L2, 285",2F,27155738,Monday – Sunday 11:30 – 19:30,,,fashion-apparel-shoes;liveplus,"Fashion, Apparel & Shoes;LIVE+ Offers",,2022-05-02
CityPlaza,Shopping,cd-warehouse,CD WAREHOUSE,音樂坊,"L4, 407",4F,35280992,Monday-Sunday 11:00 – 20:30,,,lifestyle,Lifestyle & Entertainment,,2022-05-02
CityPlaza,Shopping,challenger,CHALLENGER,挑戰者汽車護理服務,B2,B1F,25398438,Monday – Friday 11:00 – 20:00,,,banks-otherservices;liveplus,Banks & Services;LIVE+ Offers,,2022-05-02
CityPlaza,Shopping,chanel-beaute,CHANEL BEAUTÉ ,CHANEL BEAUTÉ ,"L2, 225",2F,29794878,Monday – Sunday 11:00 – 20:00,,,beauty-personal-care;liveplus,Beauty & Personal Care;LIVE+ Offers,,2022-05-02
CityPlaza,Shopping,charles-and-keith,CHARLES & KEITH,CHARLES & KEITH ,"GF, 072",GF,39050380,Monday – Sunday 11:00 – 21:00,,,accessories-jewellery-optical,"Accessories, Jewellery & Optical",,2022-05-02
CityPlaza,Shopping,chevignon,CHEVIGNON,尚飛楊,"4/F, Open Space",4F,63901053,Monday – Sunday 11:30 – 20:30,,,fashion-apparel-shoes,"Fashion, Apparel & Shoes",,2022-05-02
CityPlaza,Shopping,chicco,Chicco,Chicco,"L2, 277",2F,21856029,Monday – Sunday 11:00 – 21:00,,,childrenwear-kids;liveplus,Children's Wear & Kids' Accessories;LIVE+ Offers,,2022-05-02
CityPlaza,Shopping,china-citic-bank-international,CHINA CITIC BANK INTERNATIONAL  ,中信銀行(國際),"GF, 063",GF,36033190,Monday – Friday 09:00 – 17:00,,,banks-otherservices,Banks & Services,,2022-05-02
CityPlaza,Shopping,china-construction-bank-asia,China Construction Bank (Asia),中國建設銀行 (亞洲),"GF, 001",GF,37187380,Monday – Friday 09:00 – 16:00,,,banks-otherservices,Banks & Services,,2022-05-02
CityPlaza,Shopping,chow-sang-sang,Chow Sang Sang,周生生,"L1, 119",1F,25696083,Mon - Sun 11:00 – 20:30,,,accessories-jewellery-optical;liveplus,"Accessories, Jewellery & Optical;LIVE+ Offers",,2022-05-02
CityPlaza,Shopping,city-chain,City Chain,時間廊,"L1, 117",1F,25779841,Monday – Sunday 11:00-20:30,,,accessories-jewellery-optical;liveplus,"Accessories, Jewellery & Optical;LIVE+ Offers",,2022-05-02
CityPlaza,Shopping,cityplaza-ice-palace-skate-shop,Cityplaza Ice Palace Skate Shop,太古城中心冰上皇宮溜冰商店,"L1, 131",1F,28448637,Monday – Friday 11:00 – 20:00,,,sportswear-and-equipment;liveplus,Sportswear & Equipment;LIVE+ Offers,,2022-05-02
CityPlaza,Shopping,clean-living,Clean Living,恒隆白洋舍,B1,B1F,25357768,Monday – Sunday 10:00 – 22:00,,,banks-otherservices,Banks & Services,,2022-05-02
CityPlaza,Shopping,clinique,CLINIQUE,倩碧,"L2, 234",2F,28849228,Monday – Thursday 11:00 – 21:00,,,beauty-personal-care,Beauty & Personal Care,,2022-05-02
CityPlaza,Shopping,club-monaco,Club Monaco ,Club Monaco,"L2, 274",2F,21132455,Monday – Sunday 11:00 – 20:00,,,fashion-apparel-shoes;accessories-jewellery-optical;liveplus,"Fashion, Apparel & Shoes;Accessories, Jewellery & Optical;LIVE+ Offers",,2022-05-02
CityPlaza,Shopping,coach,COACH,COACH ,"L2, 278A",2F,29070827,Monday – Thursday 11:00 – 20:00,,,accessories-jewellery-optical;fashion-apparel-shoes,"Accessories, Jewellery & Optical;Fashion, Apparel & Shoes",,2022-05-02
CityPlaza,Shopping,cocktail,COCKTAIL,COCKTAIL,"L2, 268",2F,23011368,Monday – Sunday 11:00 – 20:00,,,fashion-apparel-shoes,"Fashion, Apparel & Shoes",,2022-05-02
CityPlaza,Shopping,columbia,Columbia Sportswear Company,Columbia Sportswear Company ,"GF, 069B",GF,63909310,Monday – Sunday 11:30 – 21:00,,,fashion-apparel-shoes;sportswear-and-equipment;travel-travel-accessories;liveplus,"Fashion, Apparel & Shoes;Sportswear & Equipment;Travel & Travel Accessories;LIVE+ Offers",,2022-05-02
CityPlaza,Shopping,cos,COS,COS,"L2, 238",2F,25600013,Monday – Sunday 11:00 – 21:00,,,fashion-apparel-shoes,"Fashion, Apparel & Shoes",,2022-05-02
CityPlaza,Shopping,covermark,COVERMARK,COVERMARK,"L2, 232",2F,25600146,Monday – Sunday 10:30 – 21:00,,,beauty-personal-care;liveplus,Beauty & Personal Care;LIVE+ Offers,,2022-05-02
CityPlaza,Shopping,crocs,crocs,crocs,"L1, 116",1F,24519511,Sunday – Thursday 11:00 – 21:00,,,fashion-apparel-shoes;liveplus,"Fashion, Apparel & Shoes;LIVE+ Offers",,2022-05-02
CityPlaza,Shopping,csl-as-simple-as-one2free,csl,csl,"L1, 151B",1F,25123123,Monday – Sunday 11:00 – 21:00,,,electronic-appliances-gadgets;banks-otherservices,Electronic Appliances & Gadgets;Banks & Services,,2022-05-02
CityPlaza,Shopping,dbs-treasures,DBS Treasures at Taikoo Shing,太古城-星展豐盛理財中心,"GF, 037",GF,36682290,Monday – Friday 09:00 – 17:00,,,banks-otherservices,Banks & Services,,2022-05-02
CityPlaza,Shopping,double-park,double-park,double-park,"GF, 020",GF,23637063,Sunday – Thursday 11:00 – 21:00,,,fashion-apparel-shoes;liveplus,"Fashion, Apparel & Shoes;LIVE+ Offers",,2022-05-02
CityPlaza,Shopping,ecco,ECCO,ECCO,"L1, 146",1F,29070866,Monday – Sunday 11:00 – 21:00,,,fashion-apparel-shoes;liveplus,"Fashion, Apparel & Shoes;LIVE+ Offers",,2022-05-02
CityPlaza,Shopping,egg-optical-boutique,eGG Optical Boutique,eGG Optical Boutique,"L1, 118",1F,25234542,Monday – Friday 11:00 – 21:30,,,accessories-jewellery-optical,"Accessories, Jewellery & Optical",,2022-05-02
CityPlaza,Shopping,eslite,eslite spectrum Tai Koo Store,誠品生活太古店,"GF, 074 & L1, 144",GF;1F,34191188,Monday – Sunday 10:00 – 20:00,,,accessories-jewellery-optical;lifestyle;major-stores;liveplus,"Accessories, Jewellery & Optical;Lifestyle & Entertainment;Major Stores;LIVE+ Offers",,2022-05-02
CityPlaza,Shopping,esteelauder,ESTĒE LAUDER,ESTĒE LAUDER,"L2, 278",2F,28869312,Monday – Sunday 10:30-21:00,,,beauty-personal-care,Beauty & Personal Care,,2022-05-02
CityPlaza,Shopping,eu-yan-sang,Eu Yan Sang,余仁生,"L1, 128B",1F,28863216,Monday – Sunday 10:00 – 20:30,,,beauty-personal-care,Beauty & Personal Care,,2022-05-02
CityPlaza,Shopping,fancl,FANCL,FANCL,"L2, 242",2F,36220719,Monday – Sunday 11:00 – 21:00,,,beauty-personal-care;liveplus,Beauty & Personal Care;LIVE+ Offers,,2022-05-02
CityPlaza,Shopping,florsheim,Florsheim,富樂紳,"L3, 304A",3F,23661360,Monday – Sunday 11:30 – 21:00,,,fashion-apparel-shoes;liveplus,"Fashion, Apparel & Shoes;LIVE+ Offers",,2022-05-02
CityPlaza,Shopping,fortress,FORTRESS,豐澤,"L4, 418",4F,25682280,Monday – Sunday 11:00-21:00,,,electronic-appliances-gadgets;liveplus,Electronic Appliances & Gadgets;LIVE+ Offers,,2022-05-02
CityPlaza,Shopping,francfranc,Francfranc,Francfranc,"L2, 210",2F,34273366/90904686,Sunday – Thursday 11:30 – 20:30,,,lifestyle;liveplus,Lifestyle & Entertainment;LIVE+ Offers,,2022-05-02
CityPlaza,Shopping,fresh,fresh,fresh,"L1, 113",1F,91707016,Monday – Sunday 11:00 – 21:00,,,beauty-personal-care,Beauty & Personal Care,,2022-05-02
CityPlaza,Shopping,furla,FURLA,FURLA,"L2, 258",2F,25150018,Monday – Sunday 11:00 – 20:00,,,accessories-jewellery-optical;liveplus,"Accessories, Jewellery & Optical;LIVE+ Offers",,2022-05-02
CityPlaza,Shopping,g2000,"G2000 MAN, G2000 WOMAN, BLAACK ","G2000 MAN, G2000 WOMAN, BLAACK","L2, 250",2F,29070252,Monday – Friday 11:00 – 21:30,,,fashion-apparel-shoes;liveplus,"Fashion, Apparel & Shoes;LIVE+ Offers",,2022-05-02
CityPlaza,Shopping,geox,GEOX,GEOX,"L2, 207",2F,24277088,Monday – Sunday 10:30 – 20:30,,,fashion-apparel-shoes;liveplus,"Fashion, Apparel & Shoes;LIVE+ Offers",,2022-05-02
CityPlaza,Shopping,gienne-tsui,Gienne Tsui,Gienne Tsui,"L1, GH1",1F,28810568,Monday - Sunday 10:30 - 19:30,,,beauty-personal-care,Beauty & Personal Care,,2022-05-02
CityPlaza,Shopping,gigasports,GigaSports,GigaSports,"GF, 034",GF,29153360,Monday – Friday 11:00 – 21:00,,,sportswear-and-equipment;fashion-apparel-shoes;liveplus,"Sportswear & Equipment;Fashion, Apparel & Shoes;LIVE+ Offers",,2022-05-02
CityPlaza,Shopping,giordano,Giordano,佐丹奴 ,"L3, 306",3F,29227126,Monday – Sunday 11:00 – 20:00,,,fashion-apparel-shoes;liveplus,"Fashion, Apparel & Shoes;LIVE+ Offers",,2022-05-02
CityPlaza,Shopping,giordano-junior,Giordano Junior ,Giordano Junior ,"L3, 306",3F,29227126,Monday – Sunday 11:30 – 21:00,,,childrenwear-kids;liveplus,Children's Wear & Kids' Accessories;LIVE+ Offers,,2022-05-02
CityPlaza,Shopping,giordano-ladies,Giordano Ladies,Giordano Ladies,"L3, 305",3F,29227127,Monday – Sunday 11:30 – 21:00,,,fashion-apparel-shoes;accessories-jewellery-optical,"Fashion, Apparel & Shoes;Accessories, Jewellery & Optical",,2022-05-02
CityPlaza,Shopping,global-timepieces,Global Timepieces,高時錶行,"L2, 203-205",2F,23690889,Monday – Sunday 11:00 – 20:00,,,accessories-jewellery-optical,"Accessories, Jewellery & Optical",,2022-05-02
CityPlaza,Shopping,global-work,Global Work,Global Work,"GF, 052",GF,26770630,Monday – Sunday 11:00 – 22:00,,,fashion-apparel-shoes;accessories-jewellery-optical,"Fashion, Apparel & Shoes;Accessories, Jewellery & Optical",,2022-05-02
CityPlaza,Shopping,go-wild,Go Wild,Go Wild,"GF, 069A",GF,63913101,Mon - Fri 12:00 - 21:00,,,fashion-apparel-shoes;sportswear-and-equipment;travel-travel-accessories;liveplus,"Fashion, Apparel & Shoes;Sportswear & Equipment;Travel & Travel Accessories;LIVE+ Offers",,2022-05-02
CityPlaza,Shopping,h-and-m,H&M,H&M,"L2, 245 & L3, 301",2F/3F,31014463,Monday – Sunday 10:00 – 22:00,,,fashion-apparel-shoes;childrenwear-kids,"Fashion, Apparel & Shoes;Children's Wear & Kids' Accessories",,2022-05-02
CityPlaza,Shopping,herownwords,Her Own Words,Her Own Words,"L2, 269",2F,27620866,Monday – Sunday 11:00 – 21:00,,,fashion-apparel-shoes;liveplus,"Fashion, Apparel & Shoes;LIVE+ Offers",,2022-05-02
CityPlaza,Shopping,hobbs,Hobbs,Hobbs,"L2, 263",2F,34285168,Sunday – Thursday 11:00 – 20:00,,,fashion-apparel-shoes,"Fashion, Apparel & Shoes",,2022-05-02
CityPlaza,Shopping,homeless,HOMELESS,HOMELESS,"L2, 211",2F,21101984,Monday – Sunday 11:00 – 20:30,,,lifestyle,Lifestyle & Entertainment,,2022-05-02
CityPlaza,Shopping,hsbc-cityplaza-branch,HSBC Cityplaza Branch & Premier Centre Cityplaza Express ,"匯豐銀行太古城中心卓越理財中心, 太古城中心分行,太古城中心理財易中心","GF, 065",GF,22333322,Monday – Thursday 09:00 – 16:30,,,banks-otherservices,Banks & Services,,2022-05-02
CityPlaza,Shopping,it,i.t,i.t.,"L1, 104",1F,25763155,Sunday – Thursday 11:00 – 21:00,,,fashion-apparel-shoes;accessories-jewellery-optical;major-stores;liveplus,"Fashion, Apparel & Shoes;Accessories, Jewellery & Optical;Major Stores;LIVE+ Offers",,2022-05-02
CityPlaza,Shopping,initial,initial,initial ,"L3, 302",3F,28092266,Monday – Thursday 11:00 – 21:00,,,fashion-apparel-shoes,"Fashion, Apparel & Shoes",,2022-05-02
CityPlaza,Shopping,initial-gentleman,initial GENTLEMAN,initial GENTLEMAN,"L3, 303",3F,28092266,Monday – Thursday 11:00 – 21:00,,,fashion-apparel-shoes,"Fashion, Apparel & Shoes",,2022-05-02
CityPlaza,Shopping,innisfree,innisfree,悅詩風吟,"L1, 110",1F,31011928,Monday – Sunday 10:30 - 21:00,,,beauty-personal-care,Beauty & Personal Care,,2022-05-02
CityPlaza,Shopping,izzue,izzue,izzue,"GF, 008",GF,29070485,Sunday – Thursday 11:00 – 21:00,,,fashion-apparel-shoes;liveplus,"Fashion, Apparel & Shoes;LIVE+ Offers",,2022-05-02
CityPlaza,Shopping,joy-and-peace,Joy & Peace,Joy & Peace,"L1, 150",1F,25907503,Monday – Sunday 11:30 – 21:00,,,fashion-apparel-shoes,"Fashion, Apparel & Shoes",,2022-05-02
CityPlaza,Shopping,jumpin-gym-usa,Jumpin Gym USA,美國冒險樂園,"L1, 103B",1F,25600003,Monday – Sunday 11:00 – 22:00,,,lifestyle;liveplus,Lifestyle & Entertainment;LIVE+ Offers,,2022-05-02
CityPlaza,Shopping,jurlique,Jurlique,Jurlique,"L2, 230",2F,28859606,Sunday – Thursday 11:00 – 20:00,,,beauty-personal-care;liveplus,Beauty & Personal Care;LIVE+ Offers,,2022-05-02
CityPlaza,Shopping,loccitane,L’OCCITANE,L’OCCITANE,"L2, 209",2F,25686860,Monday – Sunday 11:00 – 21:00,,,beauty-personal-care;liveplus,Beauty & Personal Care;LIVE+ Offers,,2022-05-02
CityPlaza,Shopping,lancome,LANCÔME,LANCÔME,"L2, 279",2F,25396008,Monday – Sunday 10:30 – 21:30,,,beauty-personal-care,Beauty & Personal Care,,2022-05-02
CityPlaza,Shopping,lego-certified-store,LEGO® Store,樂高®認證專門店,"GF, 012",GF,21164378,Monday – Thursday 11:00 – 21:00,,,childrenwear-kids;liveplus,Children's Wear & Kids' Accessories;LIVE+ Offers,,2022-05-02
CityPlaza,Shopping,lenscrafters,LensCrafters,亮視點,"L1, 128A",1F,28864522,Monday – Sunday 11:00 – 20:30,,,accessories-jewellery-optical,"Accessories, Jewellery & Optical",,2022-05-02
CityPlaza,Shopping,levis,Levi’s®,Levi’s®,"L2, 284",2F,25603719,Monday – Thursday 11:00 – 21:00,,,fashion-apparel-shoes,"Fashion, Apparel & Shoes",,2022-05-02
CityPlaza,Shopping,log-on,LOG-ON,LOG-ON,"L2, 260",2F,28554200,Sunday – Thursday 10:30 – 22:00,,,lifestyle;beauty-personal-care;major-stores;liveplus,Lifestyle & Entertainment;Beauty & Personal Care;Major Stores;LIVE+ Offers,,2022-05-02
CityPlaza,Shopping,mabelle,MaBelle,MaBelle,"L1, 137",1F,29070800,Monday – Sunday 11:00 – 21:00,,,accessories-jewellery-optical,"Accessories, Jewellery & Optical",,2022-05-02
CityPlaza,Shopping,madia,MADIA,MADIA,"L2, 206",2F,25053603,Monday – Sunday 11:00 – 21:00,,,accessories-jewellery-optical,"Accessories, Jewellery & Optical",,2022-05-02
CityPlaza,Shopping,maje,Maje,Maje,"L2, 264A",2F,28056123,Monday – Sunday 11:30 – 20:30,,,fashion-apparel-shoes;liveplus,"Fashion, Apparel & Shoes;LIVE+ Offers",,2022-05-02
CityPlaza,Shopping,mannings-plus,Mannings Plus,萬寧,"L4, 420",4F,29070621,Monday – Sunday 10:00 – 22:00,,,beauty-personal-care,Beauty & Personal Care,,2022-05-02
CityPlaza,Shopping,marella,Marella,MARELLA,"L2, 275A",2F,27229627,Monday – Sunday 11:00 – 20:00,,,fashion-apparel-shoes;liveplus,"Fashion, Apparel & Shoes;LIVE+ Offers",,2022-05-02
CityPlaza,Shopping,marks-and-spencer,Marks & Spencer,英國馬莎,"L1, 130",1F,29218721,Monday – Sunday 10:00 – 21:30 & 8:00 – 21:30(Food),,,fashion-apparel-shoes;lifestyle;major-stores,"Fashion, Apparel & Shoes;Lifestyle & Entertainment;Major Stores",,2022-05-02
CityPlaza,Shopping,max-and-co,MAX&Co.,MAX&Co.,"L2, 228",2F,27229615,Monday – Sunday 11:00 – 20:00,,,fashion-apparel-shoes;liveplus,"Fashion, Apparel & Shoes;LIVE+ Offers",,2022-05-02
CityPlaza,Shopping,melissa-at-mdreams,Melissa at MDreams,Melissa at MDreams,"L2, 268C",2F,28114311,Monday – Thursday 11:30 – 21:00,,,fashion-apparel-shoes;accessories-jewellery-optical,"Fashion, Apparel & Shoes;Accessories, Jewellery & Optical",,2022-05-02
CityPlaza,Shopping,melvita,Melvita,蜜葳特,"L2, 266",2F,21090800,Monday – Sunday 11:00 – 20:00,,,beauty-personal-care;liveplus,Beauty & Personal Care;LIVE+ Offers,,2022-05-02
CityPlaza,Shopping,moiselle,MOISELLE,MOISELLE,"L1, 111",1F,28843006,Monday – Sunday 11:00 – 20:30,,,fashion-apparel-shoes,"Fashion, Apparel & Shoes",,2022-05-02
CityPlaza,Shopping,muji,MUJI ,無印良品 ,"GF, 066",GF,39713170,Monday - Sunday 12:00 – 19:00,,,major-stores,Major Stores,,2022-05-02
CityPlaza,Shopping,museumcontext,Museum Context,Museum Context,"L1, 126",1F,98315735,Monday – Sunday 11:00 – 20:00,,,lifestyle,Lifestyle & Entertainment,,2022-05-02
CityPlaza,Shopping,mushroom,Mushroom,Mushroom,"L2, 276",2F,23438890,Monday – Sunday 11:30 – 20:30,,,accessories-jewellery-optical;fashion-apparel-shoes,"Accessories, Jewellery & Optical;Fashion, Apparel & Shoes",,2022-05-02
CityPlaza,Shopping,nail-bar,Nail Bar,Nail Bar ,"L3, 304B",3F,25354599/96721532,Monday – Sunday 10:00 – 20:30,,,beauty-personal-care,Beauty & Personal Care,,2022-05-02
CityPlaza,Shopping,nike-running,Nike Running,NIKE RUNNING,"L1, 133",1F,25547273,Monday – Friday 11:00 - 21:00,,,sportswear-and-equipment;fashion-apparel-shoes,"Sportswear & Equipment;Fashion, Apparel & Shoes",,2022-05-02
CityPlaza,Shopping,niko-and,niko and…,niko and…,"GF, 054",GF,25429066,Monday – Sunday 11:00 – 22:00,,,fashion-apparel-shoes;lifestyle,"Fashion, Apparel & Shoes;Lifestyle & Entertainment",,2022-05-02
CityPlaza,Shopping,noriem-sensounico,NorieM Sensounico,NorieM Sensounico,"L2, 239",2F,21551167,Monday – Sunday 10:30 – 20:00,,,fashion-apparel-shoes;liveplus,"Fashion, Apparel & Shoes;LIVE+ Offers",,2022-05-02
CityPlaza,Shopping,ogawa,OGAWA,OGAWA,"L4, 408",4F,26261263,Monday – Sunday 11:00 – 21:00,,,electronic-appliances-gadgets;lifestyle,Electronic Appliances & Gadgets;Lifestyle & Entertainment,,2022-05-02
CityPlaza,Shopping,optical-88,OPTICAL 88,OPTICAL 88,"L2, 272",2F,25695902,Monday - Friday 11:00 - 21:30,,,accessories-jewellery-optical,"Accessories, Jewellery & Optical",,2022-05-02
CityPlaza,Shopping,oriental-traffic,ORiental TRaffic,ORiental TRaffic,"L1, 143",1F,26036800,Sunday – Thursday 11:30 – 21:30,,,fashion-apparel-shoes,"Fashion, Apparel & Shoes",,2022-05-02
CityPlaza,Shopping,pandora,PANDORA,PANDORA,"L2, 294",2F,21101548,Monday – Sunday 11:00 – 21:00,,,accessories-jewellery-optical;liveplus,"Accessories, Jewellery & Optical;LIVE+ Offers",,2022-05-02
CityPlaza,Shopping,patagonia,Patagonia,Patagonia,"GF, 068",GF,21119222,Monday – Sunday 11:00 – 21:00,,,fashion-apparel-shoes;sportswear-and-equipment;travel-travel-accessories,"Fashion, Apparel & Shoes;Sportswear & Equipment;Travel & Travel Accessories",,2022-05-02
CityPlaza,Shopping,pedderred,Pedder Red,Pedder Red,"L1, 112",1F,21183055,Monday – Sunday 10:30 – 20:30,,,fashion-apparel-shoes,"Fashion, Apparel & Shoes",,2022-05-02
CityPlaza,Shopping,phase-eight,Phase Eight,Phase Eight,"L2, 291",2F,22349178,Monday - Sunday 11:00 – 21:00,,,fashion-apparel-shoes,"Fashion, Apparel & Shoes",,2022-05-02
CityPlaza,Shopping,re-pillow-co,Re Pillow Co,Re Pillow Co,"L1, GH2",1F,,Monday - Sunday 12:00 - 20:00,,,lifestyle,Lifestyle & Entertainment,,2022-05-02
CityPlaza,Shopping,rockport,ROCKPORT,ROCKPORT,"L1, 147B",1F,25600743,Monday - Friday 11:00 - 20:30,,,fashion-apparel-shoes;liveplus,"Fashion, Apparel & Shoes;LIVE+ Offers",,2022-05-02
CityPlaza,Shopping,sabon,SABON,SABON,"L2, 210A",2F,27229352,Monday – Thursday 11:00 – 21:00,,,beauty-personal-care;liveplus,Beauty & Personal Care;LIVE+ Offers,,2022-05-02
CityPlaza,Shopping,samsonite,Samsonite,Samsonite,"GF, 075",GF,29070132,Monday – Sunday 11:00 – 20:00,,,travel-travel-accessories;accessories-jewellery-optical;liveplus,"Travel & Travel Accessories;Accessories, Jewellery & Optical;LIVE+ Offers",,2022-05-02
CityPlaza,Shopping,shiseido,SHISEIDO ,資生堂,"L2, 275B",2F,28861712,Monday – Sunday 10:30 – 21:00,,,beauty-personal-care,Beauty & Personal Care,,2022-05-02
CityPlaza,Shopping,smartone,SmarTone,數碼通,"L1, 151A",1F,24713633,Monday – Sunday 11:00 – 21:00,,,banks-otherservices,Banks & Services,,2022-05-02
CityPlaza,Shopping,soleroom,SoleRoom,SoleRoom,"L1, 147A",1F,28458366,Monday – Friday 11:30 – 20:30,,,fashion-apparel-shoes;liveplus,"Fashion, Apparel & Shoes;LIVE+ Offers",,2022-05-02
CityPlaza,Shopping,sport-b,SPORT B.  ,SPORT B.  ,"L2, 286",2F,29070288,Monday – Sunday 11:00 – 21:00,,,fashion-apparel-shoes,"Fashion, Apparel & Shoes",,2022-05-02
CityPlaza,Shopping,staccato,STACCATO,STACCATO,"L1, 140",1F,29678399,Monday – Thursday 11:30 – 20:30,,,fashion-apparel-shoes;liveplus,"Fashion, Apparel & Shoes;LIVE+ Offers",,2022-05-02
CityPlaza,Shopping,stage-of-playlord,Stage of Playlord,Stage of Playlord,"L1, 138",1F,28849363,Monday – Sunday 11:30 – 21:30,,,fashion-apparel-shoes,"Fashion, Apparel & Shoes",,2022-05-02
CityPlaza,Shopping,standard-chartered-bank-hong-kong-ltd,Standard Chartered Bank,渣打銀行,"GF, 042",GF,25681153,Monday – Friday 09:00 – 17:00,,,banks-otherservices,Banks & Services,,2022-05-02
CityPlaza,Shopping,standard-chartered-priority-bank-centre,Standard Chartered Bank Priority Banking Centre,渣打銀行優先理財中心,"GF, 044",GF,25693577,Monday – Friday 09:00 – 17:00,,,banks-otherservices,Banks & Services,,2022-05-02
CityPlaza,Shopping,swarovski,SWAROVSKI,SWAROVSKI,"L2, 295",2F,29703178,Monday – Sunday 11:00 – 20:00,,,accessories-jewellery-optical,"Accessories, Jewellery & Optical",,2022-05-02
CityPlaza,Shopping,the-best-tea-house,The Best Tea House,茶藝樂園,"L1, 125",1F,23684201,Monday – Sunday 11:00 – 21:00,,,lifestyle,Lifestyle & Entertainment,,2022-05-02
CityPlaza,Shopping,the-body-shop,THE BODY SHOP,THE BODY SHOP,"L2, 224",2F,28849211,Monday – Sunday 11:00 – 21:00,,,beauty-personal-care,Beauty & Personal Care,,2022-05-02
CityPlaza,Shopping,theory,Theory,Theory,"L2, 292",2F,26101223,Monday – Sunday 11:00 – 20:00,,,fashion-apparel-shoes;liveplus,"Fashion, Apparel & Shoes;LIVE+ Offers",,2022-05-02
CityPlaza,Shopping,tommy-hilfiger,Tommy Hilfiger,Tommy Hilfiger,"L2, 293",2F,25609808,Monday – Sunday 11:00 – 21:00,,,fashion-apparel-shoes,"Fashion, Apparel & Shoes",,2022-05-02
CityPlaza,Shopping,toys-r-us,Toys“R”Us,玩具 “反”斗城,"L1, 103A",1F,25692388,Monday – Sunday 11:30 – 21:00,,,childrenwear-kids;lifestyle,Children's Wear & Kids' Accessories;Lifestyle & Entertainment,,2022-05-02
CityPlaza,Shopping,ultimate,Ultimate PC & MAC Gallery ,領先電腦科技有限公司,"GF, 073",GF,31070805,Monday – Sunday 11:00 – 20:00,,,electronic-appliances-gadgets,Electronic Appliances & Gadgets,,2022-05-02
CityPlaza,Shopping,uniqlo,UNIQLO,UNIQLO,"L4, 401",4F,29070302,Monday – Sunday 11:00 – 21:00,,,fashion-apparel-shoes;childrenwear-kids,"Fashion, Apparel & Shoes;Children's Wear & Kids' Accessories",,2022-05-02
CityPlaza,Shopping,united-optical,UNITED OPTICAL,聯邦眼鏡,"L4, 406",4F,25677308,Monday – Sunday 10:30 – 21:00,,,accessories-jewellery-optical,"Accessories, Jewellery & Optical",,2022-05-02
CityPlaza,Shopping,vans,VANS,VANS,"L2, 271",2F,29526632,Monday - Sunday 11:00 - 21:00,,,fashion-apparel-shoes,"Fashion, Apparel & Shoes",,2022-05-02
CityPlaza,Shopping,watsons-wine,Watson’s Wine,屈臣氏酒窖,"L2, 223",2F,31651590,Monday – Sunday 11:00 – 20:00,,,lifestyle,Lifestyle & Entertainment,,2022-05-02
CityPlaza,Shopping,watsons,Watsons,屈臣氏,"L1, 124",1F,29159055,Monday – Sunday 10:00 – 22:00,,,beauty-personal-care,Beauty & Personal Care,,2022-05-02
CityPlaza,Shopping,zara,ZARA,ZARA,"L1, 100 & L2, 217",1F/2F,25576968,Monday – Sunday 10:00 – 21:00,,,fashion-apparel-shoes;childrenwear-kids,"Fashion, Apparel & Shoes;Children's Wear & Kids' Accessories",,2022-05-02
CityPlaza,Shopping,zoff,Zoff,Zoff,"L4, 402",4F,28683871,Monday - Thursday 11:00 – 21:00,,,accessories-jewellery-optical;liveplus,"Accessories, Jewellery & Optical;LIVE+ Offers",,2022-05-02
CityPlaza,Dining,btr,&btR,&btR,"L1, 136",1F,28701188,Monday – Sunday 08:00 – 21:00,,,western-delicacies,Western Delicacies ,,2022-05-02
CityPlaza,Dining,agnesb-cafe,agnès b. CAFÉ,agnès b. CAFÉ,"L2, 280",2F,23421077,Monday – Sunday 08:30 – 21:00,,,coffee-leisure,Coffee Leisure,,2022-05-02
CityPlaza,Dining,agnesb-delices,agnès b. DÉLICES,agnès b. DÉLICES,"L2, 280",2F,23421108,Monday – Sunday 11:30 – 21:00,,,sweets-snacks,Sweets & Snacks,,2022-05-02
CityPlaza,Dining,apitafoodcourt,APITA FOOD SQUARE,APITA 美食廣場,B1,B1F,28850331,Monday – Sunday 10:00 – 22:00,,,food-court,Food Court,,2022-05-02
CityPlaza,Dining,ashima-yunnan-restaurant,Ashima Yunnan Restaurant,阿詩瑪‧壹菌,"GF, 003",GF,25609666,Monday – Sunday 11:30-21:30,,,chinese-treasures;liveplus,Chinese Treasures;LIVE+ Offers,,2022-05-02
CityPlaza,Dining,ba-fang-noodles,Bafang Noodles & More,八方台式麵屋,"L1, 144",1F,34191194,Monday – Friday 10:00 – 22:00,,,quick-bites,Quick Bites,,2022-05-02
CityPlaza,Dining,baifungbento,Bai Fung Bento,百芳池上便當,"L1, 144",1F,34191161,Monday – Friday 10:00 – 22:00,,,quick-bites,Quick Bites,,2022-05-02
CityPlaza,Dining,banchan-and-cook,Banchan and Cook,Banchan and Cook,"L2, 222A",2F,22173268,Monday – Sunday 08:00 – 21:00,,,asian-delights;liveplus,Asian Delights;LIVE+ Offers,,2022-05-02
CityPlaza,Dining,wang-jia-sha,Bloom by Wang Jia Sha,王家沙花樣年華,"L1, 101",1F,25603668,Monday – Sunday 11:00 – 23:00,,,chinese-treasures;liveplus,Chinese Treasures;LIVE+ Offers,,2022-05-02
CityPlaza,Dining,butao-ramen,Butao Ramen,豚王,"G404, G/F, Yuan Kung Mansion, Kam Din Terrace, Taikoo Shing",TAIKOOSHING,28118228,Monday – Sunday 11:00 – 22:00,,,asian-delights,Asian Delights,,2022-05-02
CityPlaza,Dining,cafe-de-coral,Café de Coral,大家樂,"L1, 121",1F,28853310,Monday – Friday 07:00 – 21:30,,,quick-bites,Quick Bites,,2022-05-02
CityPlaza,Dining,chateraise,Châteraisé,Châteraisé,B1,B1F,29077928,Monday – Sunday 10:00 – 22:00,,,sweets-snacks,Sweets & Snacks,,2022-05-02
CityPlaza,Dining,chatterbox-express,Chatterbox Express,Chatterbox Express,"G515, G/F, Kin On Mansion, On Shing Terrace, Taikoo Shing",TAIKOOSHING,29048603,Monday – Sunday 11:00 – 22:00,,,quick-bites,Quick Bites,,2022-05-02
CityPlaza,Dining,check-check-cin,CheckCheckCin,CheckCheckcin,"L1, 144",1F,34191138/93474374,Monday – Friday 10:00 – 22:00,,,major-stores,Major Stores,,2022-05-02
CityPlaza,Dining,chunshuitang,Chun Shui Tang,春水堂,"L1, 102",1F,23218388,Monday – Sunday 11:30 – 21:30,,,chinese-treasures,Chinese Treasures,,2022-05-02
CityPlaza,Dining,ciak,CIAK - All Day Italian,CIAK - All Day Italian,"L2, 265",2F,21165128,Monday – Sunday 11:30 – 21:30,,,western-delicacies,Western Delicacies ,,2022-05-02
CityPlaza,Dining,cova,COVA,COVA,"L2, 22B",2F,21211490,Monday – Friday 09:00 – 20:00,,,coffee-leisure,Coffee Leisure,,2022-05-02
CityPlaza,Dining,danryans,Dan Ryan’s Chicago Grill ,Dan Ryan’s Chicago Grill ,"L3, 311",3F,28454600,Monday – Friday 09:00 – 20:00,,,western-delicacies;liveplus,Western Delicacies ;LIVE+ Offers,,2022-05-02
CityPlaza,Dining,dimpot,Dimpot,點煲,"Shop G1016, G/F, Chi Sing Mansion",TAIKOOSHING,28869636,Monday – Sunday 11:30 - 21:30,,,chinese-treasures,Chinese Treasures,,2022-05-02
CityPlaza,Dining,domain,Domain,Domain,"1/F, EAST Hong Kong",TAIKOOSHING,39683777,Monday – Sunday 07:00 – 19:00,,,coffee-leisure,Coffee Leisure,,2022-05-02
CityPlaza,Dining,dumplingstation,Dumpling Station,餃子駅,"L3, 315",3F,23686698,Monday – Sunday 11:00 – 21:30,,,asian-delights,Asian Delights,,2022-05-02
CityPlaza,Dining,eiffel-bistro,Eiffel Bistro,Eiffel Bistro,"G514, G/F, Hing On Mansion, On Shing Terrace, Taikoo Shing",TAIKOOSHING,24461598,Monday – Friday 11:30 – 22:00,,,western-delicacies,Western Delicacies ,,2022-05-02
CityPlaza,Dining,feast,FEAST (Food by EAST),FEAST (Food by EAST),"1/F, EAST Hong Kong",TAIKOOSHING,39683777,"Monday – Friday 6:30 - 10:00, 12:000 - 15:00, 18:00 - 22:00",,,western-delicacies,Western Delicacies ,,2022-05-02
CityPlaza,Dining,garrett-popcorn,Garrett Popcorn Shops,皆樂爆谷,"L3, 307",3F,22347938,Monday – Friday 11:00 – 20:00,,,sweets-snacks,Sweets & Snacks,,2022-05-02
CityPlaza,Dining,ginzabairin,Ginza Bairin,銀座梅林,"  G1019, G/F, Kam Sing Mansion, Sing Fai Terrace, Taikoo Shing",TAIKOOSHING,25052266,Monday – Sunday 11:30 – 22:00,,,asian-delights,Asian Delights,,2022-05-02
CityPlaza,Dining,glasshouse,Glasshouse,Glasshouse,"L1, 101A",1F,21140063,Monday – Sunday 11:30 – 22:00,,,western-delicacies;liveplus,Western Delicacies ;LIVE+ Offers,,2022-05-02
CityPlaza,Dining,godiva-chocolatier,GODIVA Chocolatier ,GODIVA Chocolatier,"L2, 213",2F,25691137,Monday – Sunday 11:00 – 21:00,,,sweets-snacks,Sweets & Snacks,,2022-05-02
CityPlaza,Dining,grand-cuisine-shanghai-kitchen,Grand Cuisine Shanghai Kitchen,君頤上海小廚,"G510-511, G/F, Po On Mansion, On Shing Terrace, Taikoo Shing",TAIKOOSHING,25689989,Monday – Sunday 11:00 – 22:00,,,chinese-treasures,Chinese Treasures,,2022-05-02
CityPlaza,Dining,greyhound,Greyhound Café,Greyhound Café,"GF, 007",GF,25609668,Monday – Sunday 11:00 – 23:00,,,asian-delights;liveplus,Asian Delights;LIVE+ Offers,,2022-05-02
CityPlaza,Dining,haagen-dazs,Häagen-Dazs™ ,Häagen-Dazs™ ,"L2, 248",2F,29071518,Monday – Sunday 12:00 – 22:00,,,sweets-snacks,Sweets & Snacks,,2022-05-02
CityPlaza,Dining,habitu-table,HABITŪ table,HABITŪ table,"GF, 074",GF,31000106,Monday – Sunday 11:00 – 22:00,,,coffee-leisure,Coffee Leisure,,2022-05-02
CityPlaza,Dining,hang-heong-un,Hang Heong Un Dessert Shop,澳門杏香園甜品,"L1, 144",1F,34191119,Monday – Sunday 12:00 – 21:30,,,sweets-snacks,Sweets & Snacks,,2022-05-02
CityPlaza,Dining,hello-cocoa,Hello Cocoa,可可阿樂,"L1, 144",1F,93139317,Monday – Sunday 10:00 – 20:00,,,sweets-snacks,Sweets & Snacks,,2022-05-02
CityPlaza,Dining,hokkaidon,Hokkaidon,北海丼,"L3, 313",3F,25770828,Monday – Sunday 11:30 – 22:30 (Last Order: 21:30),,,asian-delights;liveplus,Asian Delights;LIVE+ Offers,,2022-05-02
CityPlaza,Dining,hon-takasagoya,Hon Takasagoya,本高砂屋,B1,B1F,28849790,Monday – Sunday 10:00 – 22:00,,,sweets-snacks,Sweets & Snacks,,2022-05-02
CityPlaza,Dining,house-by-kubrick,house by kubrick ,house by kubrick ,L5,5F,23361150,Monday – Sunday 11:00 – 20:00,,,coffee-leisure,Coffee Leisure,,2022-05-02
CityPlaza,Dining,house-of-canton,House of Canton,翰騰閣,"L5, 506",5F,28868861,Monday – Saturday 11:00 – 23:00,,,chinese-treasures,Chinese Treasures,,2022-05-02
CityPlaza,Dining,hyaku-mann-goku,Hyaku Mann Goku,百萬石,B1,B1F,,Monday – Thursday 10:00 – 22:30,,,food-court,Food Court,,2022-05-02
CityPlaza,Dining,ichikawa-japanese-restaurant,Ichikawa Japanese Restaurant,市川日本料理,"L2, 262",2F,29679678,Monday – Sunday 11:30 – 23:00,,,asian-delights,Asian Delights,,2022-05-02
CityPlaza,Dining,italian-tomato,Italian Tomato,Italian Tomato,B1,B1F,25600310,Monday – Sunday 10:00 – 22:00,,,sweets-snacks,Sweets & Snacks,,2022-05-02
CityPlaza,Dining,izzuecoffee,izzue coffee ,izzue coffee,"L1, 101B",1F,25763155,Sunday – Thursday 11:00 – 21:00,,,coffee-leisure;liveplus,Coffee Leisure;LIVE+ Offers,,2022-05-02
CityPlaza,Dining,jardin-de-jade,Jardin De Jade,蘇浙滙,"L3, 312",3F,31681271,Monday – Sunday 11:30 – 23:00,,,chinese-treasures,Chinese Treasures,,2022-05-02
CityPlaza,Dining,kams-cafe,Kam's Café,Kam's Café,"L1, 123",1F,25396688,"Monday – Sunday 11:00 – 16:00, 18:00 – 21:00",,,western-delicacies;liveplus,Western Delicacies ;LIVE+ Offers,,2022-05-02
CityPlaza,Dining,kee-wah-bakery,Kee Wah Bakery,奇華餅家,"L1, 139",1F,25138892,Monday – Sunday 09:00 – 21:30,,,sweets-snacks,Sweets & Snacks,,2022-05-02
CityPlaza,Dining,kingsbistro,King’s Bistro,小皇府,"G/F, Westlands Gardens, no. 12 Westlands Road, Quarry Bay",TAIKOOSHING,23500338,Monday – Sunday 08:00 – 21:30,,,chinese-treasures,Chinese Treasures,,2022-05-02
CityPlaza,Dining,kobe-kitanozaka,Kobe Kitanozaka ,北之坂,B1,B1F,28856619,Monday – Sunday 09:30 – 22:00,,,food-court,Food Court,,2022-05-02
CityPlaza,Dining,kollabo,KollaBo,KollaBo,"G1014-1015, G/F, Yiu Sing Mansion, Sing Fai Terrace, Taikoo Shing",TAIKOOSHING,25298813,"Monday – Sunday 11:30 – 15:00, 17:30 – 22:30",,,asian-delights,Asian Delights,,2022-05-02
CityPlaza,Dining,kyo-kayashiya,Kyo Hayashiya,京林屋,"G406, G/F, Ming Kung Mansion, Kam Din Terrace, Taikoo Shing",TAIKOOSHING,26383698,Sunday – Wednesday 12:00 – 21:15,,,coffee-leisure,Coffee Leisure,,2022-05-02
CityPlaza,Dining,log-on-cafe,LOG-ON Cafe,LOG-ON Cafe,"L2, 260",2F,27363866,Sunday – Thursday 10:30 – 22:00 (Dine-in Last Order: 17:15),,,coffee-leisure;liveplus,Coffee Leisure;LIVE+ Offers,,2022-05-02
CityPlaza,Dining,ms-cafe,M&S CAFE,M&S CAFE,"L1, 130",1F,29218735,Monday – Sunday 10:00 – 21:30(CAFÉ) & 8:00 - 21:30(Coffee Corner),,,coffee-leisure,Coffee Leisure,,2022-05-02
CityPlaza,Dining,mango-tree,Mango Tree,Mango Tree 芒果樹泰國廚房,"L3, 314",3F,25770699,Monday – Sunday 11:30 – 22:00 (Last order: 21:30),,,asian-delights;liveplus,Asian Delights;LIVE+ Offers,,2022-05-02
CityPlaza,Dining,marugami-udon,Marugami Udon ,丸龜製麵,B1,B1F,35830821,Monday – Sunday 10:30 – 22:00,,,food-court,Food Court,,2022-05-02
CityPlaza,Dining,mcdonalds,McDonald’s,麥當勞,"5/F, 505",5F,29070004,Monday – Sunday 06:30 – 22:30,,,quick-bites,Quick Bites,,2022-05-02
CityPlaza,Dining,men-wah-bing-teng,Men Wah Bing Teng,敏華冰廳,"Shop G1008, G/F, Wai Sing Mansion, Sing Fai Terrace",TAIKOOSHING,26232928,Monday – Sunday 07:00 – 22:00,,,quick-bites,Quick Bites,,2022-05-02
CityPlaza,Dining,mikakudo,Mikakudo,味覺堂,"L2, 233",2F,23887629,Monday – Sunday 11:00 – 20:00,,,quick-bites,Quick Bites,,2022-05-02
CityPlaza,Dining,minh-and-kok,MINH & KOK,MINH & KOK,"L2, 255",2F,28325110,Monday – Sunday 8:00 – 21:30,,,asian-delights,Asian Delights,,2022-05-02
CityPlaza,Dining,mos-burger,MOS Burger,摩斯漢堡,B1,B1F,25660900,Monday – Sunday 10:00 – 21:00,,,food-court,Food Court,,2022-05-02
CityPlaza,Dining,mr-simms-hk-200031,Mr Simms Olde Sweet Shoppe,Mr Simms HK,"L1, 132",1F,,Monday – Sunday 11:00 – 21:00,,,sweets-snacks,Sweets & Snacks,,2022-05-02
CityPlaza,Dining,myung-ga-korean,MYUNG GA KOREAN RESTAURANT,名家,"G402-03, Yuan Kung Mansion, Kam Din Terrace, Taikoo Shing",TAIKOOSHING,25396398,"Monday – Sunday 12:00 – 15:00, 18:00 – 23:00",,,asian-delights,Asian Delights,,2022-05-02
CityPlaza,Dining,nha-trang-vietnamese-cuisine,Nha Trang Vietnamese Cuisine,芽莊越式料理,"G512-G513, G/F, Shun On Mansion, On Shing Terrace, Taikoo Shing",TAIKOOSHING,29078033,Monday – Sunday 12:00 – 22:00,,,asian-delights,Asian Delights,,2022-05-02
CityPlaza,Dining,olivers-super-sandwiches,Oliver’s Super Sandwiches,Oliver’s Super Sandwiches,"L1, 141",1F,28860200,Monday – Saturday 07:30 – 21:00,,,quick-bites,Quick Bites,,2022-05-02
CityPlaza,Dining,on-yasai,On-Yasai,溫野菜,"L3, 309",3F,21074088,Monday – Sunday 11:30 – 23:00,,,asian-delights,Asian Delights,,2022-05-02
CityPlaza,Dining,pacific-coffee,Pacific Coffee,Pacific Coffee,"L5, 502",5F,29070628,Monday – Saturday 07:00 – 22:00,,,coffee-leisure;liveplus,Coffee Leisure;LIVE+ Offers,,2022-05-02
CityPlaza,Dining,panash,Panash,Panash,B1,B1F,28858012,Monday – Sunday 09:30 – 22:00,,,sweets-snacks,Sweets & Snacks,,2022-05-02
CityPlaza,Dining,passion,Passion,Passion,"L3, 308",3F,23855555,Monday – Thursday 10:30 – 20:00,,,coffee-leisure;quick-bites;sweets-snacks;liveplus,Coffee Leisure;Quick Bites;Sweets & Snacks;LIVE+ Offers,,2022-05-02
CityPlaza,Dining,peking-garden-restaurant,Peking Garden Restaurant,北京樓,"L2, 201",2F,28844131,Monday – Sunday 11:30 – 23:00,,,chinese-treasures;liveplus,Chinese Treasures;LIVE+ Offers,,2022-05-02
CityPlaza,Dining,phi-coffee-pancake-200039,PHI Coffee & Pancake,PHI Coffee & Pancake,"G1010, G/F, Yiu Sing Mansion, Shing Fai Terrace, Taikoo Shing",TAIKOOSHING,23522200,Monday – Sunday 11:30 – 23:00,,,coffee-leisure,Coffee Leisure,,2022-05-02
CityPlaza,Dining,pizzaexpress,PizzaExpress,PizzaExpress,"G517, G/F, Ko On Mansion, On Shing Terrace, Taikoo Shing",TAIKOOSHING,31508800,Monday – Sunday 08:00 – 21:30,,,western-delicacies,Western Delicacies ,,2022-05-02
CityPlaza,Dining,pret-a-manger,Pret A Manger,Pret A Manger,"L5, 503",5F,31889241,Monday - Friday 07:30 – 15:30,,,coffee-leisure,Coffee Leisure,,2022-05-02
CityPlaza,Dining,prince-bakery,PRINCE BAKERY,太子餅店,"G407, G/F, Hsia Kung Mansion, Kam Din Terrace, Taikoo Shing",TAIKOOSHING,29679102,Monday – Saturday 06:30 – 21:00,,,sweets-snacks,Sweets & Snacks,,2022-05-02
CityPlaza,Dining,royce,ROYCE',ROYCE',"L2, 260",2F,27363866,Sunday – Thursday 10:30 – 22:00,,,sweets-snacks,Sweets & Snacks,,2022-05-02
CityPlaza,Dining,senryo,sen-ryo,千両,"G504 &G509, G/F, Po On Mansion, On Shing Terrace, Taikoo Shing",TAIKOOSHING,34602257,Monday – Friday 11:30 – 22:00,,,asian-delights,Asian Delights,,2022-05-02
CityPlaza,Dining,van-gogh-senses,SENSES Amuseum,盛思登館,"L1, 144",1F,98181214,Monday – Sunday 10:00 – 22:00,,,sweets-snacks,Sweets & Snacks,,2022-05-02
CityPlaza,Dining,sensoryzero,sensory ZERO,sensory ZERO,"GF, 074",GF,34191133,Monday – Sunday 10:00 – 22:00,,,coffee-leisure;liveplus,Coffee Leisure;LIVE+ Offers,,2022-05-02
CityPlaza,Dining,shingchui-restaurant,Shing Chui Restaurant,翠景小廚,"P5-P6, Podium, Tai Shan Mansion, Kao Shan Terrace",TAIKOOSHING,25682248,Monday – Sunday 08:00 – 21:00,,,quick-bites,Quick Bites,,2022-05-02
CityPlaza,Dining,coconut-soup,Siu Chung Coconut Soup,椰小盅燉湯專門店,"L1, 144",1F,34191147/52021535,Monday – Sunday 11:00 – 22:00,,,quick-bites,Quick Bites,,2022-05-02
CityPlaza,Dining,sp-flower-and-tea-room,SP Flower & Tea Room,SP Flower & Tea Room,"L2, 211A",2F,27893669,Monday – Sunday 11:30 – 21:00,,,coffee-leisure;liveplus,Coffee Leisure;LIVE+ Offers,,2022-05-02
CityPlaza,Dining,starbucks,Starbucks Coffee (Cityplaza),星巴克咖啡（太古城中心）,"GF, 005",GF,28657020,Monday – Friday 07:00 - 22:00,,,coffee-leisure,Coffee Leisure,,2022-05-02
CityPlaza,Dining,starbucks-tks,Starbucks Coffee (Taikoo Shing),星巴克咖啡（太古城）,"G516, G/F, Kin On Mansion, On Shing Terrace, Taikoo Shing",TAIKOOSHING,29675810,Monday – Saturday 07:00 - 20:00,,,coffee-leisure,Coffee Leisure,,2022-05-02
CityPlaza,Dining,sugar,Sugar,Sugar,"32/F, EAST Hong Kong",TAIKOOSHING,39683738,Monday – Thursday & Sunday 17:30 – 00:00,,,western-delicacies,Western Delicacies ,,2022-05-02
CityPlaza,Dining,sweets-house--cha-cha,sweets house Cha Cha,sweets house Cha Cha,"L2, 260",2F,27363866,Sunday – Thursday 10:30 – 22:00,,,quick-bites,Quick Bites,,2022-05-02
CityPlaza,Dining,taisho-ken,Taisho-ken Maruichi,大勝軒丸一,"G1018, G/F, Kam Sing Mansion, Sing Fai Terrace, Taikoo Shing",TAIKOOSHING,25623200,Monday – Sunday 11:00 – 22:00,,,asian-delights,Asian Delights,,2022-05-02
CityPlaza,Dining,tanuki-yataiya,Tanuki Yataiya Japanese Restaurant,狸屋台屋日本料理,"G1004-5, Tien Sing Mansion, Taikoo Shing",TAIKOOSHING,29679650,Monday – Friday 12:00 – 14:30; 18:00 – 22:00,,,asian-delights,Asian Delights,,2022-05-02
CityPlaza,Dining,tasty-congee-noodles,Tasty Congee & Noodle Wantun Shop ,正斗粥麵專家,"L2, 222B",2F,27800163,Monday – Friday 10:00 – 22:00,,,chinese-treasures,Chinese Treasures,,2022-05-02
CityPlaza,Dining,thai-chiu-200038,Thai Chiu,Thai Chiu,"G/F, Yiu Sing Mansion, Shing Fai Terrace, Taikoo Shing",,23522338,Monday – Friday 10:00 – 22:00,,,asian-delights,Asian Delights,,2022-05-02
CityPlaza,Dining,thai-pepper,Thai Pepper,Thai Pepper,"G401, G/F, Yen Kung Mansion, Kam Din Terrace, Taikoo Shing",TAIKOOSHING,28864133,"Monday – Sunday 12:00 – 14:30, 18:00 – 22:00",,,asian-delights,Asian Delights,,2022-05-02
CityPlaza,Dining,the-butchers-club-burger,The Butchers Club Burger,The Butchers Club Burger,"G/F, Westlands Gardens, 12 Westlands Road, Quarry Bay",TAIKOOSHING,23889644,Monday – Sunday 12:00 – 22:00,,,western-delicacies,Western Delicacies ,,2022-05-02
CityPlaza,Dining,the-coffee-academics,The Coffee Academïcs,The Coffee Academïcs,"G505 & G508, G/F, Ning On Mansion, On Shing Terrace, Taikoo Shing",TAIKOOSHING,,Sunday – Thursday 08:00 - 19:00,,,coffee-leisure,Coffee Leisure,,2022-05-02
CityPlaza,Dining,the-petite-tea-house,THE PETITE TEA HOUSE,茶居小品,"L2, 255",2F,28322820,Monday – Sunday 08:00 – 22:00,,,chinese-treasures,Chinese Treasures,,2022-05-02
CityPlaza,Dining,the-spaghetti-house,The Spaghetti House,意粉屋,"L1, 142",1F,29070869,Monday – Sunday 11:00 – 22:00,,,western-delicacies,Western Delicacies ,,2022-05-02
CityPlaza,Dining,treats,TREATS (Food Hall),TREATS (美食廣場),"L2, 255",2F,28325110,Monday – Sunday 08:00 – 21:30,,,food-court,Food Court,,2022-05-02
CityPlaza,Dining,tsukiji-gindaco,Tsukiji Gindaco ,築地銀章魚燒 ,B1,B1F,25607155,Monday – Sunday 10:30 – 19:00,,,food-court,Food Court,,2022-05-02
CityPlaza,Dining,venchi,Venchi,Venchi,"L2, 256",2F,39023183,Monday - Sunday 11:00 – 19:00,,,sweets-snacks,Sweets & Snacks,,2022-05-02
CityPlaza,Dining,wah-cheong-congee-noodles,Wah Cheong Congee & Noodle,華昌粥麵,"G411, G/F, Han Kung Mansion, Kam Din Terrace, Taikoo Shing",TAIKOOSHING,25686744/25686737,Monday – Sunday 07:00 – 22:00,,,quick-bites,Quick Bites,,2022-05-02
CityPlaza,Dining,west-villa-restaurant,West Villa Restaurant,西苑酒家 ,"L2, 208",2F,28854478,Monday – Saturday  11:00 – 22:30,,,chinese-treasures,Chinese Treasures,,2022-05-02
CityPlaza,Dining,wheatfieldx,Wheatfield X,Wheatfield X ,"G409, G/F, Han Kung Mansion, Kam Din Terrace, Taikoo Shing",TAIKOOSHING,28950028,Monday – Sunday 11:30 – 21:30,,,western-delicacies,Western Delicacies ,,2022-05-02
CityPlaza,Dining,yifang,YIFANG  TAIWAN FRUIT TEA,一芳台灣水果茶,"L2, 202",2F,61147107,Monday – Friday 11:00 – 21:00,,,sweets-snacks,Sweets & Snacks,,2022-05-02
CityPlaza,Dining,yiufungstore,YIU FUNG STORE,么鳳,"L1, 127",1F,35857081,Monday – Sunday 11:00 – 21:00,,,sweets-snacks;liveplus,Sweets & Snacks;LIVE+ Offers,,2022-05-02
CityPlaza,Dining,yomama,Yo Mama,Yo Mama,"G405, G/F, Ming Kung Mansion, Kam Din Terrace, Taikoo Shing",TAIKOOSHING,25475333,Monday – Sunday 12:00 – 22:00,,,sweets-snacks,Sweets & Snacks,,2022-05-02
