mall,type,shop_id,shop_name_en,shop_name_tc,shop_number,shop_floor,phone,opening_hours,loyalty_offer,voucher_acceptance,shop_category_id,shop_category_name,tag,update_date
TimeSquare,Shopping,533,3CE ,3CE ,B223C,B2,+85224476588,Monday - Sunday   10:00 - 22:00,VIC Privileges,,3,Beauty / Personal Care/ Health Products,,2021-12-31
TimeSquare,Shopping,679,6IXTY8IGHT,6IXTY8IGHT,725,7F,28136823,Monday - Sunday   11:00 - 21:00,,,13,Ladies' Fashion,,2021-12-31
TimeSquare,Shopping,240,AAPE BY A BATHING APE,AAPE BY A BATHING APE®,B225B,B2,+85221467801,Monday - Sunday   11:00 - 22:00,,,12,Ladies' & Men's Fashion,,2021-12-31
TimeSquare,Shopping,487,Adidas  Adidas Original,Adidas & Adidas Original,717-720,7F,+85222690328,Monday - Sunday   11:30 - 22:00,,,17,Sports / Action Wear / Equipment,,2021-12-31
TimeSquare,Shopping,83,agns b,agnès b.,503-504,5F,+85225063636,"Sunday - Thursday   11:00 - 20:30; Friday , Saturday   11:00 - 21:00; Holiday   11:00 - 21:00; Eve Holiday   11:00 - 21:00",,,12,Ladies' & Men's Fashion,,2021-12-31
TimeSquare,Shopping,161,Aigle,Aigle,714,7F,+85225062338,Monday - Sunday   11:00 - 20:30,VIC Privileges,,17,Sports / Action Wear / Equipment,,2021-12-31
TimeSquare,Shopping,678,Alexander McQueen,亞歷山大·麥昆,316-7,3F,+85221045422,Monday - Sunday   10:00 - 22:00,,,12,Ladies' & Men's Fashion,,2021-12-31
TimeSquare,Shopping,352,American Eagle ,American Eagle ,B203B,B2,+85226774322,Monday - Sunday   12:00 - 21:00,VIC Privileges,,12,Ladies' & Men's Fashion,,2021-12-31
TimeSquare,Shopping,488,AMOREPACIFIC,AMOREPACIFIC,408,4F,+85221140262,Monday - Friday   11:00 - 21:00; Saturday - Sunday   10:30 - 21:00,VIC Privileges;BVIC Privileges,,3,Beauty / Personal Care/ Health Products,,2021-12-31
TimeSquare,Shopping,542,APM Monaco ,APM Monaco ,406-407,4F,+85231011130,Monday - Sunday   11:00 - 20:00,,,11,Jewelry / Watches / Optical,,2021-12-31
TimeSquare,Shopping,635,AREA 0264,AREA 0264,633,6F,,Monday - Sunday   11:30 - 20:30,,,14,Leather Goods / Shoes / Bags,,2021-12-31
TimeSquare,Shopping,51,ARTE Madrid,ARTE Madrid,413,4F,+85223474108,Monday - Sunday   11:00 - 21:00,,,11,Jewelry / Watches / Optical,,2021-12-31
TimeSquare,Shopping,163,Ashworth,Ashworth,705,7F,+85225061871,Monday - Sunday   10:30 - 22:00,,,17,Sports / Action Wear / Equipment,,2021-12-31
TimeSquare,Shopping,79,Atsuro Tayama,Atsuro Tayama,505,5F,+85225061928,Sunday - Thursday   11:00 - 21:00; Friday - Saturday   11:00 - 22:00,VIC Privileges,,13,Ladies' Fashion,,2021-12-31
TimeSquare,Shopping,540,BALENCIAGA,BALENCIAGA,318-319,3F,+85229026200,Monday - Sunday   10:00 - 22:00,,,12,Ladies' & Men's Fashion,,2021-12-31
TimeSquare,Shopping,652,bauhaus,bauhaus,615,6F,+85223658208,Monday - Sunday   11:30 - 20:30,,,12,Ladies' & Men's Fashion,,2021-12-31
TimeSquare,Shopping,478,Benefit,Benefit,B206A,B2,+85221109528,Monday - Sunday   10:00 - 22:00,BVIC Privileges,,3,Beauty / Personal Care/ Health Products,,2021-12-31
TimeSquare,Shopping,674,Blancpain,寶珀,326,3F,+85221104548,Monday - Sunday   11:00 - 20:00,,,11,Jewelry / Watches / Optical,,2021-12-31
TimeSquare,Shopping,398,Bookazine Partytime Sweet World,"Bookazine, Partytime, Sweet World",925,9F,+85225211649,Monday - Friday   11:00 - 20:00; Saturday - Sunday   11:00 - 21:00,,,10,Gifts / Books / Stationery,,2021-12-31
TimeSquare,Shopping,187,Bose,Bose,809-810,8F,+85228363181,Monday - Sunday   11:00 - 21:00,,,1,Audio-Visual / Computers / Electronics / Home Appliance,,2021-12-31
TimeSquare,Shopping,16,Bottega Veneta,Bottega Veneta,205-208,2F,+85225063106,Monday - Sunday   10:00 - 22:00,,,14,Leather Goods / Shoes / Bags,,2021-12-31
TimeSquare,Shopping,188,Broadway,Broadway,814-816,8F,+85225060228,Monday - Sunday   11:00 - 22:00,VIC Privileges,,1,Audio-Visual / Computers / Electronics / Home Appliance,,2021-12-31
TimeSquare,Shopping,483,Brooks Brothers,Brooks Brothers,514,5F,+85231023703,Monday - Sunday   10:00 - 22:00,,,12,Ladies' & Men's Fashion,,2021-12-31
TimeSquare,Shopping,90,CALVIN KLEIN Jeans and CALVIN KLEIN Underwear,CALVIN KLEIN Jeans and CALVIN KLEIN Underwear,617-618,6F,+85225069506,Monday - Sunday   11:00 - 22:00,,,12,Ladies' & Men's Fashion,,2021-12-31
TimeSquare,Shopping,174,CALVIN KLEIN PERFORMANCE,CALVIN KLEIN PERFORMANCE,710-712,7F,+85229941933,Monday - Sunday   11:00 - 22:00,,,17,Sports / Action Wear / Equipment,,2021-12-31
TimeSquare,Shopping,671,Cartier,卡地亞,322,3F,+85221104528,Monday - Sunday   11:00 - 20:00,,,11,Jewelry / Watches / Optical,,2021-12-31
TimeSquare,Shopping,414,CATALO,CATALO,912,9F,+85235568643,Monday - Sunday   10:00 - 21:00,,,3,Beauty / Personal Care/ Health Products,,2021-12-31
TimeSquare,Shopping,589,CELINE,CELINE,314-315,3F,+85228068680,Monday - Sunday   10:00 - 22:00,,,13,Ladies' Fashion,,2021-12-31
TimeSquare,Shopping,18,CHANEL,CHANEL,209-10,2F,+85225064611,Monday - Sunday   12:00 - 21:00,VIC Privileges,,14,Leather Goods / Shoes / Bags,,2021-12-31
TimeSquare,Shopping,245,Chanel Beaute,Chanel Beaute,B238-B239,B2,+85225760930,Monday - Sunday   10:00 - 22:00,,,3,Beauty / Personal Care/ Health Products,,2021-12-31
TimeSquare,Shopping,246,Chow Sang Sang,周生生,B230-B231,B2,+85221543816,Monday - Sunday   11:00 - 21:00,,,11,Jewelry / Watches / Optical,,2021-12-31
TimeSquare,Shopping,247,Chow Tai Fook,周大福,B233-B235,B2,+85231029980,Monday - Sunday   10:30 - 21:30,,,11,Jewelry / Watches / Optical,,2021-12-31
TimeSquare,Shopping,388,Chung Yuen,中原,822,8F,+85229975016,Monday - Sunday   12:00 - 22:00,,,1,Audio-Visual / Computers / Electronics / Home Appliance,,2021-12-31
TimeSquare,Shopping,634,Cigar Kingdom,Cigar Kingdom,919A,9F,CigarKingdom,Monday - Saturday   11:00 - 21:00; Sunday   11:00 - 19:00,,,10,Gifts / Books / Stationery,,2021-12-31
TimeSquare,Shopping,399,City Chain millisecond,City Chain millisecond,911,9F,+85228971666,Monday - Thursday   11:00 - 21:00; Friday - Sunday   11:00 - 21:30,,,11,Jewelry / Watches / Optical,,2021-12-31
TimeSquare,Shopping,232,citysuper,city,B1,B1,+85225062888,Sunday - Thursday   10:00 - 22:00; Friday - Saturday   10:00 - 23:00; Holiday   10:00 - 23:00; Eve Holiday   10:00 - 23:00,,,8,Department Store / Supermarket / Convenience Store,,2021-12-31
TimeSquare,Shopping,384,Claudie Pierlot,Claudie Pierlot,511-512,5F,+85221171452,Monday - Sunday   10:00 - 22:00,,,13,Ladies' Fashion,,2021-12-31
TimeSquare,Shopping,561,Clmence by rue Madame,Clémence by rue Madame,521B,5F,+85231884666,Monday - Sunday   11:00 - 22:00,,,13,Ladies' Fashion,,2021-12-31
TimeSquare,Shopping,528,Clinique,倩碧,B202,B2,+85221179935,Monday - Sunday   10:00 - 22:00,BVIC Privileges,,3,Beauty / Personal Care/ Health Products,,2021-12-31
TimeSquare,Shopping,96,Club Monaco,Club Monaco,525,5F,+85221183515,Sunday - Thursday   11:00 - 21:30; Friday - Saturday   11:00 - 22:00,VIC Privileges,,12,Ladies' & Men's Fashion,,2021-12-31
TimeSquare,Shopping,165,Columbia Sportswear Company,Columbia Sportswear Company,726,7F,+85263935032,Monday - Sunday   11:00 - 22:00,VIC Privileges,,17,Sports / Action Wear / Equipment,,2021-12-31
TimeSquare,Shopping,661,CROWN HOUR,CROWN HOUR,926,9F,36895506,Monday - Sunday   11:00 - 21:00,,,11,Jewelry / Watches / Optical,,2021-12-31
TimeSquare,Shopping,334,Diesel,Diesel,528-529,5F,+85231012880,Monday - Sunday   11:00 - 22:00,,,12,Ladies' & Men's Fashion,,2021-12-31
TimeSquare,Shopping,456,Dior,Dior,214-215,2F,+85231029582,Monday - Sunday   10:00 - 22:00,,,13,Ladies' Fashion,,2021-12-31
TimeSquare,Shopping,250,Dior Beauty,Dior Beauty,B207B,B2,+85221569810,Monday - Sunday   10:00 - 22:00,,,3,Beauty / Personal Care/ Health Products,,2021-12-31
TimeSquare,Shopping,21,Dior Homme,Dior Homme,216-217,2F,+85227906192,Monday - Sunday   10:00 - 22:00,,,15,Men's Fashion,,2021-12-31
TimeSquare,Shopping,386,Donguri Republic,Donguri Republic,925C,9F,+85231041646,Monday - Sunday   11:00 - 22:00,,,10,Gifts / Books / Stationery,,2021-12-31
TimeSquare,Shopping,138,ecco,ecco,631,6F,+85225769377,Monday - Sunday   11:00 - 21:00,VIC Privileges,,14,Leather Goods / Shoes / Bags,,2021-12-31
TimeSquare,Shopping,194,Elegant Watch  Jewellery,Elegant Watch & Jewellery,302-303,3F,+85221119128,Monday - Sunday   11:00 - 20:00,VIC Privileges,,11,Jewelry / Watches / Optical,,2021-12-31
TimeSquare,Shopping,596,LVATIONE 17F,ÉLÉVATIONE (17/F),1702B,17F,,,,,3,Beauty / Personal Care/ Health Products,,2021-12-31
TimeSquare,Shopping,462,LVATIONE B2F,ÉLÉVATIONE (B2/F),B213A,B2,+85221104177,Monday - Sunday   10:00 - 23:00,BVIC Privileges,,3,Beauty / Personal Care/ Health Products,,2021-12-31
TimeSquare,Shopping,415,Eu Yan Sang ,余仁生,916B,9F,+85228084593,Monday - Sunday   10:00 - 22:00,,,3,Beauty / Personal Care/ Health Products,,2021-12-31
TimeSquare,Shopping,584,EVE LOM,EVE LOM,B211B,B2,+85231019909,Monday - Sunday   10:00 - 22:00,VIC Privileges;BVIC Privileges,,3,Beauty / Personal Care/ Health Products,,2021-12-31
TimeSquare,Shopping,404,Evisu,Evisu,619-621,6F,+85225061931,Monday - Sunday   11:00 - 22:00,VIC Privileges,,12,Ladies' & Men's Fashion,,2021-12-31
TimeSquare,Shopping,541,Facesss,Facesss,401-404,4F,+85221183570/+85221183571,Monday - Sunday   11:00 - 20:00,BVIC Privileges,,3,Beauty / Personal Care/ Health Products,,2021-12-31
TimeSquare,Shopping,256,FANCL,FANCL,B226-B227,B2,+85236220706,Monday - Sunday   10:00 - 20:00,,,3,Beauty / Personal Care/ Health Products,,2021-12-31
TimeSquare,Shopping,167,FILA,FILA,727,7F,+85225060822,Monday - Sunday   11:00 - 20:00,,,17,Sports / Action Wear / Equipment,,2021-12-31
TimeSquare,Shopping,585,FILA KIDS,FILA KIDS,730,7F,+85225118208,Monday - Sunday   11:00 - 20:00,,,19,Children's Wear / Toys,,2021-12-31
TimeSquare,Shopping,238,FIVE CM,FIVE CM,B223A,B2,+85225063578,Monday - Sunday   10:00 - 22:00,VIC Privileges,,12,Ladies' & Men's Fashion,,2021-12-31
TimeSquare,Shopping,655,Florsheim,富樂紳,604,6F,+85228972699,Monday - Sunday   11:00 - 21:00,,,14,Leather Goods / Shoes / Bags,,2021-12-31
TimeSquare,Shopping,195,Fortress 8F,豐澤(8樓),818-821,8F,+85225060031,Monday - Sunday   11:00 - 22:00,VIC Privileges,,1,Audio-Visual / Computers / Electronics / Home Appliance,,2021-12-31
TimeSquare,Shopping,424,Fortress 9F,豐澤(9樓),914-915,9F,+85225060031,Monday - Friday   11:00 - 22:00; Saturday - Sunday   10:30 - 22:00,VIC Privileges,,1,Audio-Visual / Computers / Electronics / Home Appliance,,2021-12-31
TimeSquare,Shopping,257,Fred Perry,Fred Perry,B223B,B2,+85225063578,Monday - Sunday   10:00 - 22:00,VIC Privileges,,12,Ladies' & Men's Fashion,,2021-12-31
TimeSquare,Shopping,633,FUNNATION ,FUNNATION 玩物國度,904A,9F,+85227800132,Monday - Sunday   12:00 - 20:00,,,10,Gifts / Books / Stationery,,2021-12-31
TimeSquare,Shopping,102,Furla,Furla,522 - 523,5F,+85225061908,Sunday - Thursday   11:00 - 21:00; Friday - Saturday   11:00 - 22:00,VIC Privileges,,14,Leather Goods / Shoes / Bags,,2021-12-31
TimeSquare,Shopping,421,GShock Casio,G-Shock Casio,925A,9F,+85234212588,Monday - Sunday   11:00 - 21:00,,,11,Jewelry / Watches / Optical,,2021-12-31
TimeSquare,Shopping,626,GeneHarbor ,基因港,920,9F,85221170110,Monday - Sunday   11:00 - 20:00,,,3,Beauty / Personal Care/ Health Products,,2021-12-31
TimeSquare,Shopping,498,Givenchy,Givenchy,310-311,3F,+85227635218,Monday - Sunday   10:00 - 22:00,,,12,Ladies' & Men's Fashion,,2021-12-31
TimeSquare,Shopping,177,GO WILD,GO WILD,702-703,7F,+85263983172,Monday - Sunday   11:00 - 22:00,,,17,Sports / Action Wear / Equipment,,2021-12-31
TimeSquare,Shopping,23,Gucci 2F,Gucci (2/F),201-204,2F,+85225064262,Monday - Sunday   10:00 - 22:00,,,14,Leather Goods / Shoes / Bags,,2021-12-31
TimeSquare,Shopping,402,Gucci 3F,Gucci (3/F),301,3F,+85222045221,Monday - Sunday   10:00 - 22:00,,,14,Leather Goods / Shoes / Bags,,2021-12-31
TimeSquare,Shopping,120,HEAVEN PLEASE,HEAVEN PLEASE+,532,5F,+85221168107,Monday - Sunday   12:00 - 21:00,,,13,Ladies' Fashion,,2021-12-31
TimeSquare,Shopping,654,Her own words,Her own words,602B,6F,+85224299919,Monday - Sunday   11:00 - 21:00,,,13,Ladies' Fashion,,2021-12-31
TimeSquare,Shopping,345,HSBC ATM Service,HSBC ATM Service,-,B2,,Monday - Sunday   10:00 - 22:00,,,2,Banks / Services,,2021-12-31
TimeSquare,Shopping,173,JLindeberg,J.Lindeberg,706-707,7F,+85225061368,Monday - Sunday   10:30 - 22:00,,,17,Sports / Action Wear / Equipment,,2021-12-31
TimeSquare,Shopping,673,JaegerLeCoultre,積家,304,3F,+85225063663,Monday - Sunday   11:00 - 20:00,,,11,Jewelry / Watches / Optical,,2021-12-31
TimeSquare,Shopping,69,Jimmy Choo,Jimmy Choo,321,3F,+85227501156,Monday - Sunday   11:00 - 21:00,,,14,Leather Goods / Shoes / Bags,,2021-12-31
TimeSquare,Shopping,537,Joy  Peace,Joy & Peace,B241,B2,+85226793711,Monday - Sunday   10:30 - 22:30,VIC Privileges,,13,Ladies' Fashion,,2021-12-31
TimeSquare,Shopping,266,Jurlique,Jurlique,B229A-B229B,B2,+85225063028,Monday - Sunday   10:00 - 22:00,,,3,Beauty / Personal Care/ Health Products,,2021-12-31
TimeSquare,Shopping,646,JVG ,JVG ,909,9F,+85292289138,Monday - Sunday   10:00 - 22:00,,,3,Beauty / Personal Care/ Health Products,,2021-12-31
TimeSquare,Shopping,658,KSWISS   PALLADIUM,K-SWISS   PALLADIUM,630,6F,,Monday - Sunday   11:00 - 21:00,,,17,Sports / Action Wear / Equipment,,2021-12-31
TimeSquare,Shopping,270,LOccitane,L,B204,B2,+85225060288,Monday - Sunday   10:00 - 22:00,VIC Privileges;BVIC Privileges,,3,Beauty / Personal Care/ Health Products,,2021-12-31
TimeSquare,Shopping,567,Lacoste,Lacoste,628,6F,+85224309198,Monday - Sunday   10:00 - 22:00,VIC Privileges,,17,Sports / Action Wear / Equipment,,2021-12-31
TimeSquare,Shopping,667,LAFIT ,LAFIT ,606,6F,34828913,"Monday - Friday   12:00 - 21:00; Saturday , Sunday   11:00 - 21:00",,,10,Gifts / Books / Stationery,,2021-12-31
TimeSquare,Shopping,15,Lane Crawford 1F,連卡佛 (1/F),1/F,1F,+85221183638,Monday - Sunday   10:00 - 22:00,,,8,Department Store / Supermarket / Convenience Store,,2021-12-31
TimeSquare,Shopping,234,Lane Crawford GF,連卡佛 (G/F),G/F-1/F & G126,GF,+85221183638,Monday - Sunday   10:00 - 22:00,,,8,Department Store / Supermarket / Convenience Store,,2021-12-31
TimeSquare,Shopping,659,le Boni ,le Boni ,629B,6F,21654801,Monday - Sunday   11:00 - 21:00,,,13,Ladies' Fashion,,2021-12-31
TimeSquare,Shopping,372,LEGO Certified Store,LEGO Certified Store,902-903C,9F,+85226382220,Monday - Sunday   10:00 - 22:00,,,19,Children's Wear / Toys,,2021-12-31
TimeSquare,Shopping,382,LensCrafters,亮視點,925B,9F,+85234687625,Monday - Sunday   11:00 - 21:00,VIC Privileges,,11,Jewelry / Watches / Optical,,2021-12-31
TimeSquare,Shopping,123,Les Nrides PARIS,Les Néréides PARIS,524,5F,+85237980054,Monday - Sunday   11:00 - 22:00,,,11,Jewelry / Watches / Optical,,2021-12-31
TimeSquare,Shopping,149,Levis,Levi’s®,622,6F,+85225063505,Monday - Friday   11:00 - 22:00; Saturday - Sunday   10:30 - 22:00,,,12,Ladies' & Men's Fashion,,2021-12-31
TimeSquare,Shopping,622,Lionesse,Lionesse,b236,B2,,,,,3,Beauty / Personal Care/ Health Products,,2021-12-31
TimeSquare,Shopping,489,Liquid Gold,至醇酒庫,904B,9F,+85227555722,Monday - Sunday   11:00 - 22:00,,,8,Department Store / Supermarket / Convenience Store,,2021-12-31
TimeSquare,Shopping,660,Little Stardust,Little Stardust,B237,B2,69054552,Monday - Thursday   12:00 - 20:30; Friday - Sunday   12:00 - 21:00,,,3,Beauty / Personal Care/ Health Products,,2021-12-31
TimeSquare,Shopping,32,Loewe,Loewe,305-306A,3F,+85229971070,Monday - Sunday   10:00 - 22:00,,,14,Leather Goods / Shoes / Bags,,2021-12-31
TimeSquare,Shopping,556,LOGON,LOG-ON,B1,B1,+85229177241,Sunday - Thursday   10:30 - 22:00; Friday - Saturday   10:30 - 23:00; Holiday   10:30 - 23:00; Eve Holiday   10:30 - 23:00,,,10,Gifts / Books / Stationery,,2021-12-31
TimeSquare,Shopping,637,Lounge Pink,Lounge Pink,609-610,6F,28016638,Monday - Wednesday   11:30 - 21:00; Thursday - Sunday   11:30 - 22:00,,,13,Ladies' Fashion,,2021-12-31
TimeSquare,Shopping,459,MAC,M.A.C,B225A,B2,+85234211475,Monday - Sunday   10:00 - 22:00,BVIC Privileges,,3,Beauty / Personal Care/ Health Products,,2021-12-31
TimeSquare,Shopping,275,MaBelle,MaBelle,B221C,B2,+85225069019,Monday - Sunday   11:00 - 22:00,,,11,Jewelry / Watches / Optical,,2021-12-31
TimeSquare,Shopping,643,Made of Pearl ooo,Made of Pearl -ooo-,513,5F,+85237411586,Monday - Friday   12:00 - 21:00; Saturday - Sunday   11:00 - 21:00,,,11,Jewelry / Watches / Optical,,2021-12-31
TimeSquare,Shopping,117,Maje,Maje,509 - 510,5F,+85234254722,Monday - Sunday   11:00 - 22:00,,,13,Ladies' Fashion,,2021-12-31
TimeSquare,Shopping,276,MAKE UP FOR EVER,MAKE UP FOR EVER,B206B,B2,+85221541151,Monday - Sunday   10:00 - 22:00,BVIC Privileges,,3,Beauty / Personal Care/ Health Products,,2021-12-31
TimeSquare,Shopping,598,Mannings,萬寧,917,9F,+85225657455,Monday - Sunday   10:00 - 22:00,,,3,Beauty / Personal Care/ Health Products,,2021-12-31
TimeSquare,Shopping,152,Marathon Sports,馬拉松,701,7F,+85225069403,Monday - Sunday   10:30 - 22:00,VIC Privileges,,17,Sports / Action Wear / Equipment,,2021-12-31
TimeSquare,Shopping,48,Maryling,Maryling,432-433,4F,+85221579628,Monday - Sunday   10:00 - 22:00,,,13,Ladies' Fashion,,2021-12-31
TimeSquare,Shopping,64,Max  Co,Max & Co.,516,5F,+85227229611,Monday - Sunday   10:00 - 22:00,VIC Privileges,,13,Ladies' Fashion,,2021-12-31
TimeSquare,Shopping,455,Max Mara,Max Mara,313,3F,+85227229662,Monday - Sunday   10:00 - 22:00,,,13,Ladies' Fashion,,2021-12-31
TimeSquare,Shopping,664,MCM,MCM ,320,3F,26102398,Monday - Sunday   10:00 - 21:00,,,12,Ladies' & Men's Fashion,,2021-12-31
TimeSquare,Shopping,675,Meiriki Japan,日本命力 ,913,9F,+85235655966,Sunday - Wednesday   11:00 - 20:30; Thursday - Saturday   11:00 - 21:00; Sunday   11:00 - 21:00,,,3,Beauty / Personal Care/ Health Products,,2021-12-31
TimeSquare,Shopping,116,Melissa at Mdreams,Melissa at Mdreams,506,5F,+85221101512,Monday - Sunday   10:30 - 21:30,,,14,Leather Goods / Shoes / Bags,,2021-12-31
TimeSquare,Shopping,619,Miller Harris,Miller Harris,B210A,B2,85221164807,Monday - Sunday   10:00 - 22:00,VIC Privileges;BVIC Privileges,,3,Beauty / Personal Care/ Health Products,,2021-12-31
TimeSquare,Shopping,606,Millies ,Millie’s ,B243,B2,85228990952,Monday - Sunday   11:00 - 22:00,VIC Privileges,,14,Leather Goods / Shoes / Bags,,2021-12-31
TimeSquare,Shopping,531,MLB ,MLB ,B209,B2,+85231012345,Monday - Sunday   10:00 - 22:00,,,3,Beauty / Personal Care/ Health Products,,2021-12-31
TimeSquare,Shopping,36,Montblanc,萬寶龍,312,3F,+85225069090,Monday - Sunday   10:00 - 22:00,VIC Privileges,,11,Jewelry / Watches / Optical,,2021-12-31
TimeSquare,Shopping,604,MOURI,MOURI,613,6F,,Monday - Sunday   11:00 - 22:00,,,11,Jewelry / Watches / Optical,,2021-12-31
TimeSquare,Shopping,603,mtm labo,mtm labo,B203A,B2,+85229863008,,VIC Privileges;BVIC Privileges,,3,Beauty / Personal Care/ Health Products,,2021-12-31
TimeSquare,Shopping,133,My Catalog,My Catalog,607-608,6F,+85225063928,Monday - Sunday   11:00 - 22:00,VIC Privileges,,17,Sports / Action Wear / Equipment,,2021-12-31
TimeSquare,Shopping,676,Nannini,Nannini,713,7F,59466840,Monday - Sunday   12:00 - 20:00,,,11,Jewelry / Watches / Optical,,2021-12-31
TimeSquare,Shopping,670,National Geographic,National Geographic,502,5F,31000012,Monday - Sunday   11:30 - 21:00,,,17,Sports / Action Wear / Equipment,,2021-12-31
TimeSquare,Shopping,100,Niessing,Niessing,507,5F,+85226983144,Monday - Sunday   11:00 - 21:00,,,11,Jewelry / Watches / Optical,,2021-12-31
TimeSquare,Shopping,443,Nike,Nike,601-602A,6F,+85225060522,Monday - Sunday   11:00 - 22:00,,,14,Leather Goods / Shoes / Bags,,2021-12-31
TimeSquare,Shopping,354,Nike Kicks Lounge,Nike Kicks Lounge,501,5F,+85225566646,Monday - Sunday   11:00 - 22:00,,,17,Sports / Action Wear / Equipment,,2021-12-31
TimeSquare,Shopping,186,Ogawa,Ogawa,823-824,8F,+85235759558,Monday - Sunday   11:00 - 22:00,,,3,Beauty / Personal Care/ Health Products,,2021-12-31
TimeSquare,Shopping,650,OPTICAL 88 Family Eyecare,OPTICAL 88 Family Eyecare,921,9F,+85229522988,Sunday - Thursday   11:00 - 21:00; Friday - Saturday   11:00 - 21:30; Holiday   11:00 - 21:30; Eve Holiday   11:00 - 21:30,,,11,Jewelry / Watches / Optical,,2021-12-31
TimeSquare,Shopping,625,Origins ,Origins ,B210B,B2,85234254069,Monday - Sunday   10:00 - 22:00,BVIC Privileges,,3,Beauty / Personal Care/ Health Products,,2021-12-31
TimeSquare,Shopping,538,OROGOLD cosmetics,OROGOLD cosmetics,B246,B2,+85221119177,Monday - Sunday   10:00 - 23:00,BVIC Privileges,,3,Beauty / Personal Care/ Health Products,,2021-12-31
TimeSquare,Shopping,571,OSIM,OSIM,826,8F,+85225064396,Monday - Sunday   11:00 - 22:00,,,3,Beauty / Personal Care/ Health Products,,2021-12-31
TimeSquare,Shopping,216,OTO,OTO,811-812,8F,+85225061123,Monday - Sunday   10:45 - 22:00,VIC Privileges,,3,Beauty / Personal Care/ Health Products,,2021-12-31
TimeSquare,Shopping,672,Panerai,沛納海,327,3F,+85234264803,Monday - Sunday   11:00 - 20:00,,,11,Jewelry / Watches / Optical,,2021-12-31
TimeSquare,Shopping,638,Panier des Sens ,Panier des Sens ,B221D,B2,,Monday - Sunday   10:00 - 22:00,,,3,Beauty / Personal Care/ Health Products,,2021-12-31
TimeSquare,Shopping,395,Parsons Music 14F,柏斯音樂 (14樓),14F,14F,+85225061363,Monday - Friday   10:00 - 22:00; Saturday - Sunday   09:00 - 22:00,VIC Privileges,,6,Cinema / Entertainment / Music,,2021-12-31
TimeSquare,Shopping,224,Parsons Music 9F,柏斯音樂(9樓),901,9F,+85225061383,Monday - Sunday   10:30 - 22:00,VIC Privileges,,6,Cinema / Entertainment / Music,,2021-12-31
TimeSquare,Shopping,560,Phase Eight,Phase Eight,521A,5F,+85231884222,Monday - Sunday   10:00 - 22:00,,,13,Ladies' Fashion,,2021-12-31
TimeSquare,Shopping,595,PicoLabb,PicoLabb,916A,9F,+85221523968,Monday - Sunday   12:00 - 21:00,,,1,Audio-Visual / Computers / Electronics / Home Appliance,,2021-12-31
TimeSquare,Shopping,628,PicoLabb Wellness  Rejuvenation,PicoLabb Wellness & Rejuvenation,1504B,15F,,,,,3,Beauty / Personal Care/ Health Products,,2021-12-31
TimeSquare,Shopping,588,Planet J Hong Kong,Planet J Hong Kong,Square on 9F,9F,+85223856518,Monday - Thursday   11:30 - 22:00; Friday   11:30 - 22:30; Saturday - Sunday   11:00 - 22:30,VIC Privileges,,6,Cinema / Entertainment / Music,,2021-12-31
TimeSquare,Shopping,529,POLA,POLA,B205,B2,+85221110571,Monday - Sunday   10:00 - 22:00,VIC Privileges;BVIC Privileges,,3,Beauty / Personal Care/ Health Products,,2021-12-31
TimeSquare,Shopping,616,Polo Ralph Lauren,Polo Ralph Lauren,429,4F,+85224280878,Monday - Sunday   11:30 - 20:30,,,15,Men's Fashion,,2021-12-31
TimeSquare,Shopping,593,PolyVision Eyecare Centre,理大護眼,1703-1705,17F,+85228669660,Monday - Friday   10:00 - 19:00; Saturday   9:00 - 18:00; Sunday   14:00 - 18:00,,,11,Jewelry / Watches / Optical,,2021-12-31
TimeSquare,Shopping,468,Porter International,Porter International,632,6F,+85234211658,"Sunday - Thursday   11:30 - 21:30; Friday , Saturday   11:00 - 21:30",,,14,Leather Goods / Shoes / Bags,,2021-12-31
TimeSquare,Shopping,539,RayBan,Ray-Ban,B247,B2,+85236485510,Monday - Sunday   10:30 - 22:00,VIC Privileges,,11,Jewelry / Watches / Optical,,2021-12-31
TimeSquare,Shopping,609,Rituals,Rituals,B221B,B2,85227892121,Monday - Sunday   10:00 - 22:00,BVIC Privileges,,3,Beauty / Personal Care/ Health Products,,2021-12-31
TimeSquare,Shopping,499,Rockport,Rockport,603,6F,+85228731060,Monday - Sunday   10:00 - 22:00,,,14,Leather Goods / Shoes / Bags,,2021-12-31
TimeSquare,Shopping,615,ROCOCO,ROCOCO,623-24,6F,,Monday - Sunday   10:00 - 22:00,,,13,Ladies' Fashion,,2021-12-31
TimeSquare,Shopping,419,Sabon,Sabon,B211A,B2,+85227229917,Monday - Sunday   10:00 - 22:00,,,3,Beauty / Personal Care/ Health Products,,2021-12-31
TimeSquare,Shopping,40,Saint Laurent,Saint Laurent,308,3F,+85225063226,Monday - Sunday   10:00 - 22:00,,,14,Leather Goods / Shoes / Bags,,2021-12-31
TimeSquare,Shopping,651,Salad,Salad,614,6F,+85223658209,Monday - Sunday   11:30 - 20:30,,,13,Ladies' Fashion,,2021-12-31
TimeSquare,Shopping,236,Salvatore Ferragamo,Salvatore Ferragamo,G124-G125,GF,+85225062166,Sunday - Thursday   10:00 - 21:00; Friday - Saturday   10:00 - 22:00,,,14,Leather Goods / Shoes / Bags,,2021-12-31
TimeSquare,Shopping,204,Samsonite,Samsonite,817,8F,+85225063078,Monday - Sunday   11:00 - 22:00,,,14,Leather Goods / Shoes / Bags,,2021-12-31
TimeSquare,Shopping,621,Sandro,Sandro,515A,5F,+85231021802,Monday - Sunday   11:00 - 22:00,,,13,Ladies' Fashion,,2021-12-31
TimeSquare,Shopping,268,Sekkisei,雪肌精,B228,B2,+85225063000,Monday - Sunday   10:30 - 22:00,BVIC Privileges,,3,Beauty / Personal Care/ Health Products,,2021-12-31
TimeSquare,Shopping,597,SHISEIDO GINZA TOKYO,SHISEIDO GINZA TOKYO,1701,17F,,,,,3,Beauty / Personal Care/ Health Products,,2021-12-31
TimeSquare,Shopping,530,Sisley Paris,Sisley Paris,B207A,B2,+85234264881,Monday - Sunday   10:00 - 22:00,VIC Privileges;BVIC Privileges,,3,Beauty / Personal Care/ Health Products,,2021-12-31
TimeSquare,Shopping,183,Skechers,Skechers,731,7F,+85225069278,Monday - Sunday   10:30 - 22:00,VIC Privileges,,17,Sports / Action Wear / Equipment,,2021-12-31
TimeSquare,Shopping,285,Staccato,Staccato,B244,B2,+85225775282,Monday - Sunday   11:00 - 21:00,,,14,Leather Goods / Shoes / Bags,,2021-12-31
TimeSquare,Shopping,367,Sulwhasoo 15F,Sulwhasoo (15樓),1501-3,15F,+85221144728,Monday - Saturday   10:00 - 22:00; Sunday   09:00 - 20:00,,,3,Beauty / Personal Care/ Health Products,,2021-12-31
TimeSquare,Shopping,71,Sulwhasoo 4F,Sulwhasoo (4樓),423-424,4F,+85221101896,Friday - Saturday   10:30 - 21:30; Sunday - Thursday   11:00 - 21:00,,,3,Beauty / Personal Care/ Health Products,,2021-12-31
TimeSquare,Shopping,486,Suning,蘇寧,828-829 ,8F,+85227959020,Monday - Sunday   11:00 - 22:00,,,1,Audio-Visual / Computers / Electronics / Home Appliance,,2021-12-31
TimeSquare,Shopping,612,TASAKI,TASAKI,309,3F,85228829660,Monday - Sunday   10:00 - 22:00,,,11,Jewelry / Watches / Optical,,2021-12-31
TimeSquare,Shopping,287,The Body Shop,The Body Shop,B220,B2,+85225060678,Monday - Sunday   11:00 - 22:00,,,3,Beauty / Personal Care/ Health Products,,2021-12-31
TimeSquare,Shopping,618,The Ordinary ,The Ordinary ,B224B,B2,,Monday - Sunday   10:00 - 22:00,,,3,Beauty / Personal Care/ Health Products,,2021-12-31
TimeSquare,Shopping,476,Tic Tac Time,Tic Tac Time,910,9F,+85221101350,Monday - Sunday   11:00 - 21:00,,,11,Jewelry / Watches / Optical,,2021-12-31
TimeSquare,Shopping,237,TIFFANY  CO,TIFFANY & CO.,G128,GF,+85225061328,Monday - Sunday   11:00 - 20:00,,,11,Jewelry / Watches / Optical,,2021-12-31
TimeSquare,Shopping,355,Tommy Hilfiger,Tommy Hilfiger,520,5F,+85225063299,Monday - Sunday   10:00 - 22:00,,,13,Ladies' Fashion,,2021-12-31
TimeSquare,Shopping,41,Tory Burch,Tory Burch,422,4F,+85234211229,Monday - Sunday   11:00 - 19:30,VIC Privileges,,14,Leather Goods / Shoes / Bags,,2021-12-31
TimeSquare,Shopping,649,Treasure Chest ,Treasure Chest ,B242,B2,+85251130715,Monday - Sunday   11:30 - 21:00,,,3,Beauty / Personal Care/ Health Products,,2021-12-31
TimeSquare,Shopping,665,Triumph,Triumph,629A,6F,36210193,Monday - Sunday   11:00 - 21:00,,,13,Ladies' Fashion,,2021-12-31
TimeSquare,Shopping,495,TSL Jewellery,TSL ︳謝瑞麟,B212A-B,B2,+85221530940,Monday - Sunday   10:30 - 22:00,,,11,Jewelry / Watches / Optical,,2021-12-31
TimeSquare,Shopping,607,TUMI,TUMI,405,4F,85221118293,Monday - Sunday   10:00 - 22:00,,,14,Leather Goods / Shoes / Bags,,2021-12-31
TimeSquare,Shopping,623,UGG,UGG,527,5F,,,,,14,Leather Goods / Shoes / Bags,,2021-12-31
TimeSquare,Shopping,444,VANS,VANS,724,7F,+85229972108,Monday - Sunday   11:00 - 22:00,,,17,Sports / Action Wear / Equipment,,2021-12-31
TimeSquare,Shopping,572,via il colpo hair  nail,via il colpo hair & nail,827,8F,+85231028008,Monday - Sunday   11:00 - 20:00,BVIC Privileges,,3,Beauty / Personal Care/ Health Products,,2021-12-31
TimeSquare,Shopping,185,Victorinox,Victorinox,722-723,7F,+85231012969,Monday - Thursday   11:00 - 22:00; Friday - Saturday   10:30 - 22:00,VIC Privileges,,14,Leather Goods / Shoes / Bags,,2021-12-31
TimeSquare,Shopping,647,VIVIENNE TAM,VIVIENNE TAM,428,4F,+85222658381,Monday - Sunday   11:00 - 20:00,,,13,Ladies' Fashion,,2021-12-31
TimeSquare,Shopping,439,Watsons,Watsons,927-928,9F,+85234687631,Monday - Sunday   10:30 - 22:00,,,3,Beauty / Personal Care/ Health Products,,2021-12-31
TimeSquare,Shopping,558,Weekend Max Mara,Weekend Max Mara,515B,5F,+85227229680,Monday - Sunday   10:00 - 22:00,VIC Privileges,,13,Ladies' Fashion,,2021-12-31
TimeSquare,Shopping,640,Woke Up Like This,Woke Up Like This,B245,B2,+85262295555,"Monday - Thursday   11:30 - 20:00; Sunday   11:30 - 20:00; Friday , Saturday   11:30 - 21:00",,,3,Beauty / Personal Care/ Health Products,,2021-12-31
TimeSquare,Shopping,403,Wonder Photo Shop Fujifilm Fotomax ,快圖美,825,8F,+85224334400,Monday - Sunday   11:00 - 21:00,,,1,Audio-Visual / Computers / Electronics / Home Appliance,,2021-12-31
TimeSquare,Shopping,681,XEXYMIX,XEXYMIX,704,7F,23268802,Monday - Sunday   11:00 - 21:00,,,17,Sports / Action Wear / Equipment,,2021-12-31
TimeSquare,Shopping,68,Y3,Y-3,430-431,4F,+85234210740,Monday - Thursday   11:00 - 22:00; Friday - Sunday   10:30 - 22:00,,,12,Ladies' & Men's Fashion,,2021-12-31
TimeSquare,Shopping,591,Yoki Magokoro,Yoki Magokoro,1702A,17F,+85231223133,Monday - Sunday   11:30 - 21:00,,,3,Beauty / Personal Care/ Health Products,,2021-12-31
TimeSquare,Shopping,75,ZARA Ladies,ZARA (Ladies,414-16,4F,+85225060070,Monday - Sunday   11:00 - 20:00,,,12,Ladies' & Men's Fashion,,2021-12-31
TimeSquare,Shopping,431,ZARA Mens  Kids,ZARA (Men,418-21,4F,+85225060070,Monday - Sunday   11:00 - 20:00,,,12,Ladies' & Men's Fashion,,2021-12-31
TimeSquare,Shopping,680,ZENITH ,ZENITH ,325,3F,21114126,Monday - Sunday   11:00 - 20:00,,,11,Jewelry / Watches / Optical,,2021-12-31
TimeSquare,Dining,653,ABURIEN ,ABURI-EN 炙・宴 ,627,6F,+85228817806,Monday - Sunday   11:30 - 22:00,,,22,Asian,ZoneB,2021-12-31
TimeSquare,Dining,303,agns b CAF   agns b DLICES,agnès b. CAFÉ  & agnès b. DÉLICES ,Kiosk 6/F,6F,+85225063822,Monday - Sunday   11:00 - 19:30,,,23,Café/Sweet/Light Meal,ZoneB,2021-12-31
TimeSquare,Dining,641,Amazing Food Hall citysuper,美食佳釀專區 @city’super ,B1,B1,+85227363866,Monday - Sunday   11:00 - 22:00,,,23,Café/Sweet/Light Meal,ZoneB,2021-12-31
TimeSquare,Dining,630,Bakebe,Bakebe,605,6F,85237934998,Monday - Sunday   11:00 - 20:00,VIC Privileges,,23,Café/Sweet/Light Meal,,2021-12-31
TimeSquare,Dining,613,banchan  Cook,banchan & Cook ,922-23,9F,85223268728,Monday - Sunday   11:00 - 22:00,VIC Privileges,,23,Café/Sweet/Light Meal,ZoneB,2021-12-31
TimeSquare,Dining,555,Cafe Terceira,小島 • 澳門菜 ,1302,13F,+85231019539,Monday - Sunday   11:30 - 23:00,,,22,Asian,ZoneB,2021-12-31
TimeSquare,Dining,632,CAFF MILANI,CAFFÉ MILANI ,Kiosk 4/F,4F,+85221307106,Monday - Sunday   11:00 - 21:00,VIC Privileges,,23,Café/Sweet/Light Meal,ZoneB,2021-12-31
TimeSquare,Dining,663,CHUAN, 川川 CHUAN ,1102,11F,28388313,"Monday - Friday   11:30 - 16:30, 17:30 - 23:00; Saturday - Sunday   11:00 - 16:30, 17:30 - 23:00",,,22,Asian,ZoneD,2021-12-31
TimeSquare,Dining,326,Chungs Kitchen,鍾廚 ,1201,12F,+85283008005,"Monday - Sunday   10:00 - 16:00, 18:00 - 23:00",,,22,Asian,ZoneD,2021-12-31
TimeSquare,Dining,429,Club Albergue 1601,Club Albergue 1601 ,1105,11F,+85225733344,Monday - Sunday   12:00 - 23:00,VIC Privileges,,25,Western,ZoneC,2021-12-31
TimeSquare,Dining,599,Crostini,Crostini ,728-9,7F,+85231059923,Monday - Sunday   10:00 - 20:30,,,23,Café/Sweet/Light Meal,ZoneB,2021-12-31
TimeSquare,Dining,298,Crystal Jade La Mian Xiao Long Bao,翡翠拉麵小籠包 ,B221A,B2,+85225060080,Monday - Sunday   11:00 - 23:00,,,24,Chinese,ZoneC,2021-12-31
TimeSquare,Dining,294,Du Hsiao Yueh,度小月,B215,B2,+85283002002,"Monday - Friday   11:30 - 22:00; Saturday , Sunday   11:00 - 22:00",,,24,Chinese,ZoneB,2021-12-31
TimeSquare,Dining,309,Forbidden Duck,鴨大哥 ,1001B,10F,+85228828600,"Monday - Friday   11:30 - 15:00, 18:00 - 22:30; Saturday , Sunday   11:00 - 16:00, 18:00 - 22:30",,,24,Chinese,ZoneC,2021-12-31
TimeSquare,Dining,644,Fu Rong,映水芙蓉 ,1103,11F,85223889089,"Monday - Sunday   11:30 - 14:30, 17:30 - 22:00",,,24,Chinese,ZoneD,2021-12-31
TimeSquare,Dining,428,GREENHOUSE,GREENHOUSE ,1004,10F,+85223834022,Monday - Sunday   11:00 - 23:00,VIC Privileges,,25,Western,ZoneC,2021-12-31
TimeSquare,Dining,629,Greyhound Caf,Greyhound Café ,1104,11F,+85221523833,Monday - Sunday   11:30 - 23:00,VIC Privileges,,22,Asian,ZoneC,2021-12-31
TimeSquare,Dining,389,HagenDazs,Häagen-Dazs,Kiosk 7/F,7F,+85228852488,Monday - Sunday   10:00 - 22:00,,,23,Café/Sweet/Light Meal,,2021-12-31
TimeSquare,Dining,582,HeyTea Go,喜茶,B216,B2,+85231062996,Monday - Sunday   12:00 - 20:00,,,23,Café/Sweet/Light Meal,,2021-12-31
TimeSquare,Dining,656,Hung Rui Chen,洪瑞珍,B214B,B2,+85228183321,Monday - Sunday   11:00 - 21:15,,,23,Café/Sweet/Light Meal,,2021-12-31
TimeSquare,Dining,677,KAMIMURA JAPANESE BBQ,上村牧場JAPANESE BBQ ,B213-4,B2,25510232,Monday - Sunday   11:30 - 22:00,,,22,Asian,ZoneB,2021-12-31
TimeSquare,Dining,601,Kei Cuisine,麒藝館 ,1001A,10F,+85228853390,"Sunday - Saturday   11:30 - 15:30, 18:00 - 22:00",,,24,Chinese,ZoneD,2021-12-31
TimeSquare,Dining,636,La Famille,La Famille,b201,B2,+85231877058,Monday - Sunday   11:00 - 21:00,,,23,Café/Sweet/Light Meal,,2021-12-31
TimeSquare,Dining,600,Lady M New York,Lady M New York ,Kiosk 3/F,3F,+85235860368,"Sunday - Thursday   11:00 - 20:00; Friday , Saturday   11:00 - 21:00",VIC Privileges,,23,Café/Sweet/Light Meal,ZoneC,2021-12-31
TimeSquare,Dining,313,Lei Garden,利苑 ,1003,10F,+85225063828,"Monday - Sunday   11:30 - 15:00, 18:00 - 23:30",,,24,Chinese,ZoneD,2021-12-31
TimeSquare,Dining,631,Mrs Fields Cookies ,菲爾斯曲奇,B301,B3,26094363,Monday - Sunday   08:00 - 22:00,,,23,Café/Sweet/Light Meal,,2021-12-31
TimeSquare,Dining,331,Nha Trang Vietnamese Cuisine,芽莊越式料理 ,1303,13F,+85225062220,"Monday - Sunday   12:00 - 16:30, 17:45 - 22:30",,,22,Asian,ZoneB,2021-12-31
TimeSquare,Dining,311,Pak Loh Chiu Chow Restaurant,百樂潮州酒家 ,1002,10F,+85225771163,Monday - Sunday   11:00 - 23:30,,,22,Asian,ZoneD,2021-12-31
TimeSquare,Dining,328,PizzaExpress,PizzaExpress ,1203,12F,+85231641318,Monday - Sunday   11:30 - 22:30,VIC Privileges,,25,Western,ZoneB,2021-12-31
TimeSquare,Dining,648,SAKImoto Bakery,SAKImoto Bakery嵜本高級Shokupan專門店 ,B224A,B2,85237059040,Monday - Sunday   08:00 - 21:00,,,23,Café/Sweet/Light Meal,ZoneB,2021-12-31
TimeSquare,Dining,299,Senryo,千両 ,B222,B2,+85225069366,Monday - Thursday   11:30 - 22:30; Friday - Sunday   11:30 - 23:00,,,22,Asian,ZoneC,2021-12-31
TimeSquare,Dining,620,SHAKE SHACK,SHAKE SHACK ,B217-219,B2,85225716368,Monday - Sunday   11:00 - 22:00,,,23,Café/Sweet/Light Meal,ZoneC,2021-12-31
TimeSquare,Dining,426,Starbucks Coffee,Starbucks Coffee,Kiosk 9/F,9F,+85225063015,Monday - Friday   7:30 - 22:30; Saturday   9:00 - 22:30; Sunday   10:00 - 22:00,,,23,Café/Sweet/Light Meal,,2021-12-31
TimeSquare,Dining,666,Sugarfina ,Sugarfina®️ ,B246,B2,35649991,Monday - Sunday   11:00 - 21:00,,,23,Café/Sweet/Light Meal,,2021-12-31
TimeSquare,Dining,668,Tea WG Boutique,Tea WG 精品店,B240,B2,35911255,Monday - Sunday   10:00 - 22:00,,,25,Western,,2021-12-31
TimeSquare,Dining,577,UjiEn,宇治園,919B,9F,,Monday - Sunday   10:00 - 22:00,,,23,Café/Sweet/Light Meal,,2021-12-31
TimeSquare,Dining,657,VANDA,VANDA 花漾 ,625-626,6F,25139899,Monday - Sunday   11:30 - 22:00,,,22,Asian,ZoneB,2021-12-31
TimeSquare,Dining,642,Vida Coffee,Vida Coffee ,Kiosk 8/F,8F,85253338606,"Monday - Friday   08:30 - 19:00; Saturday , Sunday   10:00 - 19:00",,,23,Café/Sweet/Light Meal,ZoneB,2021-12-31
TimeSquare,Dining,669,YU,悅 ,1301,13F,28383968,"Monday - Friday   11:30 - 23:00; Saturday , Sunday   11:00 - 23:00",,,22,Asian,ZoneD,2021-12-31
TimeSquare,Dining,327,Zushi ANA,鮨穴 ,1202,12F,+85225061232,"Monday - Sunday   12:00 - 15:00, 18:00 - 23:00",VIC Privileges,,22,Asian,ZoneC,2021-12-31
TimeSquare,Dining,645,11 Gathering,饗11 Gathering ,1101,11F,+85228891988,"Monday - Thursday   12:00 - 15:00, 17:00 - 22:00; Friday - Sunday   12:00 - 22:00",,,22,Asian,ZoneB,2021-12-31
