mall,type,shop_id,shop_name_en,shop_name_tc,shop_number,shop_floor,phone,opening_hours,loyalty_offer,voucher_acceptance,shop_category_id,shop_category_name,tag,update_date
LanghamPlace,Shopping,53,AAPE BY A BATHING APE,AAPE BY A BATHING APE,01 & 21,5F,35149377,Mon - Sun & Public Holidays: 11:00 - 23:00,,1,14,Fashion,,2022-01-16
LanghamPlace,Shopping,309,Active Ride Shop,Active Ride Shop,02,5F,23839186,Mon - Thu: 12:00 - 21:00;Fri - Sun & Public Holidays: 12:00 - 22:00,,1,7,Sportswear,,2022-01-16
LanghamPlace,Shopping,10,adidas Originals,adidas Originals,09,8F,35144109,Mon - Sun & Public Holidays: 11:00 - 22:30,,1,7,Sportswear,,2022-01-16
LanghamPlace,Shopping,11,adidas Sportswear Collective Store,adidas Sportswear Collective Store,38-39,1F,23379883,Mon - Sun & Public Holidays: 11:00 - 23:00,,1,7,Sportswear,,2022-01-16
LanghamPlace,Shopping,54,agnés b.,agnés b.,28-33,3F,35144311,Mon - Sun & Public Holidays: 11:00 - 22:00,,1,14,Fashion,,2022-01-16
LanghamPlace,Shopping,350,ALGENIST at LANGHAM BEAUTY,ALGENIST at LANGHAM BEAUTY,LANGHAM BEAUTY,2F,31893100,Mon - Sun & Public Holidays: 11:00 - 22:00,,1,17,Beauty,,2022-01-16
LanghamPlace,Shopping,178,ALTERNATE W,ALTERNATE W,31-32,11F,37096694,Mon - Thu: 11:00 - 22:00;Fri - Sun & Public Holidays: 11:00 - 22:30,,1,19,Accessories,,2022-01-16
LanghamPlace,Shopping,283,Anima Animus Jewels,Anima Animus Jewels,36-37,9F,,Mon - Sun & Public Holidays: 11:00 - 23:00,,,12,Jewellery / Watches,,2022-01-16
LanghamPlace,Shopping,364,ANNA SUI at LANGHAM BEAUTY,ANNA SUI at LANGHAM BEAUTY,LANGHAM BEAUTY,2F,31893100,Mon - Sun & Public Holidays: 11:00 - 22:00,,1,17,Beauty,,2022-01-16
LanghamPlace,Shopping,237,Apivita,Apivita,19A,B1F,98635942,Mon - Sun & Public Holidays: 11:00 - 23:00,,1,17,Beauty,,2022-01-16
LanghamPlace,Shopping,337,ARMANI BEAUTY at LANGHAM BEAUTY,ARMANI BEAUTY at LANGHAM BEAUTY,LANGHAM BEAUTY,1F,31893100,Mon - Sun & Public Holidays: 11:00 - 22:00,,1,17,Beauty,,2022-01-16
LanghamPlace,Shopping,112,AVEDA,AVEDA,21,2F,35149234,Mon - Sun & Public Holidays: 11:00 - 23:00,,1,17,Beauty,,2022-01-16
LanghamPlace,Shopping,316,BBG,BBG,17,5F,,Mon - Sun & Public Holidays: 11:00 - 23:00,,1,14,Fashion,,2022-01-16
LanghamPlace,Shopping,348,BELIF at LANGHAM BEAUTY,BELIF at LANGHAM BEAUTY,LANGHAM BEAUTY,2F,31893100,Mon - Sun & Public Holidays: 11:00 - 22:00,,1,17,Beauty,,2022-01-16
LanghamPlace,Shopping,113,benefit,benefit,31,2F,34279582,Mon - Sun & Public Holidays: 11:00 - 23:00,,1,17,Beauty,,2022-01-16
LanghamPlace,Shopping,12,BIGPACK,BIGPACK,07-08,8F,34011142,Mon - Sun & Public Holidays: 11:00 - 23:00,,1,7,Sportswear,,2022-01-16
LanghamPlace,Shopping,114,BIODERMA,BIODERMA,06,2F,35144368,Mon - Sun & Public Holidays: 11:00 - 23:00,,1,17,Beauty,,2022-01-16
LanghamPlace,Shopping,327,BOBBI BROWN at LANGHAM BEAUTY,BOBBI BROWN at LANGHAM BEAUTY,LANGHAM BEAUTY,1F,31893100,Mon - Sun & Public Holidays: 11:00 - 22:00,,1,17,Beauty,,2022-01-16
LanghamPlace,Shopping,204,BOY LONDON,BOY LONDON,06,5F,,Mon - Sun & Public Holidays: 11:00 - 23:00,,1,14,Fashion,,2022-01-16
LanghamPlace,Shopping,356,BURBERRY FRAGRANCES at LANGHAM BEAUTY,BURBERRY FRAGRANCES at LANGHAM BEAUTY,LANGHAM BEAUTY,2F,31893100,Mon - Sun & Public Holidays: 11:13 - 22:00,,1,17,Beauty,,2022-01-16
LanghamPlace,Shopping,351,BY TERRY at LANGHAM BEAUTY,BY TERRY at LANGHAM BEAUTY,LANGHAM BEAUTY,2F,31893100,Mon - Sun & Public Holidays: 11:00 - 22:00,,1,17,Beauty,,2022-01-16
LanghamPlace,Shopping,358,CALVIN KLEIN FRAGRANCES at LANGHAM BEAUTY,CALVIN KLEIN FRAGRANCES at LANGHAM BEAUTY,LANGHAM BEAUTY,2F,31893100,Mon - Sun & Public Holidays: 11:00 - 22:00,,1,17,Beauty,,2022-01-16
LanghamPlace,Shopping,55,Calvin Klein Jeans,Calvin Klein Jeans,03,3F,35144185,Mon - Sun & Public Holidays: 11:00 - 23:00,,1,14,Fashion,,2022-01-16
LanghamPlace,Shopping,56,CALVIN KLEIN UNDERWEAR,CALVIN KLEIN UNDERWEAR,20,3F,35149022,Mon - Sun & Public Holidays: 11:00 - 23:00,,1,14,Fashion,,2022-01-16
LanghamPlace,Shopping,179,Candy Wagon,糖果馬車,37,11F,23326670,Mon - Sun & Public Holidays: 12:00 - 22:30,,1,19,Accessories,,2022-01-16
LanghamPlace,Shopping,314,CAT PLUS. CUTIE,CAT PLUS. CUTIE,17-18,12F,62191172,Mon - Sun & Public Holidays: 11:30 - 21:00,,1,11,Lifestyle,,2022-01-16
LanghamPlace,Shopping,188,CATALO,CATALO,22-23,B2F,34279207,Mon - Sun & Public Holidays: 10:00 - 21:00,,1,9,Personal Care,,2022-01-16
LanghamPlace,Shopping,13,CATALOG,CATALOG,02-05,6F,35144132,Mon - Sun & Public Holidays: 11:00 - 23:00,,1,7,Sportswear,,2022-01-16
LanghamPlace,Shopping,187,CAUDALIE,CAUDALIE,07,2F,26430886,Mon - Sun & Public Holidays: 11:00 - 23:00,,1,17,Beauty,,2022-01-16
LanghamPlace,Shopping,57,CHAMPION,CHAMPION,06-08,6F,34283860,Mon - Sun & Public Holidays: 11:00 - 23:00,,1,14,Fashion,,2022-01-16
LanghamPlace,Shopping,217,CHARLES & KEITH,CHARLES & KEITH,01-02,3F,39052289,Mon - Sun & Public Holidays: 11:00 - 22:00,,1,8,Shoes / Bags,,2022-01-16
LanghamPlace,Shopping,58,CHEVIGNON,CHEVIGNON,09,5F,25412138,Mon - Sun & Public Holidays: 11:00 - 23:00,,1,14,Fashion,,2022-01-16
LanghamPlace,Shopping,357,CHLOÉ PARFUM at LANGHAM BEAUTY,CHLOÉ PARFUM at LANGHAM BEAUTY,LANGHAM BEAUTY,2F,31893100,Mon - Sun & Public Holidays: 11:00 - 22:00,,1,17,Beauty,,2022-01-16
LanghamPlace,Shopping,98,CINEMA CITY,CINEMA CITY 戲院,01,8F,23600910,Mon - Sun & Public Holidays: 11:00 - 00:00,,1,16,Cinema,,2022-01-16
LanghamPlace,Shopping,326,CLARINS at LANGHAM BEAUTY,CLARINS at LANGHAM BEAUTY,LANGHAM BEAUTY,1F,31893100,Mon - Sun & Public Holidays: 11:00 - 22:00,,1,17,Beauty,,2022-01-16
LanghamPlace,Shopping,365,CLEAN BEAUTY COLLECTIVE  at LANGHAM BEAUTY,CLEAN BEAUTY COLLECTIVE  at LANGHAM BEAUTY,LANGHAM BEAUTY,2F,31893100,Mon - Sun & Public Holidays: 11:00 - 22:00,,1,17,Beauty,,2022-01-16
LanghamPlace,Shopping,59,COACH,COACH,07-08,1F,35149288,Mon - Sun & Public Holidays: 11:00 - 23:00,,1,14,Fashion,,2022-01-16
LanghamPlace,Shopping,366,COACH at LANGHAM BEAUTY,COACH at LANGHAM BEAUTY,LANGHAM BEAUTY,2F,31893100,Mon - Sun & Public Holidays: 11:00 - 22:00,,1,17,Beauty,,2022-01-16
LanghamPlace,Shopping,14,Columbia Sportswear Company,Columbia Sportswear Company,02-03,7F,,Mon - Sun & Public Holidays: 11:00 - 23:00,,1,7,Sportswear,,2022-01-16
LanghamPlace,Shopping,15,CONVERSE,CONVERSE,05-06,8F,35149319,Mon - Sun & Public Holidays: 11:00 - 23:00,,1,7,Sportswear,,2022-01-16
LanghamPlace,Shopping,251,Cosme Go,Cosme Go,29,2F,,Mon - Sun & Public Holidays: 11:00 - 23:00,,1,17,Beauty,,2022-01-16
LanghamPlace,Shopping,115,COVERMARK,COVERMARK,22,2F,35149062,Mon - Sun & Public Holidays: 11:00 - 23:00,,1,17,Beauty,,2022-01-16
LanghamPlace,Shopping,306,Crudo,Crudo,19-21,9F,,Mon - Sun & Public Holidays: 11:00 - 23:00,,1,19,Accessories,,2022-01-16
LanghamPlace,Shopping,116,Derma Skincare Center- VICHY / SKINCEUTICALS / LA ROCHE-POSAY,Derma Skincare Center- VICHY / SKINCEUTICALS / LA ROCHE-POSAY,20,2F,35144023,Mon - Sun & Public Holidays: 11:00 - 23:00,,1,17,Beauty,,2022-01-16
LanghamPlace,Shopping,362,DERMACEPT at LANGHAM BEAUTY,DERMACEPT at LANGHAM BEAUTY,LANGHAM BEAUTY,2F,31893100,Mon - Sun & Public Holidays: 11:00 - 22:00,,1,17,Beauty,,2022-01-16
LanghamPlace,Shopping,363,DERMALOGICA at LANGHAM BEAUTY,DERMALOGICA at LANGHAM BEAUTY,LANGHAM BEAUTY,2F,31893100,Mon - Sun & Public Holidays: 11:00 - 22:00,,1,17,Beauty,,2022-01-16
LanghamPlace,Shopping,338,DIOR BEAUTY at LANGHAM BEAUTY,DIOR BEAUTY at LANGHAM BEAUTY,LANGHAM BEAUTY,1F,31893100,Mon - Sun & Public Holidays: 11:00 - 22:00,,1,17,Beauty,,2022-01-16
LanghamPlace,Shopping,50,dokidoki,dokidoki 本館,01-08,11F,23684188,Mon - Sun & Public Holidays: 11:00 - 23:00,,1,13,Gift / Toys,,2022-01-16
LanghamPlace,Shopping,60,Double Step,Double Step,27-29,10F,23888453,Mon - Sun & Public Holidays: 12:00 - 22:00,,1,14,Fashion,,2022-01-16
LanghamPlace,Shopping,61,double-park,double-park,15-19,4F,21480170,Mon - Sun & Public Holidays: 11:00 - 23:00,,1,14,Fashion,,2022-01-16
LanghamPlace,Shopping,390,Doughnut Pop-up Store,Doughnut限定店,K501,5F,,Mon - Sun & Public Holidays: 11:00 - 23:00,,,8,Shoes / Bags,,2022-01-16
LanghamPlace,Shopping,22,Dr. Martens,Dr. Martens,08-09,B1F,35144498,Mon - Sun & Public Holidays: 11:00 - 22:30,,1,8,Shoes / Bags,,2022-01-16
LanghamPlace,Shopping,62,DV Meteor,DV Meteor,15-17,11F,21142244,Mon - Sun & Public Holidays: 11:30 - 23:00,,1,14,Fashion,,2022-01-16
LanghamPlace,Shopping,36,eGG Optical Boutique,eGG Optical Boutique,19-20,10F,23275710,Mon - Thu & Sun: 11:30 - 22:00;Fri - Sat & Public Holidays: 11:30 - 22:30,,1,10,Optical,,2022-01-16
LanghamPlace,Shopping,300,Elizabeth Arden Pop-up Store,Elizabeth Arden限定店,K302,3F,,Mon - Sun & Public Holidays: 11:00 - 23:00,,,17,Beauty,,2022-01-16
LanghamPlace,Shopping,323,ESTĒE LAUDER at LANGHAM BEAUTY,ESTĒE LAUDER at LANGHAM BEAUTY,LANGHAM BEAUTY,1F,31893100,Mon - Sun & Public Holidays: 11:00 - 22:00,,1,17,Beauty,,2022-01-16
LanghamPlace,Shopping,233,ETUDE House,ETUDE House,10-11,B1F,34285671,Mon - Sun & Public Holidays: 11:00 - 23:00,,1,17,Beauty,,2022-01-16
LanghamPlace,Shopping,63,EVISU,EVISU,23,3F,22347266,Mon - Sun & Public Holidays: 11:00 - 23:00,,1,14,Fashion,,2022-01-16
LanghamPlace,Shopping,310,factiv,factiv,18,5F,,Mon - Sun & Public Holidays: 11:00 - 23:00,,1,17,Beauty,,2022-01-16
LanghamPlace,Shopping,117,FANCL,FANCL,17,B1F,36220975,Mon - Sun & Public Holidays: 11:00 - 23:00,,1,17,Beauty,,2022-01-16
LanghamPlace,Shopping,180,FBY Silver Jewellery,FBY Silver Jewellery,39,9F,23232172,Mon - Sun & Public Holidays: 11:30 - 22:30,,1,19,Accessories,,2022-01-16
LanghamPlace,Shopping,16,Fila Fusion,Fila Fusion,08-09,7F,23682408,Mon - Sun & Public Holidays: 11:00 - 22:00,,1,7,Sportswear,,2022-01-16
LanghamPlace,Shopping,39,Fotomax,快圖美,43,1F,35144456,Mon - Sun & Public Holidays: 11:00 - 21:00,,1,11,Lifestyle,,2022-01-16
LanghamPlace,Shopping,64,FRED PERRY,FRED PERRY,17,6F,27538623,Mon - Sun & Public Holidays: 11:00 - 23:00,,1,14,Fashion,,2022-01-16
LanghamPlace,Shopping,118,Fresh,Fresh,03,2F,35144545,Mon - Sun & Public Holidays: 11:00 - 23:00,,1,17,Beauty,,2022-01-16
LanghamPlace,Shopping,384,FURLA at LANGHAM BEAUTY,FURLA at LANGHAM BEAUTY,LANGHAM BEAUTY,2F,31893100,Mon - Sun & Public Holidays: 11:00 - 21:00,,1,17,Beauty,,2022-01-16
LanghamPlace,Shopping,44,G-SHOCK CASIO STORE,G-SHOCK CASIO STORE,06,3F,34282508,Mon - Sun & Public Holidays: 11:00 - 23:00,,1,12,Jewellery / Watches,,2022-01-16
LanghamPlace,Shopping,203,G2000,G2000,07-08,5F,26770714,Mon - Sun & Public Holidays: 11:00 - 23:00,,1,14,Fashion,,2022-01-16
LanghamPlace,Shopping,246,G2000 TECH WORK,G2000 TECH WORK,10,6F,,Mon - Sun & Public Holidays: 11:00 - 23:00,,1,14,Fashion,,2022-01-16
LanghamPlace,Shopping,349,GHD at LANGHAM BEAUTY,GHD at LANGHAM BEAUTY,LANGHAM BEAUTY,2F,31893100,Mon - Sun & Public Holidays: 11:00 - 22:00,,1,17,Beauty,,2022-01-16
LanghamPlace,Shopping,17,GigaSports,GigaSports,01,7F,24596918,Mon - Sun & Public Holidays: 11:00 - 22:30,,1,7,Sportswear,,2022-01-16
LanghamPlace,Shopping,40,GINGER STORE,薑館,01-05,10F,28822131,Mon - Sun & Public Holidays: 11:00 - 23:00,,1,11,Lifestyle,,2022-01-16
LanghamPlace,Shopping,377,GIVENCHY BEAUTY,GIVENCHY BEAUTY,27,2F,,Mon - Sun & Public Holidays: 11:00 - 23:00,,1,17,Beauty,,2022-01-16
LanghamPlace,Shopping,32,GNC,GNC,35A,B2F,35144341,Mon - Sun & Public Holidays: 11:00 - 22:00,,1,9,Personal Care,,2022-01-16
LanghamPlace,Shopping,279,GRANDMAMA STORE,婆婆雜貨店,09-12,11F,,Mon - Sun & Public Holidays: 11:00 - 23:00,,1,13,Gift / Toys,,2022-01-16
LanghamPlace,Shopping,325,GUERLAIN at LANGHAM BEAUTY,GUERLAIN at LANGHAM BEAUTY,LANGHAM BEAUTY,1F,31893100,Mon - Sun & Public Holidays: 11:00 - 22:00,,1,17,Beauty,,2022-01-16
LanghamPlace,Shopping,333,HELENA RUBINSTEIN at LANGHAM BEAUTY,HELENA RUBINSTEIN at LANGHAM BEAUTY,LANGHAM BEAUTY,1F,31893100,Mon - Sun & Public Holidays: 11:00 - 22:00,,1,17,Beauty,,2022-01-16
LanghamPlace,Shopping,226,Her own words,Her own words,32-35,9F,27881938,Mon - Sun & Public Holidays: 11:00 - 22:30,,1,14,Fashion,,2022-01-16
LanghamPlace,Shopping,65,Hisso,Hisso,07-10,10F,23370328,Mon - Sun & Public Holidays: 11:00 - 23:00,,1,14,Fashion,,2022-01-16
LanghamPlace,Shopping,24,Hush Puppies,Hush Puppies,01-02,B1F,35144198,Mon - Sun & Public Holidays: 11:00 - 22:00,,1,8,Shoes / Bags,,2022-01-16
LanghamPlace,Shopping,66,i.t,i.t,10-19,3F,35144150,Mon - Sun & Public Holidays: 11:30 - 21:30,,1,14,Fashion,,2022-01-16
LanghamPlace,Shopping,168,ICBC (Asia) (ATM),中國工商銀行 (亞洲) (自動櫃員機),K102,1F,,Mon - Sun & Public Holidays: 11:00 - 23:00,,,18,Bank,,2022-01-16
LanghamPlace,Shopping,67,initial (womenswear),initial (womenswear),10-11,5F,24421008,Mon - Sun & Public Holidays: 11:00 - 23:00,,1,14,Fashion,,2022-01-16
LanghamPlace,Shopping,236,innisfree,innisfree,18,B1F,35802787,Mon - Sun & Public Holidays: 11:00 - 23:00,,1,17,Beauty,,2022-01-16
LanghamPlace,Shopping,68,Intique,Intique,16-18,10F,23681980,Mon - Fri: 11:45 - 23:00;Sat - Sun & Public Holidays: 11:15 - 23:00,,1,14,Fashion,,2022-01-16
LanghamPlace,Shopping,331,IPSA at LANGHAM BEAUTY,IPSA at LANGHAM BEAUTY,LANGHAM BEAUTY,1F,31893100,Mon - Sun & Public Holidays: 11:00 - 22:00,,1,17,Beauty,,2022-01-16
LanghamPlace,Shopping,370,ISSEY MIYAKE at LANGHAM BEAUTY,ISSEY MIYAKE at LANGHAM BEAUTY,LANGHAM BEAUTY,2F,31893100,Mon - Sun & Public Holidays: 11:00 - 22:00,,1,17,Beauty,,2022-01-16
LanghamPlace,Shopping,69,izzue,izzue,13-16,6F,23426458,Mon - Sun & Public Holidays: 11:00 - 23:00,,1,14,Fashion,,2022-01-16
LanghamPlace,Shopping,385,JIMMY CHOO at LANGHAM BEAUTY,JIMMY CHOO at LANGHAM BEAUTY,LANGHAM BEAUTY,2F,31893100,Mon - Sun & Public Holidays: 11:00 - 21:00,,1,17,Beauty,,2022-01-16
LanghamPlace,Shopping,25,Jipi Japa,Jipi Japa,21-22,B1F,,Mon - Sun & Public Holidays: 11:00 - 23:00,,1,8,Shoes / Bags,,2022-01-16
LanghamPlace,Shopping,119,Jo Malone,Jo Malone,28,2F,21181001,Mon - Sun & Public Holidays: 11:00 - 23:00,,1,17,Beauty,,2022-01-16
LanghamPlace,Shopping,26,Joy & Peace,Joy & Peace,05,B1F,28973520,Mon - Sun & Public Holidays: 11:00 - 23:00,,1,8,Shoes / Bags,,2022-01-16
LanghamPlace,Shopping,346,JURLIQUE at LANGHAM BEAUTY,JURLIQUE at LANGHAM BEAUTY,LANGHAM BEAUTY,2F,31893100,Mon - Sun & Public Holidays: 11:00 - 22:00,,1,17,Beauty,,2022-01-16
LanghamPlace,Shopping,181,Just 925,Just 925,16-18,9F,27499928,Mon - Sun & Public Holidays: 11:00 - 23:00,,1,19,Accessories,,2022-01-16
LanghamPlace,Shopping,345,KANEBO at LANGHAM BEAUTY,KANEBO at LANGHAM BEAUTY,LANGHAM BEAUTY,2F,31893100,Mon - Sun & Public Holidays: 11:00 - 22:00,,1,17,Beauty,,2022-01-16
LanghamPlace,Shopping,386,KATE SPADE at LANGHAM BEAUTY,KATE SPADE at LANGHAM BEAUTY,LANGHAM BEAUTY,2F,31893100,,,1,17,Beauty,,2022-01-16
LanghamPlace,Shopping,120,Kiehl's Since 1851,Kiehl's Since 1851,26,2F,31097384,Mon - Sun & Public Holidays: 11:00 - 23:00,,1,17,Beauty,,2022-01-16
LanghamPlace,Shopping,250,kkplus,kkplus,"02-05, 05-09, 10-11",12F,,Mon - Sun & Public Holidays: 11:00 - 23:00,,1,13,Gift / Toys,,2022-01-16
LanghamPlace,Shopping,122,L'OCCITANE,L'OCCITANE,15,B1F,35144022,Mon - Sun & Public Holidays: 11:00 - 23:00,,1,17,Beauty,,2022-01-16
LanghamPlace,Shopping,336,LA MER at LANGHAM BEAUTY,LA MER at LANGHAM BEAUTY,LANGHAM BEAUTY,1F,31893100,Mon - Sun & Public Holidays: 11:00 - 22:00,,1,17,Beauty,,2022-01-16
LanghamPlace,Shopping,324,LANCÔME at LANGHAM BEAUTY,LANCÔME at LANGHAM BEAUTY,LANGHAM BEAUTY,1F,31893100,Mon - Sun & Public Holidays: 11:00 - 22:00,,1,17,Beauty,,2022-01-16
LanghamPlace,Shopping,121,LANEIGE,LANEIGE,23-25,2F,34264981,Mon - Sun & Public Holidays: 11:00 - 23:00,,1,17,Beauty,,2022-01-16
LanghamPlace,Shopping,318,LANGHAM BEAUTY,LANGHAM BEAUTY,LANGHAM BEAUTY,1F,31893100,Mon - Sun & Public Holidays: 11:00 - 22:00,,1,17,Beauty,,2022-01-16
LanghamPlace,Shopping,373,LANGHAM BEAUTY,LANGHAM BEAUTY,LANGHAM BEAUTY,2F,31893100,Mon - Sun & Public Holidays: 11:00 - 22:00,,1,17,Beauty,,2022-01-16
LanghamPlace,Shopping,382,Langham Place x MUZIKTIGER Pop-up Store,朗豪坊 x MUZIKTIGER 限定店,Atrium,4F,,Mon - Sun & Public Holidays: 11:00 - 20:00,,,13,Gift / Toys,,2022-01-16
LanghamPlace,Shopping,387,LANVIN at LANGHAM BEAUTY,LANVIN at LANGHAM BEAUTY,LANGHAM BEAUTY,2F,31893100,Mon - Sun & Public Holidays: 11:00 - 21:00,,1,17,Beauty,,2022-01-16
LanghamPlace,Shopping,198,Laura Mercier,Laura Mercier,08,2F,27892818,Mon - Sun & Public Holidays: 11:00 - 23:00,,1,17,Beauty,,2022-01-16
LanghamPlace,Shopping,51,LEGO Store,LEGO Store,01B,12F,26132280,Mon - Thu: 11:00 - 22:00;Fri - Sun & Public Holidays: 11:00 - 23:00,,1,13,Gift / Toys,,2022-01-16
LanghamPlace,Shopping,232,LeSportsac,LeSportsac,20,B1F,26058813,Mon - Sun & Public Holidays: 11:00 - 23:00,,1,8,Shoes / Bags,,2022-01-16
LanghamPlace,Shopping,70,Levi's,Levi's,25,3F,26251573,Mon - Sun & Public Holidays: 11:00 - 23:00,,1,14,Fashion,,2022-01-16
LanghamPlace,Shopping,41,LIFE HISTORY,LIFE HISTORY,18-20,11F,35808769,Mon - Sun & Public Holidays: 11:00 - 22:30,,1,11,Lifestyle,,2022-01-16
LanghamPlace,Shopping,42,LOG-ON,LOG-ON,01 & 23,6F,26256100,Mon - Sun: 12:00 - 22:30,,1,11,Lifestyle,,2022-01-16
LanghamPlace,Shopping,71,Lounge Pink BY bread n butter,Lounge Pink BY bread n butter,16,5F,35802708,Mon - Sun & Public Holidays: 11:00 - 23:00,,1,14,Fashion,,2022-01-16
LanghamPlace,Shopping,328,M·A·C at LANGHAM BEAUTY,M·A·C at LANGHAM BEAUTY,LANGHAM BEAUTY,1F,31893100,Mon - Sun & Public Holidays: 11:00 - 22:00,,1,17,Beauty,,2022-01-16
LanghamPlace,Shopping,45,Ma Belle,Ma Belle,22,3F,35144128,Mon - Sun & Public Holidays: 11:00 - 22:00,,1,12,Jewellery / Watches,,2022-01-16
LanghamPlace,Shopping,271,Made of Pearl -ooo- Pop-up Store,Made of Pearl -ooo-限定店,K601,6F,,Mon - Sun & Public Holidays: 11:00 - 23:00,,,19,Accessories,,2022-01-16
LanghamPlace,Shopping,123,MAKE UP FOR EVER,MAKE UP FOR EVER 玫珂菲,05,2F,35144482,Mon - Sun & Public Holidays: 11:00 - 23:00,,1,17,Beauty,,2022-01-16
LanghamPlace,Shopping,18,MARATHON SPORTS,馬拉松,05,7F,35144192,Mon - Sun & Public Holidays: 11:00 - 23:00,,1,7,Sportswear,,2022-01-16
LanghamPlace,Shopping,359,MARC JACOBS FRAGRANCES at LANGHAM BEAUTY,MARC JACOBS FRAGRANCES at LANGHAM BEAUTY,LANGHAM BEAUTY,2F,31893100,,,1,17,Beauty,,2022-01-16
LanghamPlace,Shopping,9,Market Place,Market Place,08,B2F,35808952,Mon - Sun & Public Holidays: 08:00 - 23:00,,1,6,Supermarket / Convenience Store,,2022-01-16
LanghamPlace,Shopping,91,MARKS & SPENCER FOOD,MARKS & SPENCER FOOD,25,B2F,22741928,Mon - Sun & Public Holidays: 08:00 - 22:30,,1,6,Supermarket / Convenience Store,,2022-01-16
LanghamPlace,Shopping,367,MCM at LANGHAM BEAUTY,MCM at LANGHAM BEAUTY,LANGHAM BEAUTY,2F,31893100,Mon - Sun & Public Holidays: 11:00 - 22:00,,1,17,Beauty,,2022-01-16
LanghamPlace,Shopping,239,MDreams,MDreams,23,B1F,,Mon - Sun & Public Holidays: 11:00 - 23:00,,1,8,Shoes / Bags,,2022-01-16
LanghamPlace,Shopping,238,Melvita,Melvita,19B,B1F,35149399,Mon - Sun & Public Holidays: 11:00 - 23:00,,1,17,Beauty,,2022-01-16
LanghamPlace,Shopping,27,Mirabell,Mirabell,01-02,B1F,35144178,Mon - Sun & Public Holidays: 11:00 - 22:00,,1,8,Shoes / Bags,,2022-01-16
LanghamPlace,Shopping,360,MIU MIU FRAGRANCES at LANGHAM BEAUTY,MIU MIU FRAGRANCES at LANGHAM BEAUTY,LANGHAM BEAUTY,2F,31893100,Mon - Sun & Public Holidays: 11:00 - 22:00,,1,17,Beauty,,2022-01-16
LanghamPlace,Shopping,191,MO,MO,06,10F,23678990,Mon - Sun & Public Holidays: 11:00 - 23:00,,1,14,Fashion,,2022-01-16
LanghamPlace,Shopping,368,MONT BLANC at LANGHAM BEAUTY,MONT BLANC at LANGHAM BEAUTY,LANGHAM BEAUTY,2F,31893100,Mon - Sun & Public Holidays: 11:00 - 22:00,,1,17,Beauty,,2022-01-16
LanghamPlace,Shopping,43,MUJI,無印良品,10-11,7F,39713140,Mon - Sun & Public Holidays: 11:00 - 23:00,,1,11,Lifestyle,,2022-01-16
LanghamPlace,Shopping,34,MUJOSH,MUJOSH,21,6F,25676612,Mon - Sun & Public Holidays: 11:00 - 22:00,,1,10,Optical,,2022-01-16
LanghamPlace,Shopping,182,Mushroom,Mushroom,12,6F,26251162,Mon - Sun & Public Holidays: 11:00 - 22:00,,1,19,Accessories,,2022-01-16
LanghamPlace,Shopping,84,NAMCO,NAMCO,03-11,9F,28856818,Mon - Sun & Public Holidays: 11:00 - 23:00,,1,15,Entertainment,,2022-01-16
LanghamPlace,Shopping,371,NARCISO RODRIGUEZ at LANGHAM BEAUTY,NARCISO RODRIGUEZ at LANGHAM BEAUTY,LANGHAM BEAUTY,2F,31893100,Mon - Sun & Public Holidays: 11:00 - 22:00,,1,17,Beauty,,2022-01-16
LanghamPlace,Shopping,124,NARS,NARS,30,2F,35149186,Mon - Sun & Public Holidays: 11:00 - 23:00,,1,17,Beauty,,2022-01-16
LanghamPlace,Shopping,19,NIKE,NIKE,06-07,7F,35144484,Mon - Sun & Public Holidays: 11:00 - 23:00,,1,7,Sportswear,,2022-01-16
LanghamPlace,Shopping,214,OLENS,OLENS,27,3F,26385722,Mon - Sun & Public Holidays: 11:00 - 23:00,,1,10,Optical,,2022-01-16
LanghamPlace,Shopping,224,Onitsuka Tiger,Onitsuka Tiger,12,7F,36640920,Mon - Sun & Public Holidays: 11:00 - 23:00,,1,7,Sportswear,,2022-01-16
LanghamPlace,Shopping,28,Oriental Traffic,Oriental Traffic,03,B1F,29816880,Mon - Sun & Public Holidays: 11:00 - 22:30,,1,8,Shoes / Bags,,2022-01-16
LanghamPlace,Shopping,267,OROGOLD Pop-up Store,OROGOLD限定店,K304,3F,,Mon - Sun & Public Holidays: 11:00 - 23:00,,,17,Beauty,,2022-01-16
LanghamPlace,Shopping,46,PANDORA,PANDORA,07-08,3F,35801928,Mon - Sun & Public Holidays: 11:00 - 22:30,,1,12,Jewellery / Watches,,2022-01-16
LanghamPlace,Shopping,29,PAPRIKA,PAPRIKA,15-16,12F,26260852,Mon - Sun & Public Holidays: 11:00 - 23:00,,1,8,Shoes / Bags,,2022-01-16
LanghamPlace,Shopping,125,PAUL & JOE,PAUL & JOE,09,2F,35149238,Mon - Sun & Public Holidays: 11:00 - 23:00,,1,17,Beauty,,2022-01-16
LanghamPlace,Shopping,352,PETER THOMAS ROTH at LANGHAM BEAUTY,PETER THOMAS ROTH at LANGHAM BEAUTY,LANGHAM BEAUTY,2F,31893100,Mon - Sun & Public Holidays: 11:00 - 22:00,,1,17,Beauty,,2022-01-16
LanghamPlace,Shopping,353,PHILIP KINGSLEY at LANGHAM BEAUTY,PHILIP KINGSLEY at LANGHAM BEAUTY,LANGHAM BEAUTY,2F,31893100,Mon - Sun & Public Holidays: 11:00 - 22:00,,1,17,Beauty,,2022-01-16
LanghamPlace,Shopping,361,PHILOSOPHY at LANGHAM BEAUTY,PHILOSOPHY at LANGHAM BEAUTY,LANGHAM BEAUTY,2F,31893100,Mon - Sun & Public Holidays: 11:00 - 22:00,,1,17,Beauty,,2022-01-16
LanghamPlace,Shopping,35,Pinkicon,Pinkicon,30-31,10F,22141089,Mon - Sun & Public Holidays: 11:00 - 23:00,,1,10,Optical,,2022-01-16
LanghamPlace,Shopping,74,Popcorn General Store,Popcorn General Store,19-20,5F,25628382,Mon - Sun & Public Holidays: 11:00 - 23:00,,1,14,Fashion,,2022-01-16
LanghamPlace,Shopping,383,Porter International,Porter International,19,6F,28576665,Mon - Sun & Public Holidays: 11:00 - 23:00,,1,8,Shoes / Bags,,2022-01-16
LanghamPlace,Shopping,20,PUMA,PUMA,01,7F,21481682,Mon - Sun & Public Holidays: 11:00 - 22:30,,1,7,Sportswear,,2022-01-16
LanghamPlace,Shopping,202,RABEANCO,RABEANCO,03-05,5F,,Mon - Sun: 11:00 - 23:00,,1,8,Shoes / Bags,,2022-01-16
LanghamPlace,Shopping,344,RMK at LANGHAM BEAUTY,RMK at LANGHAM BEAUTY,LANGHAM BEAUTY,2F,31893100,Mon - Sun & Public Holidays: 11:00 - 22:00,,1,17,Beauty,,2022-01-16
LanghamPlace,Shopping,75,Rococo,Rococo,25-31,9F,35833585,Mon - Sun & Public Holidays: 11:00 - 23:00,,1,14,Fashion,,2022-01-16
LanghamPlace,Shopping,183,S.A.,S.A.,38,9F,31840489,Mon - Sun & Public Holidays: 11:00 - 23:00,,1,19,Accessories,,2022-01-16
LanghamPlace,Shopping,235,SABON,SABON,13,B1F,27229357,Mon - Sun & Public Holidays: 11:00 - 23:00,,1,17,Beauty,,2022-01-16
LanghamPlace,Shopping,205,Senu by accessorie*small,Senu 阡羽 by accessorie*small,02,9F,31060380,Mon - Sun & Public Holidays: 11:00 - 23:00,,1,19,Accessories,,2022-01-16
LanghamPlace,Shopping,320,SHISEIDO at LANGHAM BEAUTY,SHISEIDO at LANGHAM BEAUTY,LANGHAM BEAUTY,1F,31893100,Mon - Sun & Public Holidays: 11:00 - 22:00,,1,17,Beauty,,2022-01-16
LanghamPlace,Shopping,354,SIGMA at LANGHAM BEAUTY,SIGMA at LANGHAM BEAUTY,LANGHAM BEAUTY,2F,31893100,Mon - Sun & Public Holidays: 11:00 - 22:00,,1,17,Beauty,,2022-01-16
LanghamPlace,Shopping,184,Silver.shop,Silver.shop,23,11F,23928319,Mon - Sun & Public Holidays: 12:00 - 22:30,,1,19,Accessories,,2022-01-16
LanghamPlace,Shopping,329,SISLEY at LANGHAM BEAUTY,SISLEY at LANGHAM BEAUTY,LANGHAM BEAUTY,1F,31893100,Mon - Sun & Public Holidays: 11:00 - 22:00,,1,17,Beauty,,2022-01-16
LanghamPlace,Shopping,321,SK-II at LANGHAM BEAUTY,SK-II at LANGHAM BEAUTY,LANGHAM BEAUTY,1F,31893100,Mon - Sun & Public Holidays: 11:00 - 22:00,,1,17,Beauty,,2022-01-16
LanghamPlace,Shopping,21,SKECHERS,SKECHERS,10,8F,35149348,Mon - Sun & Public Holidays: 11:00 - 23:00,,1,7,Sportswear,,2022-01-16
LanghamPlace,Shopping,332,SKINCEUTICALS at LANGHAM BEAUTY,SKINCEUTICALS at LANGHAM BEAUTY,LANGHAM BEAUTY,1F,31893100,Mon - Sun & Public Holidays: 11:00 - 22:00,,1,17,Beauty,,2022-01-16
LanghamPlace,Shopping,276,Snapio Pop-up Store,Snapio限定店,K1001,10F,,Mon - Sun & Public Holidays: 11:00 - 23:00,,,11,Lifestyle,,2022-01-16
LanghamPlace,Shopping,347,SOFINA at LANGHAM BEAUTY,SOFINA at LANGHAM BEAUTY,LANGHAM BEAUTY,2F,31893100,Mon - Sun & Public Holidays: 11:00 - 22:00,,1,17,Beauty,,2022-01-16
LanghamPlace,Shopping,77,SPORT B.,SPORT B.,28-33,3F,35144311,Mon - Sun & Public Holidays: 11:00 - 22:00,,1,14,Fashion,,2022-01-16
LanghamPlace,Shopping,31,STACCATO,STACCATO,06-07,B1F,27859011,Mon - Sun & Public Holidays: 11:00 - 21:30,,1,8,Shoes / Bags,,2022-01-16
LanghamPlace,Shopping,78,STAYREAL,STAYREAL,11,6F,23225066,Mon - Sun & Public Holidays: 11:00 - 23:00,,1,14,Fashion,,2022-01-16
LanghamPlace,Shopping,355,STRIVECTIN at LANGHAM BEAUTY,STRIVECTIN at LANGHAM BEAUTY,LANGHAM BEAUTY,2F,31893100,Mon - Sun & Public Holidays: 11:00 - 22:00,,1,17,Beauty,,2022-01-16
LanghamPlace,Shopping,79,STYLENANDA,STYLENANDA,09,6F,23162623,Mon - Sun & Public Holidays: 12:00 - 21:00,,1,14,Fashion,,2022-01-16
LanghamPlace,Shopping,339,SU:M37° at LANGHAM BEAUTY,SU:M37° at LANGHAM BEAUTY,LANGHAM BEAUTY,1F,31893100,Mon - Sun & Public Holidays: 11:00 - 22:00,,1,17,Beauty,,2022-01-16
LanghamPlace,Shopping,305,SULWHASOO Pop-up Store,SULWHASOO限定店,23-25,2F,,Mon - Sun & Public Holidays: 11:00 - 23:00,,,17,Beauty,,2022-01-16
LanghamPlace,Shopping,37,SUNGLASS HUT,SUNGLASS HUT,21,3F,35149295,Mon - Sun & Public Holidays: 11:00 - 21:15,,1,10,Optical,,2022-01-16
LanghamPlace,Shopping,47,SWAROVSKI,施華洛世奇,01,1F,35144115,Mon - Sun & Public Holidays: 11:00 - 23:00,,1,12,Jewellery / Watches,,2022-01-16
LanghamPlace,Shopping,268,Swatch,Swatch,05,3F,25189912,Mon - Thu & Sun: 11:00 - 20:00;Fri - Sat & Public Holidays: 11:00 - 21:00,,1,12,Jewellery / Watches,,2022-01-16
LanghamPlace,Shopping,255,Sweetee,Sweetee,11-12,10F,,Mon - Sun & Public Holidays: 11:00 - 23:00,,1,14,Fashion,,2022-01-16
LanghamPlace,Shopping,208,TAMASHII SPOT,TAMASHII SPOT,33,10F,21498656,Mon - Sun & Public Holidays: 11:00 - 21:00,,1,13,Gift / Toys,,2022-01-16
LanghamPlace,Shopping,245,The Ash,The Ash,13-15,10F,23386286,Mon - Sun & Public Holidays: 11:00 - 23:00,,1,19,Accessories,,2022-01-16
LanghamPlace,Shopping,126,THE BODY SHOP,THE BODY SHOP,01,2F,28068160,Mon - Thu: 11:00 - 22:00;Fri - Sun & Public Holidays: 10:30 - 22:00,,1,17,Beauty,,2022-01-16
LanghamPlace,Shopping,330,THE HISTORY OF WHOO at LANGHAM BEAUTY,THE HISTORY OF WHOO at LANGHAM BEAUTY,LANGHAM BEAUTY,1F,31893100,Mon - Sun & Public Holidays: 11:00 - 22:00,,1,17,Beauty,,2022-01-16
LanghamPlace,Shopping,216,The North Face,The North Face,13-16,7F,27125744,Mon - Sun & Public Holidays: 11:00 - 23:00,,1,7,Sportswear,,2022-01-16
LanghamPlace,Shopping,80,Timberland,Timberland,25,B1F,35144343,Mon - Sun & Public Holidays: 11:30 - 20:30,,1,14,Fashion,,2022-01-16
LanghamPlace,Shopping,389,TISSERAND at LANGHAM BEAUTY,TISSERAND at LANGHAM BEAUTY,LANGHAM BEAUTY,2F,31893100,Mon - Sun & Public Holidays: 11:00 - 21:00,,1,17,Beauty,,2022-01-16
LanghamPlace,Shopping,48,TISSOT,天梭表專門店,02,1F,25342509,Mon - Sun & Public Holidays: 11:00 - 23:00,,1,12,Jewellery / Watches,,2022-01-16
LanghamPlace,Shopping,335,TOM FORD BEAUTY at LANGHAM BEAUTY,TOM FORD BEAUTY at LANGHAM BEAUTY,LANGHAM BEAUTY,1F,31893100,Mon - Sun & Public Holidays: 11:00 - 22:00,,1,17,Beauty,,2022-01-16
LanghamPlace,Shopping,311,Too Chill For Yoga,Too Chill For Yoga,22,6F,,Mon - Sun & Public Holidays: 11:00 - 23:00,,1,7,Sportswear,,2022-01-16
LanghamPlace,Shopping,185,Topologie,Topologie,20,6F,35280394,Mon - Sun & Public Holidays: 11:00 - 23:00,,1,14,Fashion,,2022-01-16
LanghamPlace,Shopping,81,Triangulo Fashion,Triangulo Fashion,01,9F,22170111,Mon - Sun & Public Holidays: 13:00 - 22:00,,1,14,Fashion,,2022-01-16
LanghamPlace,Shopping,82,UNIQLO,UNIQLO,12-15,5F,26689628,Mon - Sun & Public Holidays: 11:00 - 23:00,,1,14,Fashion,,2022-01-16
LanghamPlace,Shopping,369,VAN CLEEF & ARPELS at LANGHAM BEAUTY,VAN CLEEF & ARPELS at LANGHAM BEAUTY,LANGHAM BEAUTY,2F,31893100,Mon - Sun & Public Holidays: 11:00 - 22:00,,1,17,Beauty,,2022-01-16
LanghamPlace,Shopping,83,VANS,VANS,18,6F,21179667,Mon - Sun & Public Holidays: 11:00 - 23:00,,1,14,Fashion,,2022-01-16
LanghamPlace,Shopping,189,W. Flower Shop Pop-up Store,W. Flower Shop限定店,K1004,10F,91927303,Mon - Sun & Public Holidays: 12:00 - 22:00,,,11,Lifestyle,,2022-01-16
LanghamPlace,Shopping,33,Watsons,屈臣氏,35B,B2F,35149285,Mon - Sun & Public Holidays: 10:00 - 21:00,,1,9,Personal Care,,2022-01-16
LanghamPlace,Shopping,294,WM Project Pop-up Store,WM Project限定店,K1002,10F,,Mon - Sun & Public Holidays: 11:30 - 21:00,,,11,Lifestyle,,2022-01-16
LanghamPlace,Shopping,322,XOVĒ at LANGHAM BEAUTY,XOVĒ at LANGHAM BEAUTY,LANGHAM BEAUTY,1F,31893100,Mon - Sun & Public Holidays: 11:00 - 22:00,,1,17,Beauty,,2022-01-16
LanghamPlace,Shopping,334,YVES SAINT LAURENT BEAUTÉ at LANGHAM BEAUTY,YVES SAINT LAURENT BEAUTÉ at LANGHAM BEAUTY,LANGHAM BEAUTY,1F,31893100,Mon - Sun & Public Holidays: 11:00 - 22:00,,1,17,Beauty,,2022-01-16
LanghamPlace,Shopping,38,Zoff,Zoff,26,3F,22345022,Mon - Sun & Public Holidays: 11:00 - 22:30,,1,10,Optical,,2022-01-16
LanghamPlace,Shopping,52,:CHOCOOLATE,:CHOCOOLATE,13-16,6F,35149303,Mon - Sun & Public Holidays: 11:00 - 23:00,,1,14,Fashion,,2022-01-16
LanghamPlace,Shopping,197,@cosme STORE,@cosme STORE,16,B1F,36430315,Mon - Sun & Public Holidays: 11:00 - 23:00,,1,17,Beauty,,2022-01-16
LanghamPlace,Shopping,111,3 CONCEPT EYES,3 CONCEPT EYES,09,6F,23162623,Mon - Sun & Public Holidays: 11:00 - 23:00,,1,17,Beauty,,2022-01-16
LanghamPlace,Shopping,388,4711 at LANGHAM BEAUTY,4711 at LANGHAM BEAUTY,LANGHAM BEAUTY,2F,31893100,Mon - Sun & Public Holidays: 11:00 - 21:00,,1,17,Beauty,,2022-01-16
LanghamPlace,Shopping,8,7-ELEVEN,7-ELEVEN,37,1F,22991110,Mon - Sun & Public Holidays: 12:00 - 00:00,,,6,Supermarket / Convenience Store,,2022-01-16
LanghamPlace,Shopping,49,80M BUS MODEL SHOP,80M 巴士專門店,33-36,11F,35149233,Mon - Sun & Public Holidays: 11:30 - 22:30,,1,13,Gift / Toys,,2022-01-16
LanghamPlace,Shopping,301,ÉLÉVATIONE,ÉLÉVATIONE,02,2F,,Mon - Sun: 11:00 - 23:00,,1,17,Beauty,,2022-01-16
LanghamPlace,Shopping,247,ÉLÉVATIONE Pop-up Store,ÉLÉVATIONE限定店,K203,2F,,Mon - Sun & Public Holidays: 11:00 - 23:00,,,17,Beauty,,2022-01-16
LanghamPlace,Dining,230,A-1 Bakery,A-1 Bakery,02,B2F,26341188,Mon - Sun & Public Holidays: 08:00 - 22:00,,1,2,Confectionery,,2022-01-16
LanghamPlace,Dining,102,agnés b. Café,agnés b. Café,28-33,3F,28454388,Mon - Sun & Public Holidays: 11:00 - 22:00,,1,4,Café & Deli,,2022-01-16
LanghamPlace,Dining,317,Aroma Truffle Pop-up Store,Aroma Truffle限定店,K301,3F,,Mon - Sun & Public Holidays: 11:00 - 23:00,,,2,Confectionery,,2022-01-16
LanghamPlace,Dining,286,Ayako Drink Pop-up Store,彩子限定店,K901,9F,,Mon - Sun & Public Holidays: 11:00 - 23:00,,,2,Confectionery,,2022-01-16
LanghamPlace,Dining,231,Bamboo Thai,Bamboo Thai,02-03,8F,21119948,Mon - Sun & Public Holidays: 11:00 - 23:00,,1,5,Asian,,2022-01-16
LanghamPlace,Dining,85,BEE CHENG HIANG,美珍香,36,B2F,35144018,Mon - Sun & Public Holidays: 10:00 - 23:00,,1,2,Confectionery,,2022-01-16
LanghamPlace,Dining,1,Beerliner German Bar & Restaurant,Beerliner German Bar & Restaurant,05,13F,29720078,Mon - Thu & Sun: 12:00 - 00:00;Fri - Sat & Public Holidays: 12:00 - 01:00,,1,1,Western,,2022-01-16
LanghamPlace,Dining,2,Bistro Bloom by Mr. Steak,Bistro Bloom by Mr. Steak,02,13F,35144227,Mon - Sun & Public Holidays: 12:00 - 23:00,,1,1,Western,,2022-01-16
LanghamPlace,Dining,249,Blossomic Scented Tea,花果飄零,20,4F,22690288,Mon - Sun & Public Holidays: 11:00 - 22:00,,1,2,Confectionery,,2022-01-16
LanghamPlace,Dining,169,Café Locomotive Express,火車頭越南餐室,12,4F,23682008,Mon - Sun & Public Holidays: 11:30 - 23:00,,1,5,Asian,,2022-01-16
LanghamPlace,Dining,193,CHA LONG,茶狼,20,B2F,22610838,Mon - Fri: 12:00 - 22:00;Sat - Sun & Public Holidays: 11:00 - 22:00,,1,2,Confectionery,,2022-01-16
LanghamPlace,Dining,86,CHEZ CHOUX,西樹泡芙,03,B2F,35144550,Mon - Sun & Public Holidays: 11:00 - 22:30,,1,2,Confectionery,,2022-01-16
LanghamPlace,Dining,282,Cocolo Tokyo Cake Factory,Cocolo Tokyo Cake Factory,19,B2F,25698138,Mon - Sun & Public Holidays: 11:00 - 22:00,,1,2,Confectionery,,2022-01-16
LanghamPlace,Dining,170,CURRY HOUSE CoCo ICHIBANYA KITCHEN,CURRY HOUSE CoCo ICHIBANYA KITCHEN,F6 Food Court,4F,35720526,Mon - Sun & Public Holidays: 11:00 - 22:00,,1,5,Asian,,2022-01-16
LanghamPlace,Dining,3,euro go go,euro go go,22-23,9F,26260660,Mon - Sun & Public Holidays: 11:00 - 23:00,,1,1,Western,,2022-01-16
LanghamPlace,Dining,209,Green Sun Garden,綠日堂,18,B2F,67486744,Mon - Sun & Public Holidays: 11:00 - 23:00,,1,2,Confectionery,,2022-01-16
LanghamPlace,Dining,229,Hana Musubi,華御結,37,B2F,23677113,Mon - Sun & Public Holidays: 07:30 - 21:00,,1,2,Confectionery,,2022-01-16
LanghamPlace,Dining,342,HAND3AG,HAND3AG,26-27,B2F,39052226,Mon - Sun & Public Holidays: 11:00 - 23:00,,1,4,Café & Deli,,2022-01-16
LanghamPlace,Dining,87,HON TAKASSAGOYA,本高砂屋,05,B2F,35149099,Mon - Sun & Public Holidays: 11:00 - 23:00,,1,2,Confectionery,,2022-01-16
LanghamPlace,Dining,103,HONEYMOON DESSERT,滿記甜品,09,4F,21916618,Mon - Sun & Public Holidays: 11:00 - 23:30,,1,4,Café & Deli,,2022-01-16
LanghamPlace,Dining,256,Hung Rui Chen,洪瑞珍,01B,B2F,,Mon - Sun & Public Holidays: 11:00 - 21:00,,1,2,Confectionery,,2022-01-16
LanghamPlace,Dining,241,Isaac Toast & Soul Food Truck,Isaac Toast & Soul Food Truck,F1 Food Court,4F,21550685,Mon - Sun & Public Holidays: 11:00 - 22:00,,1,5,Asian,,2022-01-16
LanghamPlace,Dining,88,ITALIAN TOMATO,ITALIAN TOMATO,05,B2F,35149099,Mon - Sun & Public Holidays: 11:00 - 23:00,,1,2,Confectionery,,2022-01-16
LanghamPlace,Dining,240,izzue coffee,izzue coffee,10-19,3F,,Mon - Sun & Public Holidays: 12:00 - 19:30,,1,4,Café & Deli,,2022-01-16
LanghamPlace,Dining,99,JASMINE,八月花,35,3F,35425768,Mon - Sun & Public Holidays: 08:00 - 16:00;Mon - Sun & Public Holidays: 17:30 - 23:00,,1,3,Chinese,,2022-01-16
LanghamPlace,Dining,211,Katong Corner,加東,F5 Food Court,4F,23283108,Mon - Sun & Public Holidays: 11:00 - 23:00,,1,5,Asian,,2022-01-16
LanghamPlace,Dining,89,Kee Wah Bakery,奇華餅家,39,B2F,35144399,Mon - Fri: 08:00 - 22:00;Sat - Sun & Public Holidays: 09:00 - 22:00,,1,2,Confectionery,,2022-01-16
LanghamPlace,Dining,192,Kim's Spoon Eatery,Kim's Spoon Eatery,F3 Food Court,4F,27395972,Mon - Sun & Public Holidays: 11:00 - 23:00,,1,5,Asian,,2022-01-16
LanghamPlace,Dining,288,kkafe by kkplus,kkafe by kkplus,05-09,12F,,Mon - Sun & Public Holidays: 11:00 - 23:00,,1,4,Café & Deli,,2022-01-16
LanghamPlace,Dining,172,LAB10 with juice lab,LAB10 with juice lab,21-26,10F,24786388,Mon - Sun & Public Holidays: 12:00 - 22:00,,1,5,Asian,,2022-01-16
LanghamPlace,Dining,254,Lantern Lomei,燈籠滷味,10,4F,28955899,Mon - Sun & Public Holidays: 11:00 - 22:00,,1,5,Asian,,2022-01-16
LanghamPlace,Dining,90,LUCULLUS,龍島,06,B2F,35144222,Mon - Sun & Public Holidays: 11:00 - 22:00,,1,2,Confectionery,,2022-01-16
LanghamPlace,Dining,105,MARKS & SPENCER FOOD,MARKS & SPENCER FOOD,25,B2F,22741928,Mon - Sun & Public Holidays: 08:00 - 22:30,,1,4,Café & Deli,,2022-01-16
LanghamPlace,Dining,173,Maruju Sushi Japanese Shokudo,丸十寿司 日本食堂,13,12F,31880978,Mon - Sun & Public Holidays: 12:00 - 22:30,,1,5,Asian,,2022-01-16
LanghamPlace,Dining,106,McDonald's & McCafé,麥當勞 & McCafé,32-37,2F,35144562,Mon - Sun & Public Holidays: 07:00 - 00:00,,1,4,Café & Deli,,2022-01-16
LanghamPlace,Dining,186,Men Wah Bing Teng,敏華冰廳,01,4F,23863211,Mon - Sun & Public Holidays: 07:30 - 22:30,,1,3,Chinese,,2022-01-16
LanghamPlace,Dining,340,MENYA MUSASHI BUKOTSU,麺屋武蔵武骨相傳,05,4F,63338516,Mon - Sun & Public Holidays: 11:00 - 23:00,,1,5,Asian,,2022-01-16
LanghamPlace,Dining,92,MOCHI SWEETS,MOCHI SWEETS,03,B2F,35144550,Mon - Sun & Public Holidays: 11:00 - 22:30,,1,2,Confectionery,,2022-01-16
LanghamPlace,Dining,93,Morozoff,Morozoff,41,B2F,,Mon - Sun & Public Holidays: 11:00 - 23:00,,1,2,Confectionery,,2022-01-16
LanghamPlace,Dining,281,myEureka Snack HK Pop-up Store,myEureka Snack HK限定店,K1003,10F,,Mon - Sun & Public Holidays: 11:00 - 23:00,,,2,Confectionery,,2022-01-16
LanghamPlace,Dining,174,NeNe Chicken,NeNe Chicken,30,11F,35832933,Mon - Sun & Public Holidays: 12:00 - 23:30,,1,5,Asian,,2022-01-16
LanghamPlace,Dining,175,NICHIGYU Shabu Shabu & Sukiyaki Restaurant,日牛涮涮鍋專門店,06,13F,35834711,Mon - Thu: 11:30 - 16:00;Mon - Thu: 18:00 - 23:00;Fri - Sun & Public Holidays: 11:30 - 23:00,,1,5,Asian,,2022-01-16
LanghamPlace,Dining,176,Okonomiyaki Dohtonbori Restaurant,道頓堀御好燒專門店,13,11F,34290050,Mon - Thu: 12:00 - 15:00;Mon - Thu: 17:30 - 23:00;Sat - Sun & Public Holidays: 12:00 - 23:00,,1,5,Asian,,2022-01-16
LanghamPlace,Dining,107,Passion,Passion,11,4F,29678812,Mon - Thu: 11:00 - 21:30;Fri - Sat: 11:00 - 22:00;Sun & Public Holidays: 11:00 - 21:30,,1,4,Café & Deli,,2022-01-16
LanghamPlace,Dining,244,Pastoret,Pastoret,21,B2F,,Mon - Sun & Public Holidays: 11:00 - 23:00,,1,2,Confectionery,,2022-01-16
LanghamPlace,Dining,94,PATISSERIE la famille ATELIER FRAICHEUR,PATISSERIE la famille ATELIER FRAICHEUR,01A,B2F,24799698,Mon - Sun & Public Holidays: 11:30 - 22:00,,1,2,Confectionery,,2022-01-16
LanghamPlace,Dining,177,Pepper Lunch Express,Pepper Lunch Express,F2 Food Court,4F,35144111,Mon - Sun & Public Holidays: 11:00 - 22:30,,1,5,Asian,,2022-01-16
LanghamPlace,Dining,95,Pig Pig Candy,Pig Pig Candy,21-22,11F,34279662,Mon - Sun & Public Holidays: 12:00 - 22:30,,1,2,Confectionery,,2022-01-16
LanghamPlace,Dining,313,Pizza Maru,Pizza Maru,03,4F,26373318,Mon - Sun & Public Holidays: 11:00 - 23:00,,1,5,Asian,,2022-01-16
LanghamPlace,Dining,319,Sha Sha,十十川滬料理,07,4F,28901966,Mon - Sun & Public Holidays: 11:00 - 23:00,,1,3,Chinese,,2022-01-16
LanghamPlace,Dining,194,Sheng Mian,勝面,25-29,11F,31059826,Mon - Sun & Public Holidays: 12:00 - 16:00;Mon - Sun & Public Holidays: 18:00 - 23:00,,1,5,Asian,,2022-01-16
LanghamPlace,Dining,100,Sichuan House,川莊,12,12F,28702116,Mon - Sun & Public Holidays: 12:00 - 23:00,,1,3,Chinese,,2022-01-16
LanghamPlace,Dining,96,Smile Gift,Smile Gift,07,B2F,27909663,Mon - Sun & Public Holidays: 11:30 - 21:00,,1,2,Confectionery,,2022-01-16
LanghamPlace,Dining,108,STARBUCKS COFFEE,星巴克咖啡,02,4F,31658182,Mon - Sun & Public Holidays: 08:30 - 23:30,,1,4,Café & Deli,,2022-01-16
LanghamPlace,Dining,220,sushi zushi,鮨之,06,4F,23079822,Mon - Sun & Public Holidays: 12:00 - 16:30;Mon - Sun & Public Holidays: 18:00 - 22:30,,1,5,Asian,,2022-01-16
LanghamPlace,Dining,222,Tamago-EN,Tamago-EN,08,4F,26503335,Mon - Sun & Public Holidays: 11:00 - 22:30,,1,5,Asian,,2022-01-16
LanghamPlace,Dining,195,Ten Kichi Ya,天吉屋,25-29,11F,31050986,Mon - Sun & Public Holidays: 12:00 - 16:00;Mon - Sun & Public Holidays: 18:00 - 23:00,,1,5,Asian,,2022-01-16
LanghamPlace,Dining,110,Texas Burger,Texas Burger,01A,12F,34885005,Mon - Sun & Public Holidays: 12:00 - 22:00,,1,4,Café & Deli,,2022-01-16
LanghamPlace,Dining,4,The Beer House,The Beer House,03,13F,29720079,Thu - Sun: 15:00 - 00:00;Fri - Sat: 15:00 - 01:00,,1,1,Western,,2022-01-16
LanghamPlace,Dining,290,The Coffee Academïcs,The Coffee Academïcs,13,4F,37517267,Mon - Fri: 08:00 - 21:00;Sat - Sun & Public Holidays: 10:00 - 21:00,,1,4,Café & Deli,,2022-01-16
LanghamPlace,Dining,5,THE SKY BAR,THE SKY BAR,01,13F,35144448,Mon - Sun & Public Holidays: 15:30 - 00:30,,1,1,Western,,2022-01-16
LanghamPlace,Dining,6,Tonic,Tonic,07,13F,29720019,,,1,1,Western,,2022-01-16
LanghamPlace,Dining,315,Twinkie Cookies,Twinkie Cookies,38,B2F,67677936,Mon - Sun & Public Holidays: 11:00 - 23:00,,1,2,Confectionery,,2022-01-16
LanghamPlace,Dining,243,Twinkle,Twinkle,17,B2F,52860830,Mon - Sun & Public Holidays: 11:00 - 23:00,,1,2,Confectionery,,2022-01-16
LanghamPlace,Dining,97,VENCHI,VENCHI,40,B2F,34285719,Mon - Sun & Public Holidays: 11:00 - 22:00,,1,2,Confectionery,,2022-01-16
LanghamPlace,Dining,376,180Popcorn Pop-up Store,180Popcorn Pop-up Store,K403,4F,,Mon - Sun & Public Holidays: 11:00 - 22:00,,,2,Confectionery,,2022-01-16
