mall,type,shop_id,shop_name_en,shop_name_tc,shop_number,shop_floor,phone,opening_hours,loyalty_offer,voucher_acceptance,shop_category_id,shop_category_name,tag,update_date
MiraPlace,Shopping,5ifty-5ive-tabernacle-beauty,5ifty-5ive Tabernacle beauty,5ifty-5ive Tabernacle beauty,272;Mira Place 2,2F,61170336/34876768,Mon-Sat:11:00-21:00,,,Fitness & Beauty,Skin Care & Beauty,,2022-01-03
MiraPlace,Shopping,6ixty-8ight,6IXTY 8IGHT,6IXTY 8IGHT,105;Mira Place 1,1F,23269038,Mon-Sun:10:00–22:00,,,Fashion,Fashion & Sports,,2022-01-03
MiraPlace,Shopping,adidas-hong-kong-ftwr-supply,adidas HONG KONG FTWR SUPPLY,adidas HONG KONG FTWR SUPPLY,G32;Mira Place 1,GF,27996980,Mon-Sun:11:00-22:00,,,Fashion,Fashion & Sports,,2022-01-03
MiraPlace,Shopping,aluxe,ALUXE,ALUXE,129;Mira Place 1,1F,23111858,Mon-Sun:12:00-21:30,,,Jewellery & Accessories,Jewellery & Accessories,,2022-01-03
MiraPlace,Shopping,american-eagle,American Eagle,American Eagle,G11 - G14;Mira Place 1,GF,34228269,Mon-Sun:12:00-20:00,,,Fashion,Fashion & Sports,,2022-01-03
MiraPlace,Shopping,amor,Amor,Amor,110A;Mira Place 1,1F,34682124,Mon-Sun:12:00-21:30,,,Fitness & Beauty,Skin Care & Beauty,,2022-01-03
MiraPlace,Shopping,arte-madrid,ARTE Madrid,ARTE Madrid,G18C;Mira Place 1,GF,37090520,Mon-Sun:11:00–21:00,,,Fashion,Fashion & Sports,,2022-01-03
MiraPlace,Shopping,asuni,"asuni,","asuni,",G29;Mira Place 1,GF,61698863,Mon–Sun:11:30–21:30;Sat&Sun:11:30–22:00,,,Fashion,Fashion & Sports,,2022-01-03
MiraPlace,Shopping,b-r-h-diamond-collection,B.R.H Diamond Collection,B.R.H Diamond Collection,362;Mira Place 2,3F,35655746,Mon-Sun:12:00-21:00,,,Jewellery & Accessories,Jewellery & Accessories,,2022-01-03
MiraPlace,Shopping,b51,B51,B51,233;Mira Place 1,2F,31703816,Mon-Sun:11:00-21:00,,,Gift,Gift,,2022-01-03
MiraPlace,Shopping,bakebe,Bakebe,Bakebe,170;Mira Place 2,1F,31658279,Mon-Sun:11:00-22:00,,,Lifestyle,Home & Lifestyle,,2022-01-03
MiraPlace,Shopping,banananaxx,Banananaxx,Banananaxx,125;Mira Place 1,1F,53384345,Mon–Sun:11:30–21:00,,,Fashion,Fashion & Sports,,2022-01-03
MiraPlace,Shopping,berth,BERTH,BERTH,239;Mira Place 1,2F,23380395,Mon-Sun:12:00-21:30,,,Fashion,Fashion & Sports,,2022-01-03
MiraPlace,Shopping,blaack-by-g2000,BLAACK BY G2000,BLAACK BY G2000,G61;G & 161;Mira Place 2,1F,27550223/27550078,Mon-Sun:10:00–22:00,,,Fashion,Fashion & Sports,,2022-01-03
MiraPlace,Shopping,blanc-des-vosges,Blanc Des Vosges,Blanc Des Vosges,B126 - B130;Mira Place 1,B1F,39041153,Mon-Sun:11:00-21:00,,,Lifestyle,Home & Lifestyle,,2022-01-03
MiraPlace,Shopping,bodibeauti,BodiBeauti ,BodiBeauti ,285;Mira Place 2,2F,31044791,Mon-Fri:11:00-21:00Sat-Sun/PublicHoliday:11:00-20:00,,,Fitness & Beauty,Skin Care & Beauty,,2022-01-03
MiraPlace,Shopping,brown-bear,BROWN BEAR,BROWN BEAR ,G28;Mira Place 1,GF,,Mon–Sun:11:00–21:00,,,Fashion,Fashion & Sports,,2022-01-03
MiraPlace,Shopping,cadmus,CADMUS,卡文珠寶,265;Mira Place Two,2F,23689731,Mon-Fri:11:00-19:00;Sat-Sun:12:00-17:00,,,Jewellery & Accessories,Jewellery & Accessories,,2022-01-03
MiraPlace,Shopping,carte-blanche,Carte Blanche,Carte Blanche,277 & 277A;Mira Place 2,2F,27391960/27391966,Mon-Sun:10:30–20:00,,,Fitness & Beauty,Skin Care & Beauty,,2022-01-03
MiraPlace,Shopping,cheung-leung-kee,Cheung Leung Kee,張梁記,G06;Mira Place 1,GF,54855110,Mon-Sun:12:00-21:00,,,Fitness & Beauty,Skin Care & Beauty,,2022-01-03
MiraPlace,Shopping,chic-private-i-salon,CHIC PRIVATE i SALON,CHIC PRIVATE i SALON,282-283;Mira Place Two,2F,23012899,Mon-Sun:10:00-21:00,,,Fitness & Beauty,Skin Care & Beauty,,2022-01-03
MiraPlace,Shopping,shop,COACH,COACH,G63;G & 163;Mira Place Two,1F,27396939,Mon-Sun:10:00-22:00,,,Fashion,Fashion & Sports,,2022-01-03
MiraPlace,Shopping,cosme-kitchen,Cosme Kitchen,Cosme Kitchen,G21;Mira Place 1,GF,23178808,Mon-Sun:11:00-22:00,,,Fitness & Beauty,Skin Care & Beauty,,2022-01-03
MiraPlace,Shopping,dafu,Dafu,大孚,G15;Mira Place 1,GF,,,,,Fashion,Fashion & Sports,,2022-01-03
MiraPlace,Shopping,dawn-jewellery,Dawn Jewellery,Dawn Jewellery,275 & 281;Mira Place Two,2F,23673699,Mon-Sun:12:00-20:00,,,Jewellery & Accessories,Jewellery & Accessories,,2022-01-03
MiraPlace,Shopping,delsey,DELSEY,DELSEY,B103;Mira Place 1,B1F,26151337,Mon-Sun:12:00-21:00,,,Gift,Gift,,2022-01-03
MiraPlace,Shopping,delta-one,DELTA one,DELTA one,G66;Mira Place 2,GF,27899003,Mon-Sun:11:00-21:00,,,Jewellery & Accessories,Jewellery & Accessories,,2022-01-03
MiraPlace,Shopping,dermaelements,DermaElements,DermaElements,132A;Mira Place 1,1F,21164285,Mon-Sun:11:00-21:30,,,Fitness & Beauty,Skin Care & Beauty,,2022-01-03
MiraPlace,Shopping,DESCENTE,DESCENTE,DESCENTE,G62;G & 162;Mira Place 2,1F,26538306,Mon-Sun:10:00-22:00,,,Fashion,Fashion & Sports,,2022-01-03
MiraPlace,Shopping,dignity-d-jewelry,Dignity D. Jewelry,Dignity D. Jewelry,128;Mira Place 1,1F,23686833,Mon-Sun:12:00-21:00,,,Jewellery & Accessories,Jewellery & Accessories,,2022-01-03
MiraPlace,Shopping,dna,DNA,DNA,232;Mira Place 1,2F,36909380,Mon-Sun:11:00-21:00,,,Gift,Gift,,2022-01-03
MiraPlace,Shopping,donguri-republic,Donguri Republic,橡子共和國,111;Mira Place 1,1F,23902633,Mon-Sun:11:00-20:00,,,Gift,Gift,,2022-01-03
MiraPlace,Shopping,fray-i-d,FRAY I.D,FRAY I.D,G19;Mira Place 1,GF,23171838,Mon-Sun:11:00-20:00,,,Fashion,Fashion & Sports,,2022-01-03
MiraPlace,Shopping,furla,FURLA,FURLA,G35;Mira Place 1,GF,21678892,Mon-Sun:10:00-22:00,,,Fashion,Fashion & Sports,,2022-01-03
MiraPlace,Shopping,futago,FUTAGO,FUTAGO,166;Mira Place Two,1F,28871885,Mon–Thu:12:30–21:00;Fri–Sun/PublicHoliday:12:00-22:00,,,Jewellery & Accessories,Jewellery & Accessories,,2022-01-03
MiraPlace,Shopping,gu_hk,GU,GU,115 - 123;Mira Place 1,1F,23205268,Sun-Thu:11:00-22:00;Fri-Sat/PublicHolidayEve:11:00-23:00,,,Fashion,Fashion & Sports,,2022-01-03
MiraPlace,Shopping,hair-king,Hair King,髮記,G10;Mira Place 1,GF,67289328,Mon–Fri:12:00–20:00;Sat&Sun:12:00–21:00,,,Fitness & Beauty,Skin Care & Beauty,,2022-01-03
MiraPlace,Shopping,happy-galaxy,Happy Galaxy,Happy Galaxy,210;Mira Place 1,2F,,Mon-Sun:12:00-21:00,,,Gift,Gift,,2022-01-03
MiraPlace,Shopping,heaven-please-plus,HEAVEN PLEASE+,,230;Mira Place 1,2F,31070839,Mon-Sat:12:00-21:00;Sun:12:00-20:00,,,Fashion,Fashion & Sports,,2022-01-03
MiraPlace,Shopping,,Henderson Land Group Exhibition Centre,,,,,,,,Others,Bank & Others,,2022-01-03
MiraPlace,Shopping,her-own-words,Her Own Words,Her Own Words,137;Mira Place 1,1F,28329080,Sun-Thu:11:00-22:00;Fri-Sat:11:00-22:30,,,Fashion,Fashion & Sports,,2022-01-03
MiraPlace,Shopping,hi-fi-gallery,HI FI GALLERY,HI FI GALLERY,B107;Mira Place One,B1F,27300622,Mon-Sun:10:30-21:00,,,Lifestyle,Home & Lifestyle,,2022-01-03
MiraPlace,Shopping,hisso,Hisso,Hisso,G07A;Mira Place 1,GF,31684878,Mon-Sun:12:00-22:00,,,Fashion,Fashion & Sports,,2022-01-03
MiraPlace,Shopping,shop,HOAX,HOAX,208;Mira Place One,2F,27882078,Mon-Sun:11:30-22:00,,,Fashion,Fashion & Sports,,2022-01-03
MiraPlace,Shopping,ingrid-millet-paris,INGRID MILLET Paris,英格蜜兒,261-263;Mira Place 2,2F,27708033,Mon-Fri:11:00-22:00;Sat-Sun/PublicHoliday:10:00-21:00,,,Fitness & Beauty,Skin Care & Beauty,,2022-01-03
MiraPlace,Shopping,jade-life,Jade Life,Jade Life,361;Mira Place 2,3F,23626888,Mon-Sun:12:00-19:00,,,Jewellery & Accessories,Jewellery & Accessories,,2022-01-03
MiraPlace,Shopping,kesalan-patharan,Kesalan Patharan,Kesalan Patharan ,B106;Mira Place One,B1F,26177221,Mon-Sat:12:00-21:00;Sun/PublicHoliday:11:00-20:00,,,Fitness & Beauty,Skin Care & Beauty,,2022-01-03
MiraPlace,Shopping,khemist,Khemist,Khemist,132B;Mira Place 1,1F,27149088,Mon-Sun:10:00-22:00,,,Fitness & Beauty,Skin Care & Beauty,,2022-01-03
MiraPlace,Shopping,kerastase-hair-spa-by-la-vie,KÉRASTASE HAIR SPA BY LA VIE,KÉRASTASE HAIR SPA BY LA VIE,271;Mira Place 2,2F,23162082,Mon-Sun:12:00-21:00,,,Fitness & Beauty,Skin Care & Beauty,,2022-01-03
MiraPlace,Shopping,lrosace,L'Rosace,L'Rosace,237;Mira Place 1,2F,21919438,Mon-Sun:11:30-21:30,,,Jewellery & Accessories,Jewellery & Accessories,,2022-01-03
MiraPlace,Shopping,lab-grown-diamond-by-rockrush,LAB GROWN DIAMOND by ROCKRUSH,LAB GROWN DIAMOND by ROCKRUSH,G23;Mira Place 1,GF,60193155,Mon-Sat:12:00-21:00;Sun:12:00-20:30,,,Jewellery & Accessories,Jewellery & Accessories,,2022-01-03
MiraPlace,Shopping,laine-by-red-garden,Laine by Red Garden,Laine by Red Garden,238;Mira Place 1,2F,68439073,Mon–Sun:12:00–21:00,,,Fashion,Fashion & Sports,,2022-01-03
MiraPlace,Shopping,lee,Lee,Lee,G03;Mira Place 1,GF,61927740,Mon-Sun:12:00-21:00,,,Fashion,Fashion & Sports,,2022-01-03
MiraPlace,Shopping,lisa-sara,Lisa & Sara,Lisa & Sara,240;Mira Place 1,2F,28862297,Sun-Thu:11:30-22:30;Fri-Sat:11:30-23:00,,,Lifestyle,Home & Lifestyle,,2022-01-03
MiraPlace,Shopping,loshi,Loshi,Loshi,B135;Mira Place 1,B1F,37058204,Mon-Sun:11:00-21:00,,,Fitness & Beauty,Skin Care & Beauty,,2022-01-03
MiraPlace,Shopping,lostnfound-planet,Lostnfound Planet,Lostnfound Planet,103;Mira Place 1,1F,59642437,Mon-Sun:12:00-21:00,,,Fashion,Fashion & Sports,,2022-01-03
MiraPlace,Shopping,madia,MADIA,MADIA,G22;Mira Place 1,GF,21170852,Mon-Sun:11:00-21:00,,,Fashion,Fashion & Sports,,2022-01-03
MiraPlace,Shopping,marukyu-zakka,Marukyū Zakka,丸急百貨,229;Mira Place 1,2F,23628155,Mon-Sun:11:00-22:30,,,Lifestyle,Home & Lifestyle,,2022-01-03
MiraPlace,Shopping,m-cube,M Cube,M Cube,227;Mira Place 1,2F,27240520/23638238,Mon-Sat:11:00-21:00;Sun:12:00-20:00,,,Fashion,Fashion & Sports,,2022-01-03
MiraPlace,Shopping,menard,MENARD,MENARD,133;Mira Place 1,1F,29920132,Mon-Sun:10:00-22:00,,,Fitness & Beauty,Skin Care & Beauty,,2022-01-03
MiraPlace,Shopping,shop,MiraSpa,MiraSpa,The Mira Hong Kong,B3F,23155500,,,,Fitness & Beauty,Skin Care & Beauty,,2022-01-03
MiraPlace,Shopping,shop,motto carpe diem,motto carpe diem,140 & 141;Mira Place 1,1F,21521716,Mon-Sun:11:00-21:00,,,Lifestyle,Home & Lifestyle,,2022-01-03
MiraPlace,Shopping,mr-collection,MR.COLLECTION,MR.COLLECTION 時尚紳士,225;Mira Place 1,2F,23239802,Sun-Fri:12:00–21:30;Sat:12:30–22:00,,,Fashion,Fashion & Sports,,2022-01-03
MiraPlace,Shopping,muji,MUJI,無印良品,306 - 311;Mira Place 1,3F,39713160/39713165,Mon-Sun:10:00-22:00,,,Lifestyle,Home & Lifestyle,,2022-01-03
MiraPlace,Shopping,mushroom,Mushroom,Mushroom,126;Mira Place 1,1F,27847968,Mon-Sun:11:30-22:00,,,Jewellery & Accessories,Jewellery & Accessories,,2022-01-03
MiraPlace,Shopping,shop,Nail Me,Nail Me,266;Mira Place Two,2F,23110337,Mon-Thu:12:00-21:00;Fri-Sun:12:00-22:00,,,Fitness & Beauty,Skin Care & Beauty,,2022-01-03
MiraPlace,Shopping,nail-nail,NAIL NAIL,NAIL NAIL,B102;Mira Place 1,B1F,23772884,Mon-Sun:11:00-21:00,,,Fitness & Beauty,Skin Care & Beauty,,2022-01-03
MiraPlace,Shopping,nannini,NANNINI,NANNINI,G05;Mira Place 1,GF,25772203,Mon-Sun:11:00-21:00,,,Jewellery & Accessories,Jewellery & Accessories,,2022-01-03
MiraPlace,Shopping,natashatini,Natashatini,Natashatini,G02;Mira Place 1,GF,97941084,Mon-Sun:12:00-21:00,,,Jewellery & Accessories,Jewellery & Accessories,,2022-01-03
MiraPlace,Shopping,nike-kicks-lounge,Nike Kicks Lounge,Nike Kicks Lounge,G33;Mira Place 1,GF,24722378,Mon-Sun:11:00-22:30,,,Fashion,Fashion & Sports,,2022-01-03
MiraPlace,Shopping,noriem-sensounico,NorieM SENSOUNICO,NorieM SENSOUNICO,267;Mira Place Two,2F,23668400,Mon-Sun:10:00-23:00,,,Fashion,Fashion & Sports,,2022-01-03
MiraPlace,Shopping,nsquare,NSquare,NSquare,231;Mira Place 1,2F,22536708,Sun-Thu:11:00-22:00;Fri-Sat:11:00-22:30,,,Jewellery & Accessories,Jewellery & Accessories,,2022-01-03
MiraPlace,Shopping,ohio,OHIO,OHIO,209;Mira Place 1,2F,23162318,Mon–Sun:12:00–21:00,,,Fashion,Fashion & Sports,,2022-01-03
MiraPlace,Shopping,o-my-cross-jewelry,O My Cross Jewelry,O My Cross Jewelry,G07;Mira Place 1,GF,67333308,Mon-Sun:11:00-21:00,,,Jewellery & Accessories,Jewellery & Accessories,,2022-01-03
MiraPlace,Shopping,optic-warehouse,Optic Warehouse,眼鏡工房,165;Mira Place 2,1F,23668698,Mon-Sun:11:00-21:00,,,Jewellery & Accessories,Jewellery & Accessories,,2022-01-03
MiraPlace,Shopping,out-of-colours,Out of Colours,Out of Colours,110B;Mira Place 1,1F,26711288,Mon-Thu:11:00-20:00;Fri-Sun/PublicHolidays:11:00-21:00,,,Fitness & Beauty,Skin Care & Beauty,,2022-01-03
MiraPlace,Shopping,peach-john,Peach John,Peach John,202;Mira Place 1,2F,21101524,Mon-Sun:11:00-22:00,,,Lifestyle,Home & Lifestyle,,2022-01-03
MiraPlace,Shopping,porter-international,PORTER INTERNATIONAL,PORTER INTERNATIONAL,138;Mira Place 1,1F,23771952,Sun-Thu:11:00-21:00;Fri-Sat:11:00-21:30,,,Jewellery & Accessories,Jewellery & Accessories,,2022-01-03
MiraPlace,Shopping,regal-shoes,REGAL,REGAL 麗格靴業,226;Mira Place One,2F,21161552,Mon-Sun:11:00-22:00,,,Fashion,Fashion & Sports,,2022-01-03
MiraPlace,Shopping,rhythmis,Rhythmis,Rhythmis,101A;Mira Place 1,1F,,Mon-Sun:11:30-21:30,,,Jewellery & Accessories,Jewellery & Accessories,,2022-01-03
MiraPlace,Shopping,riccini,RICCINI,RICCINI,135;Mira Place 1,1F,27368908,Mon-Sun:11:00-21:00,,,Fashion,Fashion & Sports,,2022-01-03
MiraPlace,Shopping,rice-force,Rice Force,Rice Force,131;Mira Place 1,1F,28080291,Mon-Sun:11:00-22:00,,,Fitness & Beauty,Skin Care & Beauty,,2022-01-03
MiraPlace,Shopping,rickykazaf,RICKY KAZAF,RICKYKAZAF,127;Mira Place 1,1F,29818228,Mon-Sun:10:30-22:30,,,Fitness & Beauty,Skin Care & Beauty,,2022-01-03
MiraPlace,Shopping,rouge-amour,ROUGE AMOUR,ROUGE AMOUR,268;Mira Place Two,2F,27301031,Mon-Sun:10:30-21:30,,,Fashion,Fashion & Sports,,2022-01-03
MiraPlace,Shopping,shop,Samsonite,Samsonite,B125;Mira Place One,B1F,23673337,Mon-Sun:11:00-21:00,,,Gift,Gift,,2022-01-03
MiraPlace,Shopping,sekiguchi-theme-shop,SEKIGUCHI THEME SHOP,Samsonite,B136;Mira Place 1,B1F,21519919,Mon-Sun:11:00-21:00,,,Gift,Gift,,2022-01-03
MiraPlace,Shopping,sen-ryo,sen-ryo,千両,205;Mira Place 1,2F,23518628,Sun-Thu:11:30-22:30;Fri-Sat/PublicHoliday:11:30-23:00,,,Fashion,Fashion & Sports,,2022-01-03
MiraPlace,Shopping,sen-ryo,sen-ryo,千両,205;Mira Place 1,2F,23518628,Sun-Thu:11:30-22:30;Fri-Sat/PublicHoliday:11:30-23:00,,,Fashion,Fashion & Sports,,2022-01-03
MiraPlace,Shopping,sen-ryo,sen-ryo,千両,205;Mira Place 1,2F,23518628,Sun-Thu:11:30-22:30;Fri-Sat/PublicHoliday:11:30-23:00,,,Fashion,Fashion & Sports,,2022-01-03
MiraPlace,Shopping,sen-ryo,sen-ryo,千両,205;Mira Place 1,2F,23518628,Sun-Thu:11:30-22:30;Fri-Sat/PublicHoliday:11:30-23:00,,,Fashion,Fashion & Sports,,2022-01-03
MiraPlace,Shopping,senses-yard,Senses Yard,Senses Yard,101B;Mira Place 1,1F,54067061,Sun-Thu:11:30-21:30;Fri-Sat:11:30-22:00,,,Fitness & Beauty,Skin Care & Beauty,,2022-01-03
MiraPlace,Shopping,siam-botanicals,Siam Botanicals,Siam Botanicals,132C;Mira Place 1,1F,,Mon-Sun:11:00-20:00,,,Fitness & Beauty,Skin Care & Beauty,,2022-01-03
MiraPlace,Shopping,snidel,SNIDEL/ Lily Brown/ gelato pique,SNIDEL/ Lily Brown/ gelato pique,G20;Mira Place 1,GF,23178808,Mon-Sun:11:00–22:00,,,Fashion,Fashion & Sports,,2022-01-03
MiraPlace,Shopping,solitude,Solitude,Solitude,108;Mira Place 1,1F,52406646,Mon-Sun:11:00-20:00,,,Fashion,Fashion & Sports,,2022-01-03
MiraPlace,Shopping,sport-b,SPORT B.,SPORT B.,G17;Mira Place 1,GF,23779650,Mon-Sun:12:00-22:00,,,Fashion,Fashion & Sports,,2022-01-03
MiraPlace,Shopping,standard-chartered-bank,Standard Chartered Bank,渣打銀行,B117-123;B1 & G30;Mira Place 1,GF,27218596,Mon-Fri:09:00-17:00;Sat:09:00-13:00;ATMMachinesOpen24hoursDaily(G/F),,,Others,Bank & Others,,2022-01-03
MiraPlace,Shopping,starbucks,STARBUCKS COFFEE,星巴克咖啡,107C & 108C;Mira Place 1,1F,31677908,"Mon-Fri:7:30-21:00;Sat,Sun,PublicHoliday:8:00-21:00",,,Lifestyle,Home & Lifestyle,,2022-01-03
MiraPlace,Shopping,starbucks,STARBUCKS COFFEE,星巴克咖啡,107C & 108C;Mira Place 1,1F,31677908,"Mon-Fri:7:30-21:00;Sat,Sun,PublicHoliday:8:00-21:00",,,Lifestyle,Home & Lifestyle,,2022-01-03
MiraPlace,Shopping,starbucks,STARBUCKS COFFEE,星巴克咖啡,107C & 108C;Mira Place 1,1F,31677908,"Mon-Fri:7:30-21:00;Sat,Sun,PublicHoliday:8:00-21:00",,,Lifestyle,Home & Lifestyle,,2022-01-03
MiraPlace,Shopping,starbucks,STARBUCKS COFFEE,星巴克咖啡,107C & 108C;Mira Place 1,1F,31677908,"Mon-Fri:7:30-21:00;Sat,Sun,PublicHoliday:8:00-21:00",,,Lifestyle,Home & Lifestyle,,2022-01-03
MiraPlace,Shopping,shop,Superdry,星巴克咖啡,107C & 108C;Mira Place 1,1F,31677908,"Mon-Fri:7:30-21:00;Sat,Sun,PublicHoliday:8:00-21:00",,,Fashion,Fashion & Sports,,2022-01-03
MiraPlace,Shopping,swy,SWY,SWY,130;Mira Place 1,1F,23336586/23336919,Mon-Sun:12:00-21:00,,,Lifestyle,Home & Lifestyle,,2022-01-03
MiraPlace,Shopping,the-hong-kong-optic,THE HONG KONG OPTIC,香港視光,136;Mira Place 1,1F,85226213038,Mon-Sun:11:30-21:00,,,Jewellery & Accessories,Jewellery & Accessories,,2022-01-03
MiraPlace,Shopping,the-lifestyle-of-by-esp-agape,The Lifestyle of … by Esp.AGAPE,The Lifestyle of … by Esp.AGAPE,G16;Mira Place 1,GF,23392283,Mon-Thu:11:30-20:30;Fri-Sun/PublicHoliday:12:00-21:00,,,Lifestyle,Home & Lifestyle,,2022-01-03
MiraPlace,Shopping,shop,the mira PRIVATE i SALON & PS Professional Hair Care Centre,the mira PRIVATE i SALON & PS Professional Hair Care Centre,B361;The Mira Hong Kong,B3F,23140990,Mon-Sun:10:00-21:00,,,Fitness & Beauty,Skin Care & Beauty,,2022-01-03
MiraPlace,Shopping,tiny,TINY,TINY微影,235;Mira Place 1,2F,35946585,Mon-Sun:12:00-21:00,,,Gift,Gift,,2022-01-03
MiraPlace,Shopping,tokyo-lifestyle,Tokyo Lifestyle,Tokyo Lifestyle,172;Mira Place 2,1F,21565011,Mon-Sun:10:00-22:00,,,Fitness & Beauty,Skin Care & Beauty,,2022-01-03
MiraPlace,Shopping,torio-store,Torio Store,Torio Store,102;Mira Place 1,1F,,Mon–Sun:12:00–21:30,,,Fashion,Fashion & Sports,,2022-01-03
MiraPlace,Shopping,trio-health-sports-and-spine-centre,TriO Health Sports and Spine Centre,澳源運動脊椎治療中心 ,279;Mira Place 2,2F,67380377,Mon-Sat:09:00-21:00,,,Others,Bank & Others,,2022-01-03
MiraPlace,Shopping,trollbeads,TROLLBEADS,TROLLBEADS,G26;Mira Place 1,GF,31071886,Mon-Sun:11:30-21:00,,,Fashion,Fashion & Sports,,2022-01-03
MiraPlace,Shopping,tuxee-dressee,TUXEE / DRESSEE,TUXEE / DRESSEE,286;Mira Place 2,2F,68161116,"Mon-Tue,Thu-Sun:12:00-21:00",,,Fashion,Fashion & Sports,,2022-01-03
MiraPlace,Shopping,uniqlo,UNIQLO,UNIQLO,215 - 223;Mira Place One,2F,23148886,Sun-Thu/PublicHoliday:11:00-22:00;Fri-Sat/ThedaybeforePublicHoliday:11:00-23:00,,,Fashion,Fashion & Sports,,2022-01-03
MiraPlace,Shopping,shop,Uppacase,Uppacase,211;Mira Place One,2F,21529270,Mon-Thu:12:00-21:00;Fri-Sun/PublicHoliday:12:00-22:00,,,Fashion,Fashion & Sports,,2022-01-03
MiraPlace,Shopping,vivienne-westwood,Vivienne Westwood,Vivienne Westwood,G01;Mira Place 1,GF,23680234,Mon-Sun:11:00-23:00,,,Fashion,Fashion & Sports,,2022-01-03
MiraPlace,Shopping,shop,WILD ORGANIC,WILD ORGANIC,168 - 169;Mira Place 2,1F,34887387,Mon-Sun:11:00-21:00,,,Fitness & Beauty,Skin Care & Beauty,,2022-01-03
MiraPlace,Shopping,workware,WORKWARE,WORKWARE,236;Mira Place 1,2F,54388357,Mon-Sun:11:00-22:00,,,Fashion,Fashion & Sports,,2022-01-03
MiraPlace,Shopping,you-and-me,You and Me,You and Me,B137;Mira Place 1,B1F,23750878,Mon-Sun:11:30-20:30,,,Gift,Gift,,2022-01-03
MiraPlace,Shopping,zoff,Zoff,Zoff,139;Mira Place 1,1F,34682652,Sun-Thu:11:00-21:00;Fri-Sat:11:00-21:30,,,Jewellery & Accessories,Jewellery & Accessories,,2022-01-03
MiraPlace,Dining,7-eleven,7-ELEVEN,7-ELEVEN,G36;Mira Place 1,GF,,Mon-Sun:00:00-24:00,,,Gourmet,Gourmett/ Wine/ Superstore,,2022-01-03
MiraPlace,Dining,81-station,81 Station,81駅,B141;Mira Place 1,B1F,52643937,Mon-Sun:11:00-22:00,,,Gourmet,Gourmett/ Wine/ Superstore,,2022-01-03
MiraPlace,Dining,bairro-a-portuguesa,Bairro à Portuguesa,Bairro à Portuguesa,171;Mira Place 2,1F,24262468,Mon-Sun:12:00-20:00,,,Western,Western,,2022-01-03
MiraPlace,Dining,burgeroom,Burgeroom,Burgeroom,207;Mira Place One,2F,37020361,Mon-Sun:11:00-00:00,,,Western,Western,,2022-01-03
MiraPlace,Dining,chun-shui-tang,Chun Shui Tang,春水堂,110C&112;Mira Place 1,1F,23388934,Mon-Sun:11:30-21:00,,,Café & Confectionary,Café & Confectionary,,2022-01-03
MiraPlace,Dining,,COCO,,,,,,,,Café & Confectionary,Café & Confectionary,,2022-01-03
MiraPlace,Dining,cuisine-cuisine,Cuisine Cuisine,國金軒,The Mira Hong Kong,3F,23155222,Mon-Sat:11:30-14:30&18:00-22:30;Sun/PublicHoliday:10:30-15:00&18:00-22:30,,,Chinese,Chinese,,2022-01-03
MiraPlace,Dining,shop,Din Tai Fung,鼎泰豐,407;Mira Place One,4F,28982499,"Mon-Fri11:30-15:30,17:30-22:00;Sat、Sun&Publicholiday11:30-22:00",,,Chinese,Chinese,,2022-01-03
MiraPlace,Dining,don-don-donki,Don Don Donki,Don Don Donki,Mira Place 2,B1F,26500411,Mon-Sun:24hours,,,Gourmet,Gourmett/ Wine/ Superstore,,2022-01-03
MiraPlace,Dining,espresso-alchemy,Espresso Alchemy,Espresso Alchemy,B116;Mira Place 1,B1F,26741838,Sun-Thu:10:00-22:00(LastOrderat21:30);Fri-Sat:10:00-22:30(LastOrderat21:30),,,Café & Confectionary,Café & Confectionary,,2022-01-03
MiraPlace,Dining,fit-ready,Fit Ready,Espresso Alchemy,B116;Mira Place 1,B1F,26741838,Sun-Thu:10:00-22:00(LastOrderat21:30);Fri-Sat:10:00-22:30(LastOrderat21:30),,,Gourmet,Gourmett/ Wine/ Superstore,,2022-01-03
MiraPlace,Dining,fu-ho-restaurant,Fu Ho Restaurant,富豪酒家,402;Mira Place 1,4F,27362228,Mon-Sun:11:00-15:00&18:00-23:00,,,Chinese,Chinese,,2022-01-03
MiraPlace,Dining,gaia-veggie-shop,Gaia Veggie Shop,富豪酒家,212;Mira Place One,2F,23761186,Mon-Sun:11:00-23:00,,,Chinese,Chinese,,2022-01-03
MiraPlace,Dining,genki-ippai,Genki  Ippai,元氣一杯,406;Mira Place One,4F,23758100,Mon-Sun:12:00-14:30&18:00-23:00,,,Asian,Asian,,2022-01-03
MiraPlace,Dining,gyu-kaku-buffet,Gyu-kaku Buffet,牛角 Buffet,G08-G09;Mira Place 1,GF,28982898,"Mon-Thu:12:00-23:00,Fri-Sun&PublicHolidays:11:30-23:00",,,Asian,Asian,,2022-01-03
MiraPlace,Dining,habitu-table,HABITŪ table,HABITŪ table,B142;Mira Place 1,B1F,35720846,Mon–Thu:11:30-22:00;Fri:11:30-23:00;Sat:11:00-23:00;Sun/PublicHoliday:11:00-22:00,,,Western,Western,,2022-01-03
MiraPlace,Dining,hana-musubi,hana-musubi,華御結,Shop 106;Mira Place 1,1F,26082659,"Mon-Fri：08：00-21：00;Sat,Sun&PublicHoliday：11：00-21：00",,,Café & Confectionary,Café & Confectionary,,2022-01-03
MiraPlace,Dining,hexapi-honey,Hexapi Honey,稀雅蜜,B105;Mira Place 1,B1F,69984986,Mon-Sun:11:30-20:30,,,Gourmet,Gourmett/ Wine/ Superstore,,2022-01-03
MiraPlace,Dining,hiroshi,Hiroshi,宏 Hiroshi,408;Mira Place 1,4F,27372665,Mon-Sun:12:00-22:00,,,Asian,Asian,,2022-01-03
MiraPlace,Dining,hiroshi-cakes,Hiroshi Cakes,宏 Hiroshi Cakes,201;Mira Place 1,2F,27372665,Mon-Thu:12:00-20:00;Fri–Sun:12:00-21:00,,,Café & Confectionary,Café & Confectionary,,2022-01-03
MiraPlace,Dining,keto-alliance,K&H KETO DIET,酮福堂,Kiosk B1-D;Mira Place 1,B1F,66363581,Mon-Sun:11:00-22:00,,,Gourmet,Gourmett/ Wine/ Superstore,,2022-01-03
MiraPlace,Dining,kfc,KFC,KFC,G37;Mira Place 1,GF,23695633,Mon–Sun:7:30–24:00,,,Western,Western,,2022-01-03
MiraPlace,Dining,le-bread-lab,LE BREAD LAB,LE BREAD LAB,303;Mira Place 1,3F,,Mon-Sun:11:00-20:30,,,Café & Confectionary,Café & Confectionary,,2022-01-03
MiraPlace,Dining,mikes-chicken-comida-de-portugal,Mike's Chicken Comida de Portugal Restaurant,葡匯咪走雞葡國餐廳,167;Mira Place 2,1F,23923328,Mon-Sun:12:00-23:00,,,Western,Western,,2022-01-03
MiraPlace,Dining,mille-mele-tokyo,Mille Mele Tokyo,Mille Mele Tokyo,G65;Mira Place 2,GF,23988812,Mon-Sun:12:00-22:00,,,Café & Confectionary,Café & Confectionary,,2022-01-03
MiraPlace,Dining,moonlokchiuchow,Moon Lok Chiu Chow,滿樂潮州,405;Mira Place One,4F,21579949,Mon-Sun:11:00-23:00,,,Chinese,Chinese,,2022-01-03
MiraPlace,Dining,muta-restaurant-by-atum,MUTA Restaurant by ATUM,MUTA Restaurant by ATUM,B131;Mira Place 1,B1F,37952332,Mon-Sun:12:00-22:00,,,Western,Western,,2022-01-03
MiraPlace,Dining,my-day,My Day,My Day,601;Mira Place 1,6F,26549988,Mon-Sun:12:00-22:30,,,Western,Western,,2022-01-03
MiraPlace,Dining,nichigyu-shabu-shabu-sukiyaki-restaurant,Nichigyu Shabu Shabu & Sukiyaki Restaurant ,日牛涮涮鍋專門店,213;Mira Place 1,2F,31060910,"Mon-Sun:12:00-22:00,PublicHoliday&Eve:12:00-22:00",,,Asian,Asian,,2022-01-03
MiraPlace,Dining,pasture,Pasture,青草地,B101;Mira Place 1,B1F,63842103,Mon-Sun:12:00-20:00,,,Gourmet,Gourmett/ Wine/ Superstore,,2022-01-03
MiraPlace,Dining,ponti-wine-cellars,Ponti Wine Cellars,Ponti Wine Cellars,B143;Mira Place One,B1F,27301889,Mon-Sun:11:00-21:00,,,Gourmet,Gourmett/ Wine/ Superstore,,2022-01-03
MiraPlace,Dining,prost-by-king-ludwig,Prost by King Ludwig,Prost by King Ludwig,302;Mira Place One,3F,24730168,Sun-Thu/PublicHoliday:12:00-01:00;Fri-Sat/PublicHolidayEve:12:00-02:00,,,Western,Western,,2022-01-03
MiraPlace,Dining,putien,PUTIEN,莆田,269-270;Mira Place Two,2F,36210825,Mon-Sun:11:30-16:15&17:30-22:30,,,Chinese,Chinese,,2022-01-03
MiraPlace,Dining,ramen-bar-ippei-an,Ramen & Bar Ippei-An,麵屋一平安,203;Mira Place One,2F,23755330,Mon-Sun:12:00-24:00,,,Asian,Asian,,2022-01-03
MiraPlace,Dining,room-one,Room One – Sports Bar,Room One - Sports Bar,The Mira Hong Kong,GF,23155888,Sun-Thu:16:00-01:00;Fri-Sat:16:00-02:00,,,Western,Western,,2022-01-03
MiraPlace,Dining,sen-ryo,sen-ryo,千両,205;Mira Place 1,2F,23518628,Sun-Thu:11:30-22:30;Fri-Sat/PublicHoliday:11:30-23:00,,,Asian,Asian,,2022-01-03
MiraPlace,Dining,sen-ryo,sen-ryo,千両,205;Mira Place 1,2F,23518628,Sun-Thu:11:30-22:30;Fri-Sat/PublicHoliday:11:30-23:00,,,Asian,Asian,,2022-01-03
MiraPlace,Dining,sen-ryo,sen-ryo,千両,205;Mira Place 1,2F,23518628,Sun-Thu:11:30-22:30;Fri-Sat/PublicHoliday:11:30-23:00,,,Asian,Asian,,2022-01-03
MiraPlace,Dining,sen-ryo,sen-ryo,千両,205;Mira Place 1,2F,23518628,Sun-Thu:11:30-22:30;Fri-Sat/PublicHoliday:11:30-23:00,,,Asian,Asian,,2022-01-03
MiraPlace,Dining,so-by-wine-peers,So by Wine Peers,So by Wine Peers,B140;Mira Place 1,B1F,21873406,Mon-Sun:12:00-21:00,,,Gourmet,Gourmett/ Wine/ Superstore,,2022-01-03
MiraPlace,Dining,sorabol-korean-restaurant,Sorabol Korean Restaurant,新羅寶,403;Mira Place One,4F,23752882,Mon-Sun:11:30-15:00&18:00-23:00,,,Asian,Asian,,2022-01-03
MiraPlace,Dining,stars-taste,Star's Taste,星之味,B101A;Mira Place 1,B1F,27362668,Mon-Sun:12:00-21:00,,,Gourmet,Gourmett/ Wine/ Superstore,,2022-01-03
MiraPlace,Dining,starbucks,STARBUCKS COFFEE,星巴克咖啡,107C & 108C;Mira Place 1,1F,31677908,"Mon-Fri:7:30-21:00;Sat,Sun,PublicHoliday:8:00-21:00",,,Café & Confectionary,Café & Confectionary,,2022-01-03
MiraPlace,Dining,starbucks,STARBUCKS COFFEE,星巴克咖啡,107C & 108C;Mira Place 1,1F,31677908,"Mon-Fri:7:30-21:00;Sat,Sun,PublicHoliday:8:00-21:00",,,Café & Confectionary,Café & Confectionary,,2022-01-03
MiraPlace,Dining,starbucks,STARBUCKS COFFEE,星巴克咖啡,107C & 108C;Mira Place 1,1F,31677908,"Mon-Fri:7:30-21:00;Sat,Sun,PublicHoliday:8:00-21:00",,,Café & Confectionary,Café & Confectionary,,2022-01-03
MiraPlace,Dining,starbucks,STARBUCKS COFFEE,星巴克咖啡,107C & 108C;Mira Place 1,1F,31677908,"Mon-Fri:7:30-21:00;Sat,Sun,PublicHoliday:8:00-21:00",,,Café & Confectionary,Café & Confectionary,,2022-01-03
MiraPlace,Dining,sun-tung-lok,SUN TUNG LOK,新同樂,401;Mira Place One,4F,21521417,Mon-Sun:11:30-15:00&18:00-23:00,,,Chinese,Chinese,,2022-01-03
MiraPlace,Dining,thai-plus,Thai Plus,Thai Plus,206;Mira Place 1,2F,26605777,Mon-Sun:12:00-22:30,,,Asian,Asian,,2022-01-03
MiraPlace,Dining,the-chop-house,The Chop House,The Chop House,301 & 305;Mira Place 1,3F,22953200,Mon-Sun:11:45-24:00,,,Western,Western,,2022-01-03
MiraPlace,Dining,tigersugar,TIGER SUGAR,老虎堂黑糖專売,G38;Mira Place 1,GF,N/A,Mon-Sun:11:00-23:00,,,Café & Confectionary,Café & Confectionary,,2022-01-03
MiraPlace,Dining,tsui-hang-village,Tsui Hang Village,翠亨邨,507;Mira Place One,5F,23762882,Mon-Sat:11:30-15:00&18:00-23:00;Sun/PublicHoliday:10:30-15:00&18:00-23:00,,,Chinese,Chinese,,2022-01-03
MiraPlace,Dining,turning-point-by-coffee-art,Turning Point by Coffee ART,Turning Point by Coffee ART,113B;Mira Place 1,1F,54037996,Mon–Sat:8:30–22:00;Sun/PublicHoliday:11:00–22:00,,,Café & Confectionary,Café & Confectionary,,2022-01-03
MiraPlace,Dining,umegaoka-sushi-no-midori-souhonten,Umegaoka Sushi No Midori Souhonten,,312;Mira Place 1,3F,23638228,Mon-Fri:12:00-22:00;Sat-Sun/PublicHoliday:11:30-22:00,,,Asian,Asian,,2022-01-03
MiraPlace,Dining,yamm,Yamm,Yamm,The Mira Hong Kong,GF,23155111,Mon-Sun:6:00-00:00,,,Western,Western,,2022-01-03
MiraPlace,Shopping,We_are_no_expert,We are no expert,We are no expert,Kiosk B1-B;Mira Place 1,B1F,54092576,Mon – Sun: 12:00 – 20:00,,,Home & Lifestyle,Home & Lifestyle,,2022-01-03
MiraPlace,Shopping,NIXXGEN_ANIME,NIXXGEN ANIME,NIXXGEN ANIME,Kiosk B1-C;Mira Place 1,GF,,Mon – Sun: 12:00 – 21:00,,,Gift & Travel,Gift & Travel,,2022-01-03
MiraPlace,Shopping,Thinking_Daisy,Thinking Daisy,Thinking Daisy,Kiosk A;Mira Place 1,GF,,Mon – Sun: 11:00 – 20:00,,,Jewellery / Accessories & Watches,Jewellery / Accessories & Watches,,2022-01-03
MiraPlace,Shopping,Luxcraft_Jewellery,Luxcraft Jewellery,Luxcraft Jewellery,Kiosk B1;Mira Place 1,GF,,Mon – Sun: 10:45 – 22:30,,,Jewellery / Accessories & Watches,Jewellery / Accessories & Watches,,2022-01-03
MiraPlace,Shopping,ghd,ghd,ghd,Kiosk C;Mira Place 1,GF,22745422,Mon – Sun: 10:30 – 22:00,,,Home & Lifestyle,Home & Lifestyle,,2022-01-03
MiraPlace,Shopping,House_of_Yu-En,House of Yu-En,House of Yu-En,Kiosk D;Mira Place 1,GF,52406766,Mon – Thu: 11:00 – 19:00; Fri – Sun/ Public Holiday: 11:00 – 20:00,,,Jewellery / Accessories & Watches,Jewellery / Accessories & Watches,,2022-01-03
MiraPlace,Shopping,VC_Walker,VC Walker,VC Walker,Kiosk G;Mira Place 1,GF,,Mon – Fri: 12:00 – 21:00;,,,Jewellery / Accessories & Watches,Jewellery / Accessories & Watches,,2022-01-03
MiraPlace,Shopping,KSK_Workshop,KSK Workshop,KSK Workshop,Kiosk H;Mira Place 1,GF,54038278,Mon – Thu: 12:00 – 21:30; Fri – Sun/Public Holiday: 11:00 – 22:00,,,Home & Lifestyle,Home & Lifestyle,,2022-01-03
MiraPlace,Shopping,Oxygen_Jewelry,Oxygen Jewelry,Oxygen Jewelry,Kiosk I;Mira Place 1,GF,92063164,Mon – Sun: 12:00 – 21:00,,,Jewellery / Accessories & Watches,Jewellery / Accessories & Watches,,2022-01-03
MiraPlace,Shopping,Whats_Beauty,Whats Beauty,Whats Beauty,Kiosk A;Mira Place 1,1F,97355781,Mon – Sun: 11:30 – 20:30,,,Skin Care & Beauty,Skin Care & Beauty,,2022-01-03
MiraPlace,Shopping,jennymadrose,jennymadrose,jennymadrose,Kiosk C;Mira Place 1,1F,94557198,Mon – Sun: 12:00 – 20:00,,,Skin Care & Beauty,Skin Care & Beauty,,2022-01-03
MiraPlace,Shopping,DIDIER_DUBOT,DIDIER DUBOT,DIDIER DUBOT,Kiosk B;Mira Place 1,2F,93028843,Mon – Sun: 11:00 – 21:00,,,Jewellery / Accessories & Watches,Jewellery / Accessories & Watches,,2022-01-03
