mall,type,shop_id,shop_name_en,shop_name_tc,shop_number,shop_floor,phone,opening_hours,loyalty_offer,voucher_acceptance,shop_category_id,shop_category_name,tag,update_date
OlympianCity,Shopping,203,10 minutes to 10,10 minutes to 10,UG08D,OlympianCity2 UGF,26093221,Mon - Sun: 11:30am - 09:30pm,,,9,Fashion​​,Fashion;Ladies’ Fashion,2022-01-31
OlympianCity,Shopping,87,7-ELEVEN (OC1),7-11便利店 (一期),UG02,OlympianCity1 UGF,27492170,Mon - Sun: 12:00am - 12:00am,,,8,"Department Stores, Supermarkets and Convenience Stores​​",Confectionery;Convenience Stores;Drink;Food;Snack,2022-01-31
OlympianCity,Shopping,86,7-ELEVEN (OC2),7-11便利店 (二期),UG02C,OlympianCity2 UGF,29048136,Mon - Sun: 07:00am - 11:00pm,,,8,"Department Stores, Supermarkets and Convenience Stores​​",Confectionery;Convenience Stores;Drink;Food;Snack,2022-01-31
OlympianCity,Shopping,106,759 Store,759 阿信屋,UG15,OlympianCity1 UGF,36696778,Mon - Sun: 10:00am - 10:00pm,,,8,"Department Stores, Supermarkets and Convenience Stores​​",,2022-01-31
OlympianCity,Shopping,409,Adelina,Adelina,UG57,OlympianCity2 UGF,,Mon - Sun: 11:00am - 08:00pm,,,11,"Jewellery, Watches, Optical & Accessories​​",Accessories;Gift;Jewellery;Luxury;Necklace,2022-01-31
OlympianCity,Shopping,330,aojo,aojo,UG21,OlympianCity2 UGF,23680055,Mon - Sun: 11:00am - 09:00pm,,,11,"Jewellery, Watches, Optical & Accessories​​",Gift;Optical;Sunglasses,2022-01-31
OlympianCity,Shopping,364,AQ Bio,AQ Bio,128F,OlympianCity2 1F,39051895,Mon - Sun: 11:00am - 09:00pm,,,4,Health Products & Personal Care​​,Healthy Living;Personal Care,2022-01-31
OlympianCity,Shopping,18,AQUARIUS Beauty Care & Healthy Trim Centre,水瓶座美容健康纖體中心,UG16,OlympianCity1 UGF,22724650,"Mon - Fri: 11:00am - 08:00pmSat: 10:00am - 07:30pmSun, PH: 10:00am - 06:30pm",,,4,Health Products & Personal Care​​,Body Care;Facial;Healthy Living;Skin Care;Slimming,2022-01-31
OlympianCity,Shopping,242,Artistic Studios,Artistic Studios,UG17,OlympianCity3 UGF,27803177,Mon - Sun: 11:00am - 09:00pm,,,12,Kid's Wear & Toys​​,Baby Products;Book;Game;Gift;Toy,2022-01-31
OlympianCity,Shopping,421,AT HOME DESIGN,AT HOME DESIGN,UG36G-H,OlympianCity1 UGF,39564396,Mon - Sun: 11:00am - 09:00pm,,,17,Others​​,Family,2022-01-31
OlympianCity,Shopping,404,aureus academy,aureus academy,126C,OlympianCity2 1F,58032563,Mon - Sun: 10:00am - 08:00pm,,,5,"Books, Stationery & Education​​",Education,2022-01-31
OlympianCity,Shopping,434,AUSupreme,澳至尊,UG13,OlympianCity3 UGF,23503170/23503178,Mon - Sun: 10:00am - 10:00pm,,,4,Health Products & Personal Care​​,Health Care;Healthy Living,2022-01-31
OlympianCity,Shopping,5,AV Life,生活影音,UG69B,OlympianCity2 UGF,24503398,Mon - Sun: 11:30am - 09:00pm,,,1,Audio-Visual & Electrical Appliances,Electrical Appliances;HIFI;Speaker;TV,2022-01-31
OlympianCity,Shopping,489,AVGS,AVGS,UG23B,OlympianCity2 UGF,,Mon - Sun: 11:30am - 09:30pm,,,9,Fashion​​,Fashion,2022-01-31
OlympianCity,Shopping,244,Balabala,Balabala,UG28-29,OlympianCity3 UGF,35161008,Mon - Sun: 10:00am - 09:00pm,,,12,Kid's Wear & Toys​​,Kids' Accessories;Kids' Fashion,2022-01-31
OlympianCity,Shopping,405,Baleno,Baleno,UG50,OlympianCity3 UGF,26758923,"Mon - Fri: 10:30am - 08:00pmSat, Sun: 10:30am - 08:30pm",,,9,Fashion​​,Casual Wear;Clothing;Kids' Fashion;Ladies’ Fashion,2022-01-31
OlympianCity,Shopping,418,Bandone Premium Food,一品優質凍肉專門店,UG06,OlympianCity3 UGF,26384777,Mon - Sun: 10:00am - 08:00pm,,,8,"Department Stores, Supermarkets and Convenience Stores​​",,2022-01-31
OlympianCity,Shopping,9,BANK OF CHINA (HONG KONG),中國銀行 (香港),130-133,OlympianCity2 1F,39882388,Mon - Fri: 09:00am - 05:00pmSat: 09:00am - 01:00pmFrom 13Jan  : Mon-Fri 09:00am-04:00pm ; Sat 09:00am-12:00nn until further notice,,,2,Banking Services,ATM;Insurance;Money Exchange;Wealth Mangement,2022-01-31
OlympianCity,Shopping,10,Bank of East Asia,東亞銀行,UG46-47,OlympianCity2 UGF,36092762,Mon - Fri: 09:00am - 05:00pmSat: 09:00am - 01:00pmFrom 14Jan : Mon-Fri 09:00am-04:00pm ; Sat 09:00am-12:00nn until further notice,,,2,Banking Services,ATM;Insurance;Money Exchange;Wealth Mangement,2022-01-31
OlympianCity,Shopping,36,Beauty essence,雅倩坊,G52,OlympianCity2 GF,26981128,Mon - Sun: 11:00am - 09:00pm,,,4,Health Products & Personal Care​​,Facial;Skin Care,2022-01-31
OlympianCity,Shopping,74,Beetle Art,創意小甲蟲,105A,OlympianCity1 1F,53137770,Tue: 10:30am - 05:30pmWed - Sat: 09:30am - 06:30pmSun: 10:30am - 01:30pm,,,5,"Books, Stationery & Education​​",Education;Tutorial,2022-01-31
OlympianCity,Shopping,37,Beijing Tong Ren Tang,北京同仁堂,123,OlympianCity2 1F,22734928,Mon - Sun: 10:00am - 08:00pm,,,4,Health Products & Personal Care​​,Chinese Medicine;Health Care,2022-01-31
OlympianCity,Shopping,412,BELLATRIX,BELLATRIX,UG38,OlympianCity3 UGF,25578488,Mon - Sun: 11:30am - 09:30pm,,,9,Fashion​​,Casual Wear;Clothing;Ladies’ Fashion,2022-01-31
OlympianCity,Shopping,55,benefit,benefit,UG55,OlympianCity2 UGF,36210036,Mon - Sun: 11:00am - 08:00pm,,,3,Beauty & Cosmetics​​,Gift,2022-01-31
OlympianCity,Shopping,310,Best Mart 360°,優品 360°,UG92,OlympianCity3 UGF,26122323,Mon - Sun: 09:30am - 10:00pm,,,8,"Department Stores, Supermarkets and Convenience Stores​​",,2022-01-31
OlympianCity,Shopping,488,Blanc Des Vosges,Blanc Des Vosges,G19,OlympianCity2 GF,28131168,Mon - Sun: 11:00am - 08:00pm,,,10,Furniture & Lifestyle​​,Bedding;Home Decoration,2022-01-31
OlympianCity,Shopping,275,blueplace,blueplace,UG32A,OlympianCity2 UGF,25688903,Mon - Sun: 11:00am - 09:00pm,,,14,Sportswear & Equipment​​,Outdoor;Sportswear,2022-01-31
OlympianCity,Shopping,477,Boatat Foods Market,寶達食品超市,K04,OlympianCity1 UGF,56260378,Mon - Sun: 10:00am - 10:00pm,,,8,"Department Stores, Supermarkets and Convenience Stores​​",Supermarket,2022-01-31
OlympianCity,Shopping,465,BODYCARE,BODYCARE,UG62B,OlympianCity2 UGF,63335325,Mon - Sun: 11:30am - 09:00pm4:30pm-5:30pm Lunch Break,,,4,Health Products & Personal Care​​,Body Care;Health Care;Massager Chair,2022-01-31
OlympianCity,Shopping,493,BRICKS HOUSE,BRICKS HOUSE,G11,OlympianCity3 GF,57952072,"Mon - Fri: 11:30am - 09:00pmSat, Sun, PH: 11:00am - 09:00pm",,,12,Kid's Wear & Toys​​,Gift;Toy,2022-01-31
OlympianCity,Shopping,484,BRUNO,BRUNO,G18,OlympianCity2 GF,52925946,Mon - Sun: 11:00am - 09:00pm,,,10,Furniture & Lifestyle​​,Kitchenware,2022-01-31
OlympianCity,Shopping,53,C' Hair,C' Hair,125,OlympianCity2 1F,23289086,Mon - Sun: 11:00am - 08:30pm,,,4,Health Products & Personal Care​​,Hair Care,2022-01-31
OlympianCity,Shopping,211,CASABLANCA,CASABLANCA,112,OlympianCity2 1F,22734154,Mon - Sun: 11:30am - 09:30pm,,,10,Furniture & Lifestyle​​,Bedding;Pillow,2022-01-31
OlympianCity,Shopping,276,Catalog,Catalog,UG33,OlympianCity2 UGF,25632650,Mon - Sun: 12:00pm - 09:00pm,,,14,Sportswear & Equipment​​,Casual Wear;Sneakers,2022-01-31
OlympianCity,Shopping,485,"CENTALINE PROPERTY (G01A, OC1)","中原地產 (G01A, 一期)",G01A,OlympianCity1 GF,26026338,Mon - Sun: 09:30am - 09:30pm,,,17,Others​​,Buying Property;Real Estate;Renting Property,2022-01-31
OlympianCity,Shopping,248,"CENTALINE PROPERTY (G06, OC1)","中原地產 (G06, 一期)",G06,OlympianCity1 GF,27863133,Mon - Sun: 09:30am - 09:30pm,,,17,Others​​,Buying Property;Real Estate;Renting Property,2022-01-31
OlympianCity,Shopping,495,"CENTALINE PROPERTY (G73A, OC2)","中原地產 (G73A , 二期)",G73A,OlympianCity2 GF,23078312,Mon - Sun: 09:30am - 09:30pm,,,17,Others​​,Buying Property;Real Estate;Renting Property,2022-01-31
OlympianCity,Shopping,307,Cheong Kwan Jang,正官庄,145,OlympianCity2 1F,25666226,Mon - Sun: 11:00am - 09:00pm,,,4,Health Products & Personal Care​​,Chinese Medicine;Health Care;Healthy Living,2022-01-31
OlympianCity,Shopping,212,Cherry,Cherry,UG67,OlympianCity3 UGF,24133626,Mon - Sun: 10:00am - 09:00pm,,,10,Furniture & Lifestyle​​,Bedding;Pillow,2022-01-31
OlympianCity,Shopping,241,Chicco,Chicco,UG18,OlympianCity3 UGF,22485200,Mon - Sun: 11:00am - 08:00pm,,,12,Kid's Wear & Toys​​,Baby Products;Gift;Kids' Accessories;Kids' Fashion,2022-01-31
OlympianCity,Shopping,11,China Construction Bank (Asia),中國建設銀行(亞洲),109-110,OlympianCity2 1F,37183920,Mon - Fri: 09:00am - 05:00pmSat: 09:00am - 01:00pmFrom 14Jan : Mon-Fri 09:00am-04:00pm ; Sat 09:00am-12:00nn until further notice,,,2,Banking Services,ATM;Insurance;Money Exchange;Wealth Mangement,2022-01-31
OlympianCity,Shopping,415,CHINA LIFE,中國人壽海外,UG01,OlympianCity3 UGF,,"Mon, Wed - Sun, PH: 10:00am - 08:00pmTue: 01:00pm - 08:00pm",,,2,Banking Services,Insurance,2022-01-31
OlympianCity,Shopping,301,China Mobile,中國移動,UG63B,OlympianCity2 UGF,39743547,Mon - Sun: 11:00am - 09:00pm,,,15,Telecom​​,Mobile Service,2022-01-31
OlympianCity,Shopping,323,Circle K,Circle K,UG02,OlympianCity3 UGF,27851063,Mon - Sun: 07:00am - 11:00pm,,,8,"Department Stores, Supermarkets and Convenience Stores​​",Confectionery;Drink;Drug;Food;Snack,2022-01-31
OlympianCity,Shopping,457,CITYSTORY,小城故事,UG02D,OlympianCity2 UGF,60619928,Mon - Sun: 10:30am - 08:30pm,,,12,Kid's Wear & Toys​​,Toy,2022-01-31
OlympianCity,Shopping,27,COMVITA,康維他,119,OlympianCity2 1F,26260562,Mon - Sun: 11:00am - 08:00pm,,,4,Health Products & Personal Care​​,Healthy Living,2022-01-31
OlympianCity,Shopping,56,COSWAY,COSWAY,UG12,OlympianCity3 UGF,29561113,Mon - Sun: 10:30am - 08:30pm,,,4,Health Products & Personal Care​​,Health Care,2022-01-31
OlympianCity,Shopping,39,CR Care,華潤堂,138,OlympianCity2 1F,27404135,Mon - Sun: 10:00am - 08:00pm,,,4,Health Products & Personal Care​​,Chinese Medicine;Health Care,2022-01-31
OlympianCity,Shopping,283,csl.,csl.,UG70A,OlympianCity2 UGF,25123123,Mon - Sun: 11:00am - 09:00pm,,,15,Telecom​​,Mobile Service;Telecom,2022-01-31
OlympianCity,Shopping,335,DCH FOODS X ZTORE.COM,大昌x士多,UG93,OlympianCity3 UGF,26570129,Mon - Sun: 09:00am - 09:30pm,,,8,"Department Stores, Supermarkets and Convenience Stores​​",Frozen Food;Grocery,2022-01-31
OlympianCity,Shopping,4,DG Lifestyle Store,DG Lifestyle Store,G65-67,OlympianCity2 GF,26255968,Mon - Sun: 12:00pm - 09:00pm,,,1,Audio-Visual & Electrical Appliances,Earphone;Electronics;Smartphone,2022-01-31
OlympianCity,Shopping,41,Dr. ESTHER WONG,女西醫黃南,110,OlympianCity1 1F,22714789,"Mon, Tue, Thu, Fri: 09:00am - 07:00pmWed, Sat: 09:00am - 01:00pmClosed on Sun & public holidays ; Mon,Tue,Thu,Fri : 1:00pm-3:30pm break",,,17,Others​​,Clinic;Drug,2022-01-31
OlympianCity,Shopping,263,DR. KONG,DR. KONG,UG23,OlympianCity3 UGF,22734313,Mon - Sun: 11:30am - 09:00pm,,,13,Shoes & Bags​​,Causal Shoes;Foot Health;Shoes,2022-01-31
OlympianCity,Shopping,42,Dr. Thomas Cheung Dental Surgeon,牙科醫生張德森,120,OlympianCity1 1F,35261288,Mon - Sat: 10:30am - 08:30pm,,,17,Others​​,Clinic;Drug,2022-01-31
OlympianCity,Shopping,167,Ebony & Ivory,Ebony & Ivory,128C,OlympianCity2 1F,27029088,Mon - Sun: 11:30am - 08:30pm,,,9,Fashion​​,Ladies’ Fashion,2022-01-31
OlympianCity,Shopping,264,ecco,ecco,UG27,OlympianCity2 UGF,36203176,Mon - Sun: 11:00am - 09:00pm,,,13,Shoes & Bags​​,Causal Shoes;Shoes,2022-01-31
OlympianCity,Shopping,340,echouse,echouse,111,OlympianCity1 1F,22724305,Mon - Sun: 10:30am - 08:30pmLast Purchase Ticket 8:00pm,,,4,Health Products & Personal Care​​,Hair Care;Hair Salon,2022-01-31
OlympianCity,Shopping,202,Embry Form,安莉芳專門店,128D,OlympianCity2 1F,28661962,Mon - Sun: 11:00am - 08:30pm,,,9,Fashion​​,Sleepwear;Underwear,2022-01-31
OlympianCity,Shopping,411,EMMAS & DENTONS,EMMAS & DENTONS,116-117,OlympianCity2 1F,21530829,Mon - Sun: 11:00am - 09:00pm,,,10,Furniture & Lifestyle​​,Bedding;Mattress;Pillow,2022-01-31
OlympianCity,Shopping,80,English Wise Learning Center (Olympian City),思敏英語學習中心 (奧海城),G12,OlympianCity3 GF,27404848,Mon - Sun: 09:30am - 07:00pmClosed on public holidays,,,5,"Books, Stationery & Education​​",Education;English;Tutorial,2022-01-31
OlympianCity,Shopping,429,eslite bookstore,誠品書店,UG55-58,OlympianCity3 UGF,34191035,"Mon - Fri: 11:00am - 09:00pmSat, Sun, PH: 10:30am - 09:30pm",,,5,"Books, Stationery & Education​​",Book;Gift;Stationery,2022-01-31
OlympianCity,Shopping,44,Eu Yan Sang,余仁生,122,OlympianCity2 1F,22734808,Mon - Sun: 10:00am - 08:30pm,,,4,Health Products & Personal Care​​,Chinese Medicine;Drug,2022-01-31
OlympianCity,Shopping,75,Eye Level Workshop,Eye Level Workshop,102B,OlympianCity1 1F,26255499,Mon - Fri: 10:00am - 07:00pmSat: 09:00am - 06:00pm,,,5,"Books, Stationery & Education​​",Education;Tutorial,2022-01-31
OlympianCity,Shopping,476,F&F Luxury,F&F Luxury,128E,OlympianCity2 1F,69786818,Mon - Sun: 11:00am - 08:00pm,,,13,Shoes & Bags​​,Fashion;Handbag;Wallet,2022-01-31
OlympianCity,Shopping,451,Family Shop,食家優惠店,UG10B,OlympianCity1 UGF,23332259,Mon - Sun: 11:00am - 09:00pm,,,8,"Department Stores, Supermarkets and Convenience Stores​​",Frozen Food;Snack,2022-01-31
OlympianCity,Shopping,45,FANCL,FANCL,UG16,OlympianCity2 UGF,36220898,Mon - Sun: 11:00am - 10:00pm,,,3,Beauty & Cosmetics​​,Cosmetics;Health Care;Skin Care;Slimming;Sun Care,2022-01-31
OlympianCity,Shopping,490,First Little Step,First Little Step,UG18,OlympianCity1 UGF,26969933,Mon - Sat: 09:00am - 06:00pmSun: 09:00am - 01:00pmPH: Closed,,,5,"Books, Stationery & Education​​",Education;Learning Centre,2022-01-31
OlympianCity,Shopping,336,FootBalance,FootBalance,UG35,OlympianCity3 UGF,60320086,Mon - Sun: 12:00pm - 09:00pm,,,14,Sportswear & Equipment​​,Foot Health,2022-01-31
OlympianCity,Shopping,6,"FORTRESS (UG05B, OC2)","豐澤 (UG05B, 二期)",UG05B,OlympianCity2 UGF,65003061,Mon - Sun: 11:00am - 09:00pm,,,1,Audio-Visual & Electrical Appliances,Electrical Appliances;Electronics;Home Appliances;Smartphone;TV,2022-01-31
OlympianCity,Shopping,3,"FORTRESS (UG06A, OC2)","豐澤 (UG06A, 二期)",UG06A,OlympianCity2 UGF,65003061,Mon - Sun: 11:00am - 09:00pm,,,1,Audio-Visual & Electrical Appliances,Electrical Appliances;Electronics;Home Appliances;Smartphone;TV,2022-01-31
OlympianCity,Shopping,220,FOTOMAX,快圖美,UG91,OlympianCity3 UGF,22734027,Mon - Sun: 10:30am - 07:30pm,,,10,Furniture & Lifestyle​​,Photo Printing;Photography,2022-01-31
OlympianCity,Shopping,219,Francfranc,Francfranc,G59-60,OlympianCity2 GF,26734388,Mon - Sun: 11:00am - 09:00pm,,,10,Furniture & Lifestyle​​,Furniture;Gift;Home Decoration;Kitchenware;Lifestyle,2022-01-31
OlympianCity,Shopping,194,G2000,G2000,UG08A,OlympianCity2 UGF,27156912,Mon - Sun: 12:00pm - 09:30pm,,,9,Fashion​​,Casual Wear;Clothing;Ladies’ Fashion;Men’s Fashion,2022-01-31
OlympianCity,Shopping,184,GIORDANO,佐丹奴,UG48,OlympianCity2 UGF,27969091,"Mon - Fri: 11:30am - 09:00pmSat, Sun: 11:00am - 09:30pm",,,9,Fashion​​,Casual Wear;Fashion;Kids' Fashion;Ladies’ Fashion;Men’s Fashion,2022-01-31
OlympianCity,Shopping,479,Giordano Ladies,Giordano Ladies,UG08B & C,OlympianCity2 UGF,27970291,Mon - Sun: 11:00am - 09:00pm,,,9,Fashion​​,Ladies’ Fashion,2022-01-31
OlympianCity,Shopping,179,Gitti,Gitti,UG02A,OlympianCity2 UGF,26607770,Mon - Sun: 10:30am - 09:00pm,,,9,Fashion​​,Fashion;Ladies’ Fashion,2022-01-31
OlympianCity,Shopping,448,Grand Victoria,維港匯,146,OlympianCity2 1F,,"Mon - Fri: 11:00am - 08:00pmSat, Sun, PH: 10:00am - 08:00pm",,,17,Others​​,Property;Real Estate,2022-01-31
OlympianCity,Shopping,113,Green dot dot,點點綠,UG K01,OlympianCity1 UGF,26255739,Mon - Sun: 10:00am - 09:00pm,,,4,Health Products & Personal Care​​,Health Care;Healthy Living,2022-01-31
OlympianCity,Shopping,76,"Greenery Music (1/F, OC1)","青苗琴行 (1/F, 一期)",109,OlympianCity1 1F,27404118,"Mon, Thu, Fri: 10:00am - 08:00pmTue: 10:00am - 09:00pmWed: 11:00am - 08:30pmSat: 09:00am - 08:00pmSun: 09:00am - 06:00pm",,,5,"Books, Stationery & Education​​",Interest;Music;Musical Instrument,2022-01-31
OlympianCity,Shopping,72,"Greenery Music (UG/F, OC1)","青苗琴行 (UG/F, 一期)",UG08,OlympianCity1 UGF,27404118,"Mon, Thu, Fri: 10:00am - 08:00pmTue: 10:00am - 09:00pmWed: 11:00am - 08:30pmSat: 09:00am - 08:00pmSun: 09:00am - 06:00pm",,,5,"Books, Stationery & Education​​",Interest;Learning Centre;Music;Musical Instrument,2022-01-31
OlympianCity,Shopping,435,"GU (G/F, OC2)","GU (G/F, OC2)",G11-15,OlympianCity2 GF,26090778,"Mon - Thu, Sun: 11:00am - 10:00pmFri, Sat, Day before PH: 11:00am - 11:00pm",,,9,Fashion​​,Casual Wear;Clothing;Fashion;Ladies’ Fashion;Men’s Fashion,2022-01-31
OlympianCity,Shopping,436,"GU (UG/F, OC2)","GU (UG/F, OC2)",UG19-20,OlympianCity2 UGF,26090778,"Mon - Thu, Sun: 11:00am - 10:00pmFri, Sat, Day before PH: 11:00am - 11:00pm",,,9,Fashion​​,Casual Wear;Clothing;Fashion;Ladies’ Fashion;Men’s Fashion,2022-01-31
OlympianCity,Shopping,15,Han Yin Hong,韓印紅,UG05,OlympianCity3 UGF,23203098,Mon - Sun: 10:30am - 08:30pm,,,4,Health Products & Personal Care​​,Healthy Living,2022-01-31
OlympianCity,Shopping,105,Health Aims,源生坊,UG36J,OlympianCity1 UGF,81009990,Mon - Sun: 11:00am - 09:00pm,,,4,Health Products & Personal Care​​,Health Care,2022-01-31
OlympianCity,Shopping,185,Her Own Words,Her Own Words,126AB,OlympianCity2 1F,23953380,Mon - Sun: 11:00am - 09:00pm,,,9,Fashion​​,Sleepwear;Underwear,2022-01-31
OlympianCity,Shopping,168,Hideyo,Hideyo,UG36,OlympianCity3 UGF,22460828,Mon - Sun: 12:00pm - 09:30pm,,,9,Fashion​​,Ladies’ Fashion,2022-01-31
OlympianCity,Shopping,1,HKEC,香港電業城,UG05C,OlympianCity2 UGF,21773828,"Mon - Sun, PH: 11:00am - 08:00pm",,,1,Audio-Visual & Electrical Appliances,Electrical Appliances;Home Appliances;Speaker;TV,2022-01-31
OlympianCity,Shopping,462,HKTVmall,HKTVmall,UG30-31,OlympianCity3 UGF,,Mon - Sun: 12:00pm - 09:00pm,,,8,"Department Stores, Supermarkets and Convenience Stores​​",Drink;Food;Supermarket,2022-01-31
OlympianCity,Shopping,453,HKWS,香港潔淨水,UG05A,OlympianCity2 UGF,55807546,Mon - Sun: 11:30am - 08:30pm,,,4,Health Products & Personal Care​​,Healthy Living,2022-01-31
OlympianCity,Shopping,61,HOLOS,新活方,UG95,OlympianCity3 UGF,21159953,Mon - Sun: 10:30am - 08:00pm,,,4,Health Products & Personal Care​​,Body Care;Healthy Living,2022-01-31
OlympianCity,Shopping,286,HONG KONG BROADBAND NETWORK,香港寬頻,120,OlympianCity2 1F,35662226,Mon - Sun: 11:00am - 08:00pm,,,15,Telecom​​,Broadband Network;Telecom,2022-01-31
OlympianCity,Shopping,249,"HONG KONG PROPERTY (G/F, OC1)","香港置業 (G/F, 一期)",G05,OlympianCity1 GF,29284888,Mon - Sun: 09:30am - 09:30pm,,,17,Others​​,Buying Property;Property;Real Estate;Renting Property,2022-01-31
OlympianCity,Shopping,341,"HONG KONG PROPERTY (UG/F, OC1)","香港置業 (UG/F, 一期)",UG40-42,OlympianCity1 UGF,23102121,Mon - Sun: 09:30am - 09:30pm,,,17,Others​​,Buying Property;Property;Real Estate;Renting Property,2022-01-31
OlympianCity,Shopping,354,i-Sense,i-Sense,UG46,OlympianCity3 UGF,26337088,Mon - Sun: 12:00pm - 08:00pm,,,1,Audio-Visual & Electrical Appliances,Electrical Appliances;Lifestyle,2022-01-31
OlympianCity,Shopping,46,ICHI HAIR,ICHI HAIR,UG02E,OlympianCity2 UGF,31658013,Mon - Sun: 10:30am - 08:30pm,,,4,Health Products & Personal Care​​,Hair Care;Hair Salon,2022-01-31
OlympianCity,Shopping,77,Infinity Learning,苗成長教室,102A,OlympianCity1 1F,26269720,Mon - Sat: 09:00am - 07:00pmSun: 09:00am - 02:00pm,,,5,"Books, Stationery & Education​​",Education;Tutorial,2022-01-31
OlympianCity,Shopping,19,INGRID MILLET PARIS,英格蜜兒,G17,OlympianCity3 GF,27701066,"Mon - Fri: 11:00am - 10:00pmSat, Sun, PH: 10:00am - 07:00pm",,,4,Health Products & Personal Care​​,Body Care;Facial;Massage;Skin Care;Slimming,2022-01-31
OlympianCity,Shopping,59,innisfree,innisfree,UG15,OlympianCity2 UGF,27585573,Mon - Sun: 11:00am - 09:00pm,,,3,Beauty & Cosmetics​​,Cosmetics;Skin Care;Sun Care,2022-01-31
OlympianCity,Shopping,398,INTIQUE,INTIQUE,UG23A,OlympianCity2 UGF,24394188,Mon - Sun: 11:00am - 10:00pm,,,9,Fashion​​,Clothing;Fashion;Ladies’ Fashion,2022-01-31
OlympianCity,Shopping,305,ITSU,御手の物,UG69A2,OlympianCity2 UGF,21522212,Mon - Sun: 10:00am - 10:00pm,,,4,Health Products & Personal Care​​,Healthy Living;Massager Chair,2022-01-31
OlympianCity,Shopping,213,Japan Home Centre,日本城,UG12,OlympianCity1 UGF,22714251,Mon - Sun: 09:00am - 10:00pm,,,10,Furniture & Lifestyle​​,Gadget;Home Appliances;Home Decoration;Houseware;Kitchenware,2022-01-31
OlympianCity,Shopping,471,Japan Ice-cream House,日本雪糕屋,UG15,OlympianCity3 UGF,23803356,Mon - Sun: 11:00am - 09:00pm,,,8,"Department Stores, Supermarkets and Convenience Stores​​",,2022-01-31
OlympianCity,Shopping,82,JOLLY KINGDOM,啟言英語,121,OlympianCity1 1F,23379891,Mon: 03:00pm - 07:00pmTue - Sat: 10:00am - 07:00pm,,,5,"Books, Stationery & Education​​",Education;English;Tutorial,2022-01-31
OlympianCity,Shopping,85,JUMPIN GYM U.S.A.,美國冒險樂園,115,OlympianCity1 1F,24652944,"Mon - Thu: 11:00am - 10:00pmFri, Sat: 10:30am - 10:30pmSun, PH: 10:30am - 10:00pm",,,6,Cinema & Entertainment​​,Entertainment;Family;Games;Indoor Amusement Park,2022-01-31
OlympianCity,Shopping,83,JUNIORVERSITY BY ABC GROUP,狀學堂,UG36AB,OlympianCity1 UGF,25055325/93100176,Mon - Sat: 10:00am - 07:00pmClosed on Sunday,,,5,"Books, Stationery & Education​​",Education;English;Tutorial,2022-01-31
OlympianCity,Shopping,16,Jurlique,Jurlique,UG58A,OlympianCity2 UGF,24948788,"Mon - Sun, PH: 11:00am - 08:00pm",,,3,Beauty & Cosmetics​​,Body Care;Skin Care,2022-01-31
OlympianCity,Shopping,356,Kenny Girl,Kenny Girl,UG16,OlympianCity3 UGF,27992108,Mon - Sun: 10:30am - 08:30pm,,,9,Fashion​​,Bag;Clothing;Fashion;Ladies’ Fashion;Shoes,2022-01-31
OlympianCity,Shopping,78,KUMON Olympian City Education Certre,公文式奧海城教育中心,103A-B,OlympianCity1 1F,22714774,"Mon, Thu, Fri: 10:00am - 07:00pmTue: 12:30pm - 07:00pmSat: 10:00am - 06:00pm",,,5,"Books, Stationery & Education​​",Education;Tutorial,2022-01-31
OlympianCity,Shopping,332,Lapis Healthcare Medical Centre (Olympian City),進賢醫務中心(奧海城),G25,OlympianCity3 GF,23890628,"Mon - Fri: 09:00am - 06:00pmSat, Sun, PH: 09:00am - 01:30pm",,,17,Others​​,Clinic;Health Care,2022-01-31
OlympianCity,Shopping,48,LEE HONG DRUGSTORE,利康中西藥房,137,OlympianCity2 1F,28772345,Mon - Sun: 09:30am - 09:00pm,,,4,Health Products & Personal Care​​,Chinese Medicine;Drug,2022-01-31
OlympianCity,Shopping,230,LENSCRAFTERS,亮視點,UG31,OlympianCity2 UGF,27404322,Mon - Sun: 11:00am - 08:30pm,,,11,"Jewellery, Watches, Optical & Accessories​​",Contact Lens;Optical;Sunglasses,2022-01-31
OlympianCity,Shopping,450,Life Kan,生活館,UG21-22,OlympianCity3 UGF,36203162,Mon - Sun: 11:00am - 08:00pm,,,10,Furniture & Lifestyle​​,Home Appliances;Houseware;Kitchenware,2022-01-31
OlympianCity,Shopping,117,Little Organic,有機兒,UG07,OlympianCity3 UGF,23871668,Mon - Sun: 10:30am - 08:30pm,,,8,"Department Stores, Supermarkets and Convenience Stores​​",,2022-01-31
OlympianCity,Shopping,79,Little Prince Learning Centre,小王子學習中心,122,OlympianCity1 1F,22734714,Mon - Sun: 09:30am - 07:00pm,,,5,"Books, Stationery & Education​​",Education;Tutorial,2022-01-31
OlympianCity,Shopping,225,MaBelle,瑪貝爾,UG60,OlympianCity2 UGF,22734648,Mon - Sun: 11:00am - 09:00pm,,,11,"Jewellery, Watches, Optical & Accessories​​",Accessories;Diamond;Luxury;Ring;Wedding,2022-01-31
OlympianCity,Shopping,329,MAISON BERGER PARIS,MAISON BERGER PARIS,Area M,OlympianCity2 1F,,Mon - Sun: 11:45am - 09:15pm,,,10,Furniture & Lifestyle​​,Aromatherapy,2022-01-31
OlympianCity,Shopping,250,Manco Employment Agency,文嘉僱傭,116,OlympianCity1 1F,26900400,Mon - Sun: 11:00am - 08:00pm,,,17,Others​​,Domestic Helper,2022-01-31
OlympianCity,Shopping,49,Mannings (OC1),萬寧 (一期),UG05,OlympianCity1 UGF,22714937,Mon - Sun: 10:00am - 10:00pm,,,4,Health Products & Personal Care​​,Body Care;Drug;Personal Care;Skin Care,2022-01-31
OlympianCity,Shopping,50,Mannings (OC2),萬寧 (二期),142-143,OlympianCity2 1F,22724972,Mon - Sun: 10:00am - 10:00pm,,,4,Health Products & Personal Care​​,Body Care;Drug;Personal Care;Skin Care,2022-01-31
OlympianCity,Shopping,274,MARATHON SPORTS,馬拉松,UG29,OlympianCity2 UGF,22734763,"Mon - Fri: 12:00pm - 09:00pmSat, Sun: 11:30am - 09:30pm",,,14,Sportswear & Equipment​​,Running;Sneakers;Sporting Goods;Sports Accessories,2022-01-31
OlympianCity,Shopping,89,MARKET PLACE by JASONS (OC1),MARKET PLACE by JASONS (一期),G02-03,OlympianCity1 GF,22724169,Mon - Sun: 08:00am - 10:00pm21-30Jan 08:00am-11:00pm ; 31Jan 08:00am-12:00am ; 01Feb 10:30am-08:30pm,,,8,"Department Stores, Supermarkets and Convenience Stores​​",Daily Necessities;Fresh Food;Grocery;Supermarket;Wine,2022-01-31
OlympianCity,Shopping,91,MARKET PLACE by JASONS (OC2),MARKET PLACE by JASONS (二期),G01 & 10,OlympianCity2 GF,23479395,Mon - Sun: 07:30am - 10:30pm14-30Jan 07:30am-11:00pm ; 31Jan 07:30am-12:00am ; 01Feb 10:30am-08:30pm,,,8,"Department Stores, Supermarkets and Convenience Stores​​",Daily Necessities;Fresh Food;Grocery;Supermarket;Wine,2022-01-31
OlympianCity,Shopping,88,MARKS & SPENCER,英國馬莎,G43,OlympianCity2 GF,29266920,Mon - Sun: 11:00am - 09:00pmFood Section : 09:00am-9:00pm,,,8,"Department Stores, Supermarkets and Convenience Stores​​",Department Store;Food;Kids' Fashion;Ladies’ Fashion;Men’s Fashion,2022-01-31
OlympianCity,Shopping,193,MARQUE,MARQUE,UG32B,OlympianCity2 UGF,26250188,Mon - Sun: 11:00am - 09:30pm,,,9,Fashion​​,Fashion;Ladies’ Fashion,2022-01-31
OlympianCity,Shopping,498,Maskology Living,Maskology Living,UG70B,OlympianCity2 UGF,26882900,Mon - Sun: 11:30am - 09:00pm,,,4,Health Products & Personal Care​​,Health Care;Healthy Living,2022-01-31
OlympianCity,Shopping,171,MASTINA,MASTINA,UG10A,OlympianCity2 UGF,27581877,Mon - Sun: 12:00pm - 08:30pm,,,9,Fashion​​,Fashion;Ladies’ Fashion,2022-01-31
OlympianCity,Shopping,69,MathConcept Learning Center,數學思維教室,UG36C-F,OlympianCity1 UGF,28652322,"Mon - Fri, Sun: 09:00am - 07:00pmSat: 09:00am - 06:00pmClosed on public holidays",,,5,"Books, Stationery & Education​​",Education;Mathematics;Tutorial,2022-01-31
OlympianCity,Shopping,51,Meka,美康,140,OlympianCity2 1F,22734472,Mon - Sun: 10:30am - 10:00pm,,,4,Health Products & Personal Care​​,Body Care;Skin Care,2022-01-31
OlympianCity,Shopping,309,"MIDLAND REALTY (1/F, OC1)","美聯物業 (1/F, 一期)",107,OlympianCity1 1F,29283313,Mon - Sun: 09:30am - 09:30pm,,,17,Others​​,Buying Property;Renting Property,2022-01-31
OlympianCity,Shopping,496,"MIDLAND REALTY (G/F,OC2 )","美聯物業 (G/F, 二期)",G73B,OlympianCity2 GF,28130066,Mon - Sun: 09:30am - 09:30pm,,,17,Others​​,Buying Property;Property;Renting Property,2022-01-31
OlympianCity,Shopping,170,miss Viola,miss Viola,UG10B,OlympianCity2 UGF,22734794,Mon - Sun: 11:30am - 08:30pm,,,9,Fashion​​,Fashion;Ladies’ Fashion,2022-01-31
OlympianCity,Shopping,420,Modern Parenting by Jakewell,Modern Parenting by Jakewell,UG28,OlympianCity2 UGF,28862809,Mon - Sun: 11:00am - 08:00pm,,,12,Kid's Wear & Toys​​,Baby Products;Kids' Fashion,2022-01-31
OlympianCity,Shopping,446,MONOS International,MONOS International,UG26,OlympianCity2 UGF,,Mon - Sun: 12:00pm - 09:00pm,,,12,Kid's Wear & Toys​​,Gift;Toy,2022-01-31
OlympianCity,Shopping,428,MORRIS,MORRIS,UG39,OlympianCity2 UGF,55963252,Mon - Sun: 11:30am - 08:30pm,,,10,Furniture & Lifestyle​​,Furniture;Sofa,2022-01-31
OlympianCity,Shopping,443,Moshi Ron,Moshi Ron,UG30,OlympianCity2 UGF,28360225,Mon - Sun: 11:30am - 09:30pm,,,9,Fashion​​,Accessories;Backpack;Casual Wear,2022-01-31
OlympianCity,Shopping,461,MUJI,無印良品,K01-10,OlympianCity2 GF,39713235,Mon - Sun: 10:30am - 10:00pmCafe & Meal MUJI : 10:30pm-10:00pm (Last Order 09:30pm),,,10,Furniture & Lifestyle​​,Clothing;Gift;Snack,2022-01-31
OlympianCity,Shopping,54,NAIL BEAUTY,NAIL BEAUTY,127A,OlympianCity2 1F,27404686,Mon - Sun: 11:00am - 09:30pm,,,4,Health Products & Personal Care​​,Nail Polish,2022-01-31
OlympianCity,Shopping,393,Natural Home,Natural Home,111,OlympianCity2 1F,29042638,Mon - Sun: 11:30am - 08:30pm,,,10,Furniture & Lifestyle​​,Bedding;Pillow,2022-01-31
OlympianCity,Shopping,306,NEAL'S YARD REMEDIES,NEAL'S YARD REMEDIES,G17,OlympianCity2 GF,21102075,Mon - Sun: 11:00am - 08:00pm,,,3,Beauty & Cosmetics​​,Healthy Living,2022-01-31
OlympianCity,Shopping,277,New Balance,New Balance,UG18,OlympianCity2 UGF,25063008,Mon - Sun: 11:30am - 08:30pm,,,14,Sportswear & Equipment​​,Running;Sneakers;Sport,2022-01-31
OlympianCity,Shopping,221,New Modern Vision,新時代眼鏡,UG07,OlympianCity1 UGF,26260081,Mon - Sun: 10:30am - 08:30pm,,,11,"Jewellery, Watches, Optical & Accessories​​",Contact Lens;Optical;Sunglasses,2022-01-31
OlympianCity,Shopping,280,NIKE,NIKE,G56-58,OlympianCity2 GF,24670896,"Mon - Fri: 12:00pm - 09:00pmSat, Sun, PH: 11:00am - 09:00pm",,,14,Sportswear & Equipment​​,Outdoor;Sportswear,2022-01-31
OlympianCity,Shopping,268,NO BRAND NO NAME,NO BRAND NO NAME,G63,OlympianCity2 GF,37934001,Mon - Sun: 12:00pm - 08:00pm,,,13,Shoes & Bags​​,Handbag;Wallet,2022-01-31
OlympianCity,Shopping,17,NONG'S,農本方,UG36K,OlympianCity1 UGF,26169966,Mon - Sat: 10:00am - 07:00pmSun: 10:00am - 02:00pmClosed on public holidays ; Mon-Sat (2:00pm-3:30pm break),,,4,Health Products & Personal Care​​,Chinese Medicine;Health Care;Healthy Living,2022-01-31
OlympianCity,Shopping,200,NU-KI,NU-KI,UG27,OlympianCity3 UGF,27117222,Mon - Sun: 11:00am - 09:00pm,,,9,Fashion​​,Fashion;Ladies’ Fashion,2022-01-31
OlympianCity,Shopping,430,OGAWA,OGAWA,UG65-68,OlympianCity2 UGF,23279418,Mon - Thu: 12:00pm - 09:00pmFri - Sun: 11:00am - 10:00pm,,,4,Health Products & Personal Care​​,Health Care;Healthy Living;Massager Chair,2022-01-31
OlympianCity,Shopping,62,Ohana by IL COLPO. hair,Ohana by IL COLPO. hair,127B,OlympianCity2 1F,31020888,Mon - Sun: 11:00am - 08:00pm,,,4,Health Products & Personal Care​​,Hair Care;Hair Salon,2022-01-31
OlympianCity,Shopping,13,Olympian Integrated Medical Centre,奧海綜合醫務中心,112,OlympianCity1 1F,23870078,"Mon, Tue, Thu - Sat: 09:00am - 08:30pmWed: 09:00am - 01:00pmClosed on Sun & Public Holidays ; Mon-Sun: 1:00pm -5:00pm break",,,17,Others​​,Clinic,2022-01-31
OlympianCity,Shopping,66,One Stop English,One Stop English,118-119,OlympianCity1 1F,22714377,"Mon, Wed, Thu: 09:00am - 08:30pmTue: 01:00pm - 08:30pmFri: 01:00pm - 09:00pmSat: 09:00am - 08:00pm",,,5,"Books, Stationery & Education​​",Education;English;Tutorial,2022-01-31
OlympianCity,Shopping,433,"Optical 88 , eGG Optical Boutique","Optical 88 , eGG Optical Boutique",UG19-20,OlympianCity3 UGF,27404132,Mon - Sun: 11:00am - 09:00pm,,,11,"Jewellery, Watches, Optical & Accessories​​",Contact Lens;Optical;Sunglasses,2022-01-31
OlympianCity,Shopping,267,ORiental TRaffic,ORiental TRaffic,UG63A,OlympianCity2 UGF,26964988,"Mon - Sun, PH: 11:30am - 09:30pm",,,13,Shoes & Bags​​,Flats;High-heels;Ladies’ Fashion;Shoes,2022-01-31
OlympianCity,Shopping,14,OSIM,OSIM,UG03A,OlympianCity2 UGF,22734406,Mon - Sun: 11:00am - 10:00pm,,,4,Health Products & Personal Care​​,Healthy Living;Massager Chair,2022-01-31
OlympianCity,Shopping,480,Owell,Owell,UG05D,OlympianCity2 UGF,23886358,Mon - Sun: 11:30am - 08:30pm,,,4,Health Products & Personal Care​​,Healthy Living,2022-01-31
OlympianCity,Shopping,422,OWNDAYS,OWNDAYS,UG07A,OlympianCity2 UGF,27687133,Mon - Sun: 11:30am - 08:30pm,,,11,"Jewellery, Watches, Optical & Accessories​​",Optical;Sunglasses,2022-01-31
OlympianCity,Shopping,327,Pe:tite,Pe:tite,UG08F,OlympianCity2 UGF,27499022,Mon - Sun: 11:30am - 09:30pm,,,9,Fashion​​,Fashion;Ladies’ Fashion,2022-01-31
OlympianCity,Shopping,223,PERPETUAL WATCHES,永恆錶行,UG51,OlympianCity3 UGF,21041111,Mon - Sun: 12:00pm - 09:00pm,,,11,"Jewellery, Watches, Optical & Accessories​​",Timepieces;Watch,2022-01-31
OlympianCity,Shopping,215,Pet Line,Pet Line,UG03,OlympianCity3 UGF,26239633,Mon - Sun: 10:30am - 09:00pm,,,10,Furniture & Lifestyle​​,Pet Supplies,2022-01-31
OlympianCity,Shopping,67,Pianoplace,琴軒,108,OlympianCity1 1F,22724404,Mon - Sun: 12:00pm - 09:00pm,,,5,"Books, Stationery & Education​​",Interest;Learning Centre;Music,2022-01-31
OlympianCity,Shopping,357,PLEASANT CARE EMPLOYMENT AGENCY,康悅僱傭公司,102C,OlympianCity1 1F,91232766/22714600/22724500,Mon - Sun: 10:00am - 08:00pm,,,17,Others​​,Maid Employment,2022-01-31
OlympianCity,Shopping,449,POP MART,POP MART,Area N,OlympianCity2 GF,,,,,12,Kid's Wear & Toys​​,,2022-01-31
OlympianCity,Shopping,419,Premier Food,尚品,UG08,OlympianCity3 UGF,91385547,Mon - Sun: 10:00am - 08:00pm,,,8,"Department Stores, Supermarkets and Convenience Stores​​",,2022-01-31
OlympianCity,Shopping,22,Pretty House Beauty Centre,儷凝美聚,G55,OlympianCity2 GF,29157880,Mon - Fri: 10:30am - 10:00pmSat: 10:00am - 09:00pmSun: 10:00am - 08:00pm,,,4,Health Products & Personal Care​​,Facial;Massage;Skin Care;Slimming,2022-01-31
OlympianCity,Shopping,401,PRIME DENTAL,皓潔牙科,126D2&E,OlympianCity2 1F,31623605,Mon - Sun: 10:30am - 07:30pmPublic Hoildays : By Appointment only,,,17,Others​​,Clinic,2022-01-31
OlympianCity,Shopping,455,Primeval Organic,Primeval Organic,UG49,OlympianCity2 UGF,59177813,Mon - Sun: 11:00am - 08:00pm,,,12,Kid's Wear & Toys​​,Kids' Fashion,2022-01-31
OlympianCity,Shopping,23,Pure Color,Pure Color,UG89,OlympianCity3 UGF,21714100,Mon - Sun: 10:30am - 08:30pm,,,4,Health Products & Personal Care​​,Hair Care,2022-01-31
OlympianCity,Shopping,24,QB HOUSE,QB HOUSE,UG52,OlympianCity3 UGF,23593300,Mon - Sun: 10:00am - 08:30pmReception end : 08:15pm,,,4,Health Products & Personal Care​​,Hair Care;Hair Salon,2022-01-31
OlympianCity,Shopping,494,Rainbow Creative Arts,Rainbow Creative Arts,UG100B,OlympianCity3 UGF,26683106/91514934,Mon - Fri: 10:00am - 07:00pmSat: 09:00am - 06:00pmSun: 09:00am - 02:00pm,,,5,"Books, Stationery & Education​​",Art;Education,2022-01-31
OlympianCity,Shopping,207,rapee-LIVING,斗室,UG66,OlympianCity3 UGF,26983006,Mon - Sun: 11:30am - 08:30pm,,,10,Furniture & Lifestyle​​,Aromatherapy;Bedding;Home Decoration;Lifestyle;Pillow,2022-01-31
OlympianCity,Shopping,463,Rebecca,Rebecca,UG41,OlympianCity3 UGF,31044536,Mon - Sun: 11:00am - 08:00pm,,,9,Fashion​​,Ladies’ Fashion,2022-01-31
OlympianCity,Shopping,254,"Ricacorp Properties (G/F, OC1)","利嘉閣地產 (G/F, 一期)",G07,OlympianCity1 GF,22074925/23850305,Mon - Sun: 09:30am - 09:30pm,,,17,Others​​,Buying Property;Real Estate;Renting Property,2022-01-31
OlympianCity,Shopping,253,"Ricacorp Properties (G/F, OC1)","利嘉閣地產 (G/F, 一期)",G01B,OlympianCity1 GF,22714991,Mon - Sun: 09:30am - 09:30pm,,,17,Others​​,Buying Property;Real Estate;Renting Property,2022-01-31
OlympianCity,Shopping,360,"Ricacorp Properties (G/F, OC2)","利嘉閣地產 (G/F, 二期)",G75,OlympianCity2 GF,26348111/23679298,Mon - Sun: 09:30am - 09:30pm,,,17,Others​​,Buying Property;Property;Real Estate;Renting Property,2022-01-31
OlympianCity,Shopping,175,ROYAL FASHION,絲綢坊,UG47,OlympianCity3 UGF,28327989,Mon - Sun: 11:00am - 09:00pm,,,9,Fashion​​,Accessories;Ladies’ Fashion,2022-01-31
OlympianCity,Shopping,359,ROYAL GREEN,ROYAL GREEN,UG25,OlympianCity2 UGF,31628488,Mon - Sun: 11:30am - 08:30pm,,,9,Fashion​​,Clothing;Fashion;Men’s Fashion,2022-01-31
OlympianCity,Shopping,492,Sanrio Gift Gate,Sanrio Gift Gate,UG36,OlympianCity2 UGF,23230912,Mon - Sun: 11:00am - 09:00pm,,,12,Kid's Wear & Toys​​,Gift;Toy,2022-01-31
OlympianCity,Shopping,28,SaSa,莎莎,UG11,OlympianCity2 UGF,22860200,Mon - Sun: 10:30am - 08:30pm,,,3,Beauty & Cosmetics​​,Cosmetics;Fragrance;Skin Care;Sun Care,2022-01-31
OlympianCity,Shopping,29,SASSY HAIR,適時廊,129,OlympianCity2 1F,22714918,"Mon - Sat: 10:30am - 08:30pmSun, PH: 10:30am - 08:00pm",,,4,Health Products & Personal Care​​,Hair Care;Hair Salon,2022-01-31
OlympianCity,Shopping,487,School of Creativity,創意學堂,UG29,OlympianCity1 UGF,22714100,Tue: 02:30pm - 07:30pmWed - Fri: 12:00pm - 07:30pmSat: 09:00am - 07:00pmSun: 09:00am - 06:00pmClosed on Monday,,,5,"Books, Stationery & Education​​",Education;Interest,2022-01-31
OlympianCity,Shopping,70,SDM Jazz & Ballet Academie,SDM 爵士芭蕾舞學院,G03,OlympianCity3 GF,37505609,"Mon, Fri: 11:15am - 08:15pmTue - Thu: 10:00am - 08:00pmSat: 09:00am - 07:00pmSun: 09:30am - 04:00pm",,,5,"Books, Stationery & Education​​",Ballet;Interest;Jazz;Learning Centre,2022-01-31
OlympianCity,Shopping,165,Shero,Shero,128J,OlympianCity2 1F,39043833,Mon - Sun: 11:00am - 08:30pm,,,9,Fashion​​,Ladies’ Fashion,2022-01-31
OlympianCity,Shopping,459,Simply,Simply,UG42,OlympianCity3 UGF,,Mon - Sun: 11:00am - 09:00pm,,,9,Fashion​​,Ladies’ Fashion,2022-01-31
OlympianCity,Shopping,209,SINOMAX,SINOMAX,115,OlympianCity2 1F,22734026,"Mon - Sun, PH: 11:00am - 08:00pm",,,10,Furniture & Lifestyle​​,Bedding;Mattress;Pillow,2022-01-31
OlympianCity,Shopping,271,SKECHERS,SKECHERS,UG22,OlympianCity2 UGF,24277387,Mon - Sun: 10:00am - 10:00pm,,,14,Sportswear & Equipment​​,Hiking;Running;Sneakers;Sport,2022-01-31
OlympianCity,Shopping,30,"Slim Beauty (UG01, OC1)","詩琳美容 (UG01, 一期)",UG01,OlympianCity1 UGF,28680848,"Mon - Fri: 10:30am - 09:30pmSat: 09:30am - 06:30pmSun, PH: 10:00am - 06:30pm",,,4,Health Products & Personal Care​​,Facial;Skin Care;Slimming,2022-01-31
OlympianCity,Shopping,31,"Slim Beauty (UG37&38, OC1)","詩琳美容 (UG37&38, 一期)",UG37 & 38,OlympianCity1 UGF,22973328,"Mon - Fri: 10:30am - 09:30pmSat: 09:30am - 06:30pmSun, PH: 10:00am - 06:30pm",,,4,Health Products & Personal Care​​,Facial;Skin Care;Slimming,2022-01-31
OlympianCity,Shopping,266,STACCATO,STACCATO,UG62C,OlympianCity2 UGF,27404750,Mon - Sun: 12:00pm - 09:00pm,,,13,Shoes & Bags​​,Ladies’ Fashion;Leather Shoes;Shoes,2022-01-31
OlympianCity,Shopping,176,STAGE OF PLAYLORD,STAGE OF PLAYLORD,UG61B,OlympianCity2 UGF,27404257,Mon - Sun: 11:30am - 09:30pm,,,9,Fashion​​,Ladies’ Fashion,2022-01-31
OlympianCity,Shopping,8,Standard Chartered Bank,渣打銀行,135-136,OlympianCity2 1F,39283422,Mon - Fri: 09:00am - 05:00pmSat: 09:00am - 01:00pmFrom 17-31Jan : Mon-Fri 10:00am-05:00pm ; Sat 10:00am-13:00nn until further notice,,,2,Banking Services,ATM;Bank,2022-01-31
OlympianCity,Shopping,491,Stay Healthy,Stay Healthy,121,OlympianCity2 1F,,Mon - Sun: 11:30am - 08:30pm,,,4,Health Products & Personal Care​​,Healthy Living;Supplements,2022-01-31
OlympianCity,Shopping,64,swiss line,swiss line,UG61A,OlympianCity2 UGF,39778584,"Mon - Fri: 11:00am - 08:00pmSat, Sun, PH: 10:00am - 08:00pm",,,3,Beauty & Cosmetics​​,Body Care;Skin Care,2022-01-31
OlympianCity,Shopping,285,Telecom Digital and SUN MOBILE,電訊數碼,UG71,OlympianCity2 UGF,29500606,Mon - Sun: 11:00am - 09:00pm,,,15,Telecom​​,Telecom,2022-01-31
OlympianCity,Shopping,38,The Body Shop,The Body Shop,G20,OlympianCity2 GF,27404681,"Mon - Thu: 11:30am - 08:00pmFri: 11:30am - 09:00pmSat, Sun, PH: 11:00am - 09:00pm",,,3,Beauty & Cosmetics​​,Body Care;Skin Care,2022-01-31
OlympianCity,Shopping,397,THE KORNER HONG KONG,THE KORNER HONG KONG,UG35,OlympianCity2 UGF,56181266,Mon - Sun: 11:30am - 10:00pm,,,13,Shoes & Bags​​,Shoes,2022-01-31
OlympianCity,Shopping,84,the sky,the sky,101-102,OlympianCity2 1F,23593166,Mon - Sun: 10:00am - 10:00pmTemporary closure from 07Jan-03Feb,,,6,Cinema & Entertainment​​,3D Movie;Entertainment;Hotdog;Movie;Popcorn,2022-01-31
OlympianCity,Shopping,166,THE STYLE,THE STYLE,UG39,OlympianCity3 UGF,27932886,Mon - Sun: 11:00am - 08:00pm,,,9,Fashion​​,Ladies’ Fashion,2022-01-31
OlympianCity,Shopping,71,Tom Lee Music,通利琴行,G02,OlympianCity3 GF,28865038,Mon - Sun: 11:00am - 08:00pm,,,5,"Books, Stationery & Education​​",Book;Interest;Learning Centre;Music;Musical Instrument,2022-01-31
OlympianCity,Shopping,367,TONYMOLY,TONYMOLY,UG26,OlympianCity3 UGF,21043408,Mon - Sun: 10:30am - 09:00pm,,,3,Beauty & Cosmetics​​,Beauty;Body Care;Cosmetics;Personal Care;Skin Care,2022-01-31
OlympianCity,Shopping,338,Toyeki,玩具站,UG69A1,OlympianCity2 UGF,31820151,Mon - Sun: 11:00am - 09:00pm,,,12,Kid's Wear & Toys​​,Toy,2022-01-31
OlympianCity,Shopping,238,"Toys""R""Us","玩具""反""斗城",G01,OlympianCity3 GF,28843268,"Mon - Fri: 12:00pm - 08:30pmSat, Sun, PH: 11:30am - 08:30pm",,,12,Kid's Wear & Toys​​,Baby Products;Family;Game;Gift;Toy,2022-01-31
OlympianCity,Shopping,366,TREE HOUSE,TREE HOUSE,G51,OlympianCity2 GF,59775330,Mon - Sun: 12:00pm - 09:00pm,,,10,Furniture & Lifestyle​​,Gift;Lifestyle,2022-01-31
OlympianCity,Shopping,188,Triumph,黛安芬,128G-H,OlympianCity2 1F,22734983,Mon - Sun: 11:00am - 09:00pm,,,9,Fashion​​,Sleepwear;Underwear,2022-01-31
OlympianCity,Shopping,224,TSL,謝瑞麟,UG58B -59,OlympianCity2 UGF,22670795,Mon - Sun: 11:00am - 08:30pm,,,11,"Jewellery, Watches, Optical & Accessories​​",Diamond;Gift;Gold;Luxury;Wedding,2022-01-31
OlympianCity,Shopping,63,TUNG FONG HUNG,東方紅,141,OlympianCity2 1F,23631957,Mon - Sun: 10:00am - 08:00pm,,,4,Health Products & Personal Care​​,Chinese Medicine;Drug,2022-01-31
OlympianCity,Shopping,343,UNDER ARMOUR,UNDER ARMOUR,G61-62AB,OlympianCity2 GF,31040068,Mon - Sun: 11:00am - 08:00pm,,,14,Sportswear & Equipment​​,Sports Accessories;Sportswear,2022-01-31
OlympianCity,Shopping,178,UNIQLO,UNIQLO,UG40-43,OlympianCity2 UGF,22724977,Mon - Sun: 10:00am - 10:00pm,,,9,Fashion​​,Casual Wear;Fashion;Kids' Fashion;Ladies’ Fashion;Men’s Fashion,2022-01-31
OlympianCity,Shopping,33,VITA GREEN,維特健靈,UG09,OlympianCity3 UGF,26772388,Mon - Sun: 10:00am - 09:00pm,,,4,Health Products & Personal Care​​,Health Care,2022-01-31
OlympianCity,Shopping,34,WAI YUEN TONG,位元堂,139,OlympianCity2 1F,27404128,Mon - Sun: 09:30am - 08:00pm,,,4,Health Products & Personal Care​​,Chinese Medicine;Health Care,2022-01-31
OlympianCity,Shopping,247,WATERFALL SPORTS & WELLNESS,WATERFALL SPORTS & WELLNESS,201,OlympianCity1 2F,22714001,Mon - Sun: 07:00am - 11:00pm,,,4,Health Products & Personal Care​​,Healthy Living,2022-01-31
OlympianCity,Shopping,35,watsons,屈臣氏,108,OlympianCity2 1F,27404217,Mon - Sun: 10:00am - 10:00pm,,,4,Health Products & Personal Care​​,Body Care;Drug;Personal Care;Skin Care,2022-01-31
OlympianCity,Shopping,396,Wellsoon Chinese Medicine Clinic,和順堂中醫診所 -名醫．名藥-,126D1,OlympianCity2 1F,39529844,Mon - Sun: 10:00am - 09:00pm,,,4,Health Products & Personal Care​​,Chinese Medicine;Clinic;Health Care,2022-01-31
OlympianCity,Shopping,73,Wu Yeung Fine Art Academy,胡洋畫室,105B,OlympianCity1 1F,97789537,"Mon, Wed, Thu: 03:00pm - 07:00pmSat: 09:30am - 06:00pm",,,5,"Books, Stationery & Education​​",Art;Drawing;Interest;Learning Centre,2022-01-31
OlympianCity,Dining,128,A Nice Gift,賞茶,G07,OlympianCity2 GF,34682996,Mon - Sun: 11:30am - 09:30pm,,,7,Confectionery & Deli,Bubble Tea;Drink;Fruit Tea;Green Tea;Tea,2022-01-31
OlympianCity,Dining,115,arome Bakery,東海堂,UG30-31,OlympianCity1 UGF,22714969,"Mon - Fri: 07:30am - 09:00pmSat, Sun, PH: 07:30am - 08:30pm",,,20,Café & Dessert,Bakery;Bread;Cake;Dessert,2022-01-31
OlympianCity,Dining,481,Asam Chicken Rice,亞參雞飯,UG19-21,OlympianCity1 UGF,23633811,Mon - Sun: 11:30am - 09:30pm,,,18,Asian Cuisine,Hainanese Chicken Rice;Noodles,2022-01-31
OlympianCity,Dining,148,BEP Vietnamese Kitchen,BEP Vietnamese Kitchen,G70,OlympianCity2 GF,23853777,Mon - Sun: 12:00pm - 09:30pm,,,18,Asian Cuisine,Vietnamese Restaurant,2022-01-31
OlympianCity,Dining,395,BLACK SUGAR COFFEE,BLACK SUGAR COFFEE,G16,OlympianCity2 GF,31628229,"Mon - Fri: 08:00am - 08:00pmSat, Sun, PH: 09:00am - 08:00pm",,,20,Café & Dessert,Café;Cake;Coffee,2022-01-31
OlympianCity,Dining,101,Cafe Hunan,書湘門第,UG27 & 28,OlympianCity1 UGF,27062978,Mon - Sun: 11:30am - 10:00pm4:30pm-5:30pm Break,,,19,Chinese Cuisine,Chinese Restaurant,2022-01-31
OlympianCity,Dining,154,CAFÉ DE CORAL,大家樂,UG26&35,OlympianCity1 UGF,22714165,Mon - Sun: 07:00am - 09:30pm,,,18,Asian Cuisine,Breakfast;Fast Food,2022-01-31
OlympianCity,Dining,103,Charlie's Chili Kitchen,十二味麻辣小當家,G28,OlympianCity3 GF,51219526,Mon - Sun: 11:30am - 10:30pmLast order : 10:00pm,,,19,Chinese Cuisine,Noodles,2022-01-31
OlympianCity,Dining,125,Chateraise,Chateraise,G08,OlympianCity2 GF,23162879,Mon - Sun: 11:00am - 10:00pm,,,7,Confectionery & Deli,Bakery;Bread;Cake,2022-01-31
OlympianCity,Dining,407,CINNABON,CINNABON,G06,OlympianCity2 GF,29559828,Mon - Sun: 11:00am - 09:00pm,,,7,Confectionery & Deli,Bakery;Drink,2022-01-31
OlympianCity,Dining,161,Cocina 3 Tapas Restaurant & Bar,Cocina 3 Tapas Restaurant & Bar,G22,OlympianCity3 GF,23622313,Mon - Sun: 12:00pm - 10:00pm,,,21,Western Cuisine,,2022-01-31
OlympianCity,Dining,466,Cookat Market,Cookat Market,UG10-11,OlympianCity3 UGF,37515890,Mon - Sun: 11:30am - 08:30pm,,,7,Confectionery & Deli,Bakery;Food,2022-01-31
OlympianCity,Dining,482,FIVE GUYS,FIVE GUYS,UG03,OlympianCity2 UGF,36160492,Mon - Sun: 11:00am - 10:00pm,,,21,Western Cuisine,American Restaurant;Burger;Fries;Hotdog;Sandwich,2022-01-31
OlympianCity,Dining,147,food republic,大食代,103,OlympianCity2 1F,27713315,Mon - Sun: 11:00am - 09:30pmToast Box : opening 8:00am,,,18,Asian Cuisine,Breakfast;Food Court,2022-01-31
OlympianCity,Dining,137,GENKI SUSHI,元気寿司,107,OlympianCity2 1F,27404729,"Mon - Sun, PH: 11:30am - 10:00pm",,,18,Asian Cuisine,Japanese Restaurant;Sake;Sashimi;Sushi;Udon,2022-01-31
OlympianCity,Dining,133,George Coffee,George Coffee,UG71-73,OlympianCity3 UGF,36210207,"Mon - Fri: 08:00am - 07:00pmSat, Sun: 09:00am - 07:00pm",,,20,Café & Dessert,Bakery;Coffee,2022-01-31
OlympianCity,Dining,116,GODIVA,GODIVA,Area A,OlympianCity2 UGF,34682441,Mon - Sun: 10:00am - 09:00pm,,,7,Confectionery & Deli,Dessert,2022-01-31
OlympianCity,Dining,120,Green Sun Garden,綠日堂,UG49,OlympianCity3 UGF,26900688,Mon - Sun: 11:00am - 09:00pm,,,7,Confectionery & Deli,Snack,2022-01-31
OlympianCity,Dining,145,Gyu-Kaku & Mou Mou Club,牛角及牛涮鍋,128A,OlympianCity2 1F,27028128/27028268,Mon - Sun: 12:00pm - 11:00pm,,,18,Asian Cuisine,Robatayaki;Shabu Shabu,2022-01-31
OlympianCity,Dining,159,HABITU table,HABITU table,G68-69,OlympianCity2 GF,23204688,"Mon - Fri: 11:00am - 09:00pmSat, Sun: 10:00am - 09:00pm",,,21,Western Cuisine,,2022-01-31
OlympianCity,Dining,131,hana-musubi,華御結,UG K02,OlympianCity1 UGF,25093699,Mon - Sun: 07:30am - 09:30pm,,,7,Confectionery & Deli,Drink;Food;Snack,2022-01-31
OlympianCity,Dining,478,Hazukido,八月堂,UG17,OlympianCity2 UGF,23238239,"Mon - Fri: 08:00am - 09:00pmSat, Sun: 11:00am - 09:00pm",,,20,Café & Dessert,All Day Breakfast;Bread;Coffee;Drink,2022-01-31
OlympianCity,Dining,130,HONG KONG TEA HOUSE,香江茶園,G02,OlympianCity2 GF,27404192,Mon - Sun: 10:30am - 09:30pm,,,7,Confectionery & Deli,Tea,2022-01-31
OlympianCity,Dining,311,Hua Xian Mu Lan,花羨沐嵐,UG77,OlympianCity2 UGF,34808366,"Mon - Fri: 11:30am - 10:00pmSat, Sun: 12:15pm - 10:00pm",,,7,Confectionery & Deli,Drink,2022-01-31
OlympianCity,Dining,118,Hung Fook Tong,鴻福堂,UG101,OlympianCity3 UGF,24364838,"Mon - Fri: 10:00am - 10:00pmSat, Sun, PH: 10:00am - 09:00pm",,,7,Confectionery & Deli,Herbal Tea,2022-01-31
OlympianCity,Dining,427,Imperial Patisserie,香港皇玥,UG48,OlympianCity3 UGF,23616818,Mon - Sun: 11:00am - 08:30pm,,,7,Confectionery & Deli,Bakery;Celebration,2022-01-31
OlympianCity,Dining,149,IPPUDO,一風堂,106,OlympianCity2 1F,25268900,"Mon - Sun, PH: 11:30am - 10:00pm",,,18,Asian Cuisine,Japanese Restaurant;Ramen;Udon,2022-01-31
OlympianCity,Dining,136,Itacho Sushi,板長壽司,G23,OlympianCity3 GF,27933822,"Mon - Sun, PH: 11:30am - 10:00pmLast order : 9:30pm",,,18,Asian Cuisine,Japanese Restaurant;Sake;Sashimi;Sushi;Udon,2022-01-31
OlympianCity,Dining,394,KFC,肯德基,G38-39,OlympianCity2 GF,29401866,Mon - Sun: 08:00am - 10:00pm,,,21,Western Cuisine,Drink;Fast Food;Fries,2022-01-31
OlympianCity,Dining,218,KING'S WINE CELLAR,帝醇酒莊,UG02B,OlympianCity2 UGF,23878226,Mon - Sun: 11:00am - 08:00pm,,,7,Confectionery & Deli,Wine,2022-01-31
OlympianCity,Dining,157,Kinson Burger & Bar,Kinson Burger & Bar,G27,OlympianCity3 GF,23319199,Mon - Sun: 10:00am - 10:00pm,,,21,Western Cuisine,Bar;Burger,2022-01-31
OlympianCity,Dining,399,Law Mark Kee,羅麥記,128B,OlympianCity2 1F,28156889,Mon - Sun: 08:00am - 10:00pmLast order : 09:15pm,,,18,Asian Cuisine,Breakfast;Fast Food;Milk Tea;Soup,2022-01-31
OlympianCity,Dining,139,La’taste Vietnamese Cuisine,品越,G30,OlympianCity3 GF,28682511,"Mon - Sun, PH: 11:00am - 09:00pm5:00pm-6:00pm Break  (last order 8:20pm)",,,18,Asian Cuisine,Vietnamese Restaurant,2022-01-31
OlympianCity,Dining,123,LUNA CAKE,LUNA CAKE,G05,OlympianCity2 GF,25630818,Mon - Sun: 12:00pm - 08:00pm,,,7,Confectionery & Deli,Cake,2022-01-31
OlympianCity,Dining,114,Maxim's Cakes,美心西餅,UG70,OlympianCity3 UGF,23506255,Mon - Sun: 08:00am - 08:00pm,,,7,Confectionery & Deli,Bakery;Bread;Cake;Food,2022-01-31
OlympianCity,Dining,156,McDonald's,麥當勞,G40-42,OlympianCity2 GF,27404145,Mon - Sun: 06:30am - 11:00pm,,,21,Western Cuisine,American Restaurant;Burger;Fast Food;Fries,2022-01-31
OlympianCity,Dining,408,Men Wah Bing Teng,敏華冰廳,UG22,OlympianCity1 UGF,26359633,Mon - Sun: 07:00am - 09:30pm,,,18,Asian Cuisine,Breakfast;Fast Food;Milk Tea;Noodles,2022-01-31
OlympianCity,Dining,441,Mishiroya by Hopcheong Yeekee,三代家,G03,OlympianCity2 GF,90691691,Mon - Sun: 11:00am - 09:30pm,,,7,Confectionery & Deli,Food,2022-01-31
OlympianCity,Dining,98,Modern China Restaurant,金滿庭京川滬菜館,UG06B,OlympianCity2 UGF,29101000,Mon - Sun: 11:45am - 10:00pm4:30pm - 5:45pm Break,,,19,Chinese Cuisine,Cantonese Restaurant;Dim Sum,2022-01-31
OlympianCity,Dining,363,Modern Shanghai,家上海,G19-21,OlympianCity3 GF,28692228,Mon - Sun: 11:30am - 10:00pm5:00pm-5:30pm Break (last order 4:30pm & 09:30pm),,,19,Chinese Cuisine,Chinese Restaurant;Dessert;Dumpling;Noodles,2022-01-31
OlympianCity,Dining,362,MOMIJI-CHAYA,紅葉茶屋,G36-37,OlympianCity2 GF,29953035,Mon - Sun: 11:30am - 09:30pm,,,18,Asian Cuisine,Dessert;Japanese Restaurant;Ramen;Udon,2022-01-31
OlympianCity,Dining,342,MOS Cafe,MOS Cafe,UG23&25,OlympianCity1 UGF,29972879,Mon - Sun: 08:00am - 10:00pm,,,18,Asian Cuisine,Burger;Fast Food;Fried Chicken;Fries;Japanese Restaurant,2022-01-31
OlympianCity,Dining,150,Oliver's SUPER SANDWICHES,利華超級三文治,UG06,OlympianCity1 UGF,22724220,"Mon - Sat: 07:30am - 08:30pmSun, PH: 08:00am - 08:30pm",,,21,Western Cuisine,Breakfast;Burger;Sandwich,2022-01-31
OlympianCity,Dining,162,OUTBACK STEAKHOUSE,OUTBACK STEAKHOUSE,G76-G77,OlympianCity2 GF,21570668,Mon - Sun: 11:30am - 10:00pm,,,21,Western Cuisine,Steak;Western Restaurant,2022-01-31
OlympianCity,Dining,369,Panash,Panash,UG52A,OlympianCity2 UGF,22467831,Mon - Sun: 08:30am - 09:00pm,,,7,Confectionery & Deli,Bread;Sandwich,2022-01-31
OlympianCity,Dining,93,PARADISE CLASSIC,樂天經典,UG09,OlympianCity2 UGF,21770760,Mon - Thu: 11:30am - 10:00pmFri - Sun: 11:30am - 09:30pm,,,19,Chinese Cuisine,,2022-01-31
OlympianCity,Dining,402,Phat PaPa,泰爸爸,G26,OlympianCity3 GF,28388255,Mon - Sun: 11:30am - 10:00pm,,,18,Asian Cuisine,Thai Restaurant,2022-01-31
OlympianCity,Dining,368,PizzaExpress,PizzaExpress,G18,OlympianCity3 GF,31641312,"Mon - Fri: 11:00am - 10:00pmSat, Sun, PH: 08:00am - 10:00pmlast order 09:15pm",,,21,Western Cuisine,Fast Food;Pasta;Pizza;Salad;Western Restaurant,2022-01-31
OlympianCity,Dining,160,PRET A MANGER,PRET A MANGER,UG38,OlympianCity2 UGF,25412511,Mon - Sun: 07:30am - 08:30pm25 Dec - 27 Dec / 1 Jan - 2 Jan : 8:00am-7:30pm,,,20,Café & Dessert,Bakery;Breakfast;Coffee;Juice;Sandwich,2022-01-31
OlympianCity,Dining,208,RED WINE VILLAGE,紅酒村,118,OlympianCity2 1F,28663003,Mon - Sun: 11:00am - 08:30pm,,,7,Confectionery & Deli,Wine,2022-01-31
OlympianCity,Dining,417,Ryoyu Bakery Studio,糧友パン工房,UG32-33,OlympianCity3 UGF,23351238,Mon - Sun: 07:30am - 09:00pm,,,7,Confectionery & Deli,Bakery;Bread;Cake;Dessert,2022-01-31
OlympianCity,Dining,109,Saint Honore Cake Shop,聖安娜餅屋,UGK03,OlympianCity1 UGF,22714062,"Mon - Sat: 07:30am - 09:00pmSun, PH: 08:00am - 09:00pm",,,7,Confectionery & Deli,Bakery,2022-01-31
OlympianCity,Dining,108,Shanghai Food,上海么鳳,UG03,OlympianCity1 UGF,22714200,Mon - Sun: 11:00am - 09:00pm,,,7,Confectionery & Deli,Snack,2022-01-31
OlympianCity,Dining,96,Star of Canton Restaurant,利寶閣酒家,UG01,OlympianCity2 UGF,25770888,"Mon - Fri: 11:00am - 10:30pmSat, Sun, PH: 09:00am - 10:30pm",,,19,Chinese Cuisine,Cantonese Restaurant;Chinese Restaurant;Dim Sum,2022-01-31
OlympianCity,Dining,119,STARBUCKS COFFEE,星巴克,UG37,OlympianCity2 UGF,25619592,"Mon - Fri: 07:00am - 10:00pmSat, Sun, PH: 08:00am - 10:00pm",,,20,Café & Dessert,Cake;Coffee,2022-01-31
OlympianCity,Dining,110,Tai Kok Tsui Mrs Mc,大角咀麥太,UG11,OlympianCity1 UGF,22724555,Mon - Sun: 12:00pm - 10:30pmTentatively open until 09:30pm,,,20,Café & Dessert,,2022-01-31
OlympianCity,Dining,454,Taiwan Bussan Hotpot,犇殿台灣火鍋,UG59-65,OlympianCity3 UGF,28800852,Mon - Sun: 11:30am - 10:00pm,,,18,Asian Cuisine,Hotpot,2022-01-31
OlympianCity,Dining,437,Tamago-EN たまご園,Tamago-EN たまご園,UG51,OlympianCity2 UGF,28154133,Mon - Sun: 12:00pm - 10:00pmLast order 9:30pm,,,18,Asian Cuisine,Japanese Restaurant,2022-01-31
OlympianCity,Dining,100,TamJai SamGor Mixian,譚仔三哥米線,G71A-B,OlympianCity2 GF,25110266,Mon - Sun: 11:00am - 10:00pmLast order 09:30pm,,,19,Chinese Cuisine,Noodles,2022-01-31
OlympianCity,Dining,95,TANG XIN XUAN,糖心軒,UG09,OlympianCity1 UGF,22714328,Mon - Sun: 10:00am - 10:00pm3:30pm-6:00pm break,,,19,Chinese Cuisine,Chinese Restaurant;Dim Sum,2022-01-31
OlympianCity,Dining,122,Tezukuri No Mise,手作之店,UG69,OlympianCity3 UGF,,"Mon - Sun, PH: 12:30pm - 09:30pm",,,7,Confectionery & Deli,Ice-cream,2022-01-31
OlympianCity,Dining,452,The Barn,滙天下,UG90,OlympianCity3 UGF,23866812,Mon - Sun: 11:00am - 09:00pm,,,7,Confectionery & Deli,Tea,2022-01-31
OlympianCity,Dining,442,The Point Kitchen,The Point Kitchen,105A,OlympianCity2 1F,36145430,Mon - Sun: 12:00pm - 10:00pm,,,21,Western Cuisine,Dessert;Italian Restaurant;Pasta;Pizza;Salad,2022-01-31
OlympianCity,Dining,353,TIGER SUGAR,老虎堂黑糖專売,G53,OlympianCity2 GF,26141717,Mon - Sun: 11:00am - 10:00pm,,,20,Café & Dessert,Bubble Tea;Taiwanese Drink,2022-01-31
OlympianCity,Dining,94,"Tim Ho Wan, Dim-Sum Specialist",添好運點心專門店,G72A-C,OlympianCity2 GF,23322896,Mon - Sun: 10:00am - 09:30pm,,,19,Chinese Cuisine,Dim Sum,2022-01-31
OlympianCity,Dining,325,TriStar Kitchen,三星台菜食堂,G71,OlympianCity2 GF,21809996,Mon - Sun: 12:00pm - 10:00pm,,,18,Asian Cuisine,Taiwanese Restaurant,2022-01-31
OlympianCity,Dining,99,Trusty Congee King,靠得住,UG72-73,OlympianCity2 UGF,27870211,Mon - Sun: 11:00am - 10:00pm,,,19,Chinese Cuisine,Congee;Noodles;Wonton,2022-01-31
OlympianCity,Dining,143,WATAMI Japanese Casual Restaurant,居食屋「和民」,106,OlympianCity1 1F,22714273,Mon - Sun: 11:30am - 10:00pmLast order 9:30pm,,,18,Asian Cuisine,Izakaya;Japanese Restaurant,2022-01-31
OlympianCity,Dining,460,Wine Peers,Wine Peers,UG43-45,OlympianCity3 UGF,21873406,Mon - Sun: 12:00pm - 09:00pm,,,7,Confectionery & Deli,Wine,2022-01-31
OlympianCity,Dining,138,Yaki ANA,穴居酒屋,UG50,OlympianCity2 UGF,23519878,Mon - Sun: 11:30am - 10:00pm,,,18,Asian Cuisine,Izakaya;Japanese Restaurant;Sake;Sashimi;Sushi,2022-01-31
OlympianCity,Dining,141,YOSHINOYA,吉野家,UG32-33,OlympianCity1 UGF,22714253,"Mon - Sun, PH: 07:00am - 10:00pm",,,18,Asian Cuisine,Japanese Restaurant;Ramen;Udon,2022-01-31
OlympianCity,Dining,158,ZAKKA,ZAKKA,G29,OlympianCity3 GF,24348718,"Mon - Fri: 11:00am - 09:00pmSat, Sun, PH: 08:30am - 09:00pm",,,21,Western Cuisine,,2022-01-31
OlympianCity,Dining,483,ZAN CHEE,ZAN CHEE,G09,OlympianCity2 GF,25380383,Mon - Sun: 11:00am - 09:00pm,,,7,Confectionery & Deli,Confectionery;Snack,2022-01-31
OlympianCity,Dining,497,金子半之助 • 天丼專門店 (Coming Soon),金子半之助 • 天丼專門店 (即將開幕),G29-G30,OlympianCity2 GF,,,,,18,Asian Cuisine,Japanese Restaurant,2022-01-31
